Myrta Gleichner PhD,974-690-1001,bryant.treutel@Kiehn-Abbott.com,Kiehn-Abbott
Allan Erdman,818.388.3194,jamika.roberts@Rosenbaum.com,Rosenbaum
Angella Batz,(206) 966-4983,graham.hansen@Schumm_LLC.com,Schumm LLC
Mrs. Hans Reichel,(927) 873-9746,sommer.fadel@Greenfelder.com,Greenfelder
Leigh Sawayn,(279) 361-8446,suzann.hessel@Price.com,Price
Kirby Monahan,498.787.2646,lachelle.marvin@Rodriguez_LLC.com,Rodriguez LLC
Mrs. Angelica Koch,105-197-7689,garret.jones@Greenfelder.com,Greenfelder
Rodrick Hansen Jr.,(401) 314-8641,lorena.hyatt@Kilback_LLC.com,Kilback LLC
Mariano Mertz I,1-859-384-0077,stuart.kohler@McClure_Inc.com,McClure Inc
Mr. Kattie Champlin,819.566.5838,michel.wyman@Cronin.com,Cronin
Austin Gusikowski,242.139.4458,katia.kub@Deckow_Group.com,Deckow Group
Eugenio Bauch,427.637.4713,jaime.feeney@Schaden-Sauer.com,Schaden-Sauer
Willetta Hand IV,1-103-648-7448,kaila.witting@Brekke_LLC.com,Brekke LLC
Sixta Powlowski,035.102.8219,madelene.schulist@Johns_LLC.com,Johns LLC
Kandi Reilly,(804) 353-7292,jeremy.harris@Nienow.com,Nienow
Cruz Reichert,1-268-508-1734,nickolas.king@Brakus_and_Sons.com,Brakus and Sons
Clarice Jacobi Sr.,689-934-7754,melanie.lowe@Johnston_Group.com,Johnston Group
Dr. Troy Bailey,078.493.1689,lelia.brakus@Bogisich-Schaefer.com,Bogisich-Schaefer
Ms. Chang Hagenes,(773) 166-5487,maurita.nolan@Spencer.com,Spencer
Dion Spencer PhD,136.028.1152,craig.lang@Beatty_and_Sons.com,Beatty and Sons
Princess Bauch,246.081.5491,roger.lemke@Abernathy_LLC.com,Abernathy LLC
Ms. Ellis Ernser,1-469-707-8252,demetrius.wuckert@Pouros.com,Pouros
Jared Parisian,321.405.3239,stanford.stracke@Turcotte_Inc.com,Turcotte Inc
Joye Williamson,485-429-6313,lyndsay.quitzon@Rath_Group.com,Rath Group
Jodi Dickens,685-825-6997,simon.hahn@Swaniawski.com,Swaniawski
Abram Strosin,1-550-811-7650,lane.abbott@Stamm_and_Sons.com,Stamm and Sons
Ms. Christy Kozey,320-111-8430,hiram.carroll@Murphy_Inc.com,Murphy Inc
Dirk Considine,1-833-618-2088,sebastian.koch@McGlynn_LLC.com,McGlynn LLC
Bennie Schulist,999.998.9691,rudy.hamill@Batz.com,Batz
Pamela Witting DVM,058.950.9314,jamaal.klocko@Jakubowski-Lubowitz.com,Jakubowski-Lubowitz
Tena Schuster,155.267.7873,mitch.altenwerth@Deckow_and_Sons.com,Deckow and Sons
Miss Andres Nolan,(655) 429-4100,piedad.quigley@Mann-Gibson.com,Mann-Gibson
Pedro Bogan,659.715.9564,steffanie.veum@Gutkowski-Willms.com,Gutkowski-Willms
Isaac Grady,614-331-6420,barbra.prohaska@Mohr.com,Mohr
Lianne McGlynn V,1-315-837-0470,janna.schaden@Braun.com,Braun
Pennie Purdy,1-814-941-0258,wenona.murray@Rogahn_Group.com,Rogahn Group
Sam Kreiger,1-776-640-6056,tyrell.bernier@Bednar-Denesik.com,Bednar-Denesik
Maurine Smitham IV,(845) 379-8818,cameron.doyle@Berge.com,Berge
Yulanda Murazik,(160) 360-9333,venus.feest@Windler_and_Sons.com,Windler and Sons
Blaine Moore I,1-764-085-9530,ileen.jakubowski@Brakus.com,Brakus
Mayola Hand,569.989.9874,drucilla.white@Ward_Inc.com,Ward Inc
Gerald Wolff PhD,(703) 649-9052,virgilio.hamill@Cassin.com,Cassin
Avelina Kunze,1-612-062-0823,alica.borer@Schuster_LLC.com,Schuster LLC
Theo Morar,937-480-0603,santina.wuckert@Schinner_and_Sons.com,Schinner and Sons
Ms. Oscar Satterfield,1-852-331-2114,dusty.durgan@Pacocha-Harber.com,Pacocha-Harber
Lakeesha Klocko III,1-870-202-9559,travis.padberg@Nader.com,Nader
Agustina Dibbert,1-429-816-6224,iona.yundt@Bins_Group.com,Bins Group
Sam Will,(329) 372-1436,bennett.kautzer@Gutmann.com,Gutmann
Edward Halvorson,531-892-8541,cassidy.kessler@Schiller_Inc.com,Schiller Inc
Guy Cruickshank,1-537-865-7734,lashon.kuvalis@Jones-Labadie.com,Jones-Labadie
Bertram Lueilwitz,(790) 147-8056,elsa.schmitt@Effertz.com,Effertz
Rusty Hintz,568.537.0894,virgen.cassin@Feil_Inc.com,Feil Inc
Danae Parker,299-199-6250,maddie.hudson@Kassulke-Ward.com,Kassulke-Ward
Nam Quigley,735.174.3774,clayton.reichel@Gerhold_LLC.com,Gerhold LLC
Mr. Vannessa Deckow,512.855.1465,kallie.farrell@Gaylord.com,Gaylord
Harvey Stoltenberg,244-653-2148,willie.ortiz@Becker.com,Becker
Johnetta Rau,1-959-826-0007,estell.leuschke@Rolfson_Inc.com,Rolfson Inc
Dr. Loise Hirthe,098.170.5456,kasey.spinka@Leffler_Inc.com,Leffler Inc
Frances Moore,1-875-473-5741,ahmad.schultz@Prohaska_LLC.com,Prohaska LLC
Orlando Sauer,1-923-286-7843,clay.nienow@Price.com,Price
Jamie Lehner,1-520-453-3113,marcelo.moen@Ferry.com,Ferry
Keneth Goldner MD,(067) 015-2336,tameka.collier@Kunde_LLC.com,Kunde LLC
Edna Cole,(145) 235-1270,sadie.kozey@Frami-O'Reilly.com,Frami-O'Reilly
Rickey Becker,576-520-7022,jeraldine.block@Doyle_Group.com,Doyle Group
Meta Wuckert,1-330-507-4382,audrie.ritchie@Mitchell-Johnson.com,Mitchell-Johnson
Shaun West Sr.,160.285.1734,zachery.beier@Rosenbaum.com,Rosenbaum
Lannie Monahan,405-643-8674,avelina.schoen@Corkery-Purdy.com,Corkery-Purdy
Ms. Ginny Collier,1-889-292-6351,elwood.gorczany@Champlin-Steuber.com,Champlin-Steuber
Elwood Simonis,706-662-2894,song.kohler@Schneider.com,Schneider
Keira Dickens MD,(457) 070-4225,dick.walter@Ruecker-Bode.com,Ruecker-Bode
Doyle Gusikowski,148-506-7818,carley.schaden@Carroll.com,Carroll
Adrian Bogisich,736.132.5541,alix.watsica@Wisozk.com,Wisozk
Jeremy Kuphal,1-095-637-9923,lilliam.murphy@Feest-Dietrich.com,Feest-Dietrich
Donnetta Reinger,1-727-568-4625,porfirio.gaylord@Hartmann_LLC.com,Hartmann LLC
Carolyne Ward Jr.,876-926-8159,jennifer.howell@Ledner_Inc.com,Ledner Inc
Tyesha Murray,511.577.9229,timmy.morar@Ullrich-Bergnaum.com,Ullrich-Bergnaum
Asley Romaguera,1-129-833-5573,russel.tromp@Gottlieb.com,Gottlieb
Miss Markus Witting,362.922.9191,bo.lesch@Pollich_and_Sons.com,Pollich and Sons
Daryl Mayert III,(483) 266-4681,jamar.smith@Cassin_LLC.com,Cassin LLC
Jerald Reichel,1-388-565-9233,maurice.dietrich@Mayert-Nienow.com,Mayert-Nienow
Alfonso Fahey,965.496.1148,andrea.bruen@Brakus_Inc.com,Brakus Inc
Gordon Hodkiewicz,171.207.1630,shawn.baumbach@Ward-Emard.com,Ward-Emard
Lindsay Schumm,315-616-8023,rea.larson@Homenick_LLC.com,Homenick LLC
Florene Lueilwitz,704-612-4587,spencer.macejkovic@Auer_and_Sons.com,Auer and Sons
Erich Wyman,052-638-6195,obdulia.predovic@Boyer.com,Boyer
Dr. Eugenio Rohan,215-938-8835,wilburn.williamson@Ebert.com,Ebert
Ms. Chadwick Mayert,(745) 634-2811,shasta.johnston@Paucek-Zemlak.com,Paucek-Zemlak
Zelma Ondricka II,1-594-097-9489,royce.grant@Von.com,Von
Shirleen Hammes II,(347) 107-5357,nathaniel.walker@McCullough-Welch.com,McCullough-Welch
Ms. Glenn Hettinger,1-709-509-8210,jack.parker@Rutherford.com,Rutherford
Milford Ritchie,153.579.0636,orval.howell@Farrell.com,Farrell
Anderson Parker,039-956-6083,corey.bernier@Roob.com,Roob
Heath Friesen,(367) 725-7522,marie.kozey@Gusikowski-Hand.com,Gusikowski-Hand
Valentin Kris,1-726-871-2528,jann.schultz@Ferry-Bashirian.com,Ferry-Bashirian
Aura Runolfsdottir V,1-966-453-6638,delmy.cole@Kuhn.com,Kuhn
Tawnya Balistreri,(288) 928-1645,berry.feeney@Mraz.com,Mraz
Morton Ondricka,653-749-6654,terrance.leuschke@Schultz_LLC.com,Schultz LLC
Dr. Eddy Nienow,(428) 395-9889,stefan.wisozk@Stracke.com,Stracke
Chung Beier,758-169-6485,janine.jacobson@Mante.com,Mante
Dick Kunde,(039) 703-0546,elvina.morar@O'Connell_Inc.com,O'Connell Inc
Chuck McCullough IV,1-953-840-2629,jeanice.aufderhar@Pouros_LLC.com,Pouros LLC
Adam Rath,314.529.2562,herbert.graham@Dibbert.com,Dibbert
Ardell Langworth,1-879-563-5212,jarod.swaniawski@Stoltenberg-Waters.com,Stoltenberg-Waters
Kendal Ratke,826.368.8145,ashley.kling@Murphy_Inc.com,Murphy Inc
Riley Pouros,(302) 069-6800,robbie.farrell@Wuckert_Group.com,Wuckert Group
Xiao Legros DDS,733.298.5595,leisha.kunze@Windler-Runolfsdottir.com,Windler-Runolfsdottir
Cruz O'Conner II,(446) 243-9823,loren.wilkinson@Farrell.com,Farrell
Maxima Rempel,(106) 971-9101,cleveland.beier@Orn_Inc.com,Orn Inc
Ms. Ricky Schmeler,1-511-731-2714,mireille.volkman@Hoeger-Witting.com,Hoeger-Witting
Edgar Bergnaum,(045) 336-8168,brandon.bahringer@Brown_and_Sons.com,Brown and Sons
Mr. Larhonda Franecki,(797) 800-5532,asuncion.bailey@Paucek_Inc.com,Paucek Inc
Nelia Emard I,1-931-106-4012,clarence.lehner@Morar_and_Sons.com,Morar and Sons
Wilbur Hammes,(290) 250-4224,cliff.batz@Lesch-Mayer.com,Lesch-Mayer
Dr. Arnulfo Terry,1-508-084-5513,shanna.langworth@Rosenbaum_and_Sons.com,Rosenbaum and Sons
Sara Ferry,(338) 317-3781,petronila.koch@Purdy_Inc.com,Purdy Inc
Mr. Cyril Cole,(542) 317-5893,sabina.gerhold@Wilderman.com,Wilderman
Veta Feil,1-798-280-1548,lynna.rodriguez@Reilly.com,Reilly
Vannesa Yundt,147.863.8278,cristopher.metz@Metz.com,Metz
Dionne Dooley,566.897.1825,milford.marquardt@Jakubowski.com,Jakubowski
Natosha Herman,758-188-2193,coleman.luettgen@Beer-Bernhard.com,Beer-Bernhard
Edward Schumm,293-310-6539,andre.marquardt@Koepp.com,Koepp
Mrs. Damon Hauck,042-898-4193,mercedez.schmeler@Grimes-Leannon.com,Grimes-Leannon
Dania McCullough,(708) 156-3249,kristofer.wunsch@Gaylord.com,Gaylord
Shanita Gusikowski,1-948-103-6729,carlene.shanahan@Yost-Bergstrom.com,Yost-Bergstrom
Emmett Larkin DVM,725.036.9719,herma.terry@Leuschke-Durgan.com,Leuschke-Durgan
Belkis Lemke,(562) 612-5624,jewel.jakubowski@Beatty.com,Beatty
Cayla Padberg,1-505-321-5092,harlan.romaguera@Reichert.com,Reichert
Ardell Bode,213-899-7630,marhta.marks@Klocko-Oberbrunner.com,Klocko-Oberbrunner
Elvia Brekke,623-539-8896,buena.lynch@Schuppe_LLC.com,Schuppe LLC
Merrill Windler,833-213-7420,ismael.rowe@Ruecker-Bahringer.com,Ruecker-Bahringer
Monique VonRueden,1-673-247-9208,jarvis.sawayn@Kuhn.com,Kuhn
Dr. Bud Funk,1-371-643-8558,quyen.raynor@Sauer.com,Sauer
Deloris Cruickshank,(275) 826-4493,sal.hessel@Zulauf-Greenfelder.com,Zulauf-Greenfelder
Tiffiny Swift,(979) 074-8736,regina.kilback@Fay-Nolan.com,Fay-Nolan
Murray Hauck,1-640-938-4374,bryanna.oreilly@Nienow_and_Sons.com,Nienow and Sons
Danilo Dietrich,1-427-524-8925,opal.schaden@Beahan_and_Sons.com,Beahan and Sons
Porter Stamm,924-870-3614,walker.jacobs@Swaniawski_and_Sons.com,Swaniawski and Sons
Aldo Torp,034-742-5615,johnathan.hill@Mayer_and_Sons.com,Mayer and Sons
Diego Bayer,243.931.2470,kerri.feil@Bergnaum.com,Bergnaum
Dusti Schultz,461-423-6230,barton.hermiston@Hegmann_and_Sons.com,Hegmann and Sons
Damon Waters,526.573.4262,annita.schmitt@Schneider.com,Schneider
Mac Spencer,483-351-5881,carrol.kuvalis@Zieme-Leannon.com,Zieme-Leannon
Kerstin Bogan,506.664.4121,nicholas.hessel@Pacocha-Farrell.com,Pacocha-Farrell
Nick Herzog,(097) 757-2078,ehtel.yost@Wisoky.com,Wisoky
Preston Kling,322-108-9206,natacha.stanton@Feeney.com,Feeney
Andrea Tromp,1-683-303-0517,bula.williamson@Stroman.com,Stroman
Claire Abbott,(954) 343-4929,evalyn.howe@Murray.com,Murray
Andres Bosco,(474) 209-8142,pierre.rau@Zulauf.com,Zulauf
Reta Gusikowski,(440) 329-0906,jamar.bogisich@Turcotte_Group.com,Turcotte Group
Mr. Otis Rowe,(461) 869-5463,jonah.bergstrom@Stoltenberg.com,Stoltenberg
Lida Schowalter,(576) 885-1926,maxima.mohr@Wintheiser.com,Wintheiser
Marc Padberg,(527) 866-5152,keturah.kreiger@Emard.com,Emard
Daren Will V,334.024.9711,betsey.mayer@Frami-Morissette.com,Frami-Morissette
Jacquelyn Murphy,501-695-4893,bonny.kihn@Nicolas.com,Nicolas
Dr. Emanuel Dibbert,767.625.2138,gaston.considine@Kautzer.com,Kautzer
Melina Metz,(844) 683-2561,benito.raynor@Hettinger_and_Sons.com,Hettinger and Sons
Renaldo Waelchi,659.248.0373,florence.will@Schroeder.com,Schroeder
Gerry Rogahn,(889) 478-3135,juliana.renner@Witting_Inc.com,Witting Inc
Dominic Blick,(400) 548-9094,marketta.schuster@Weissnat.com,Weissnat
Brittny Spencer,542-953-8089,erin.kiehn@Trantow-Little.com,Trantow-Little
Dr. Lila Carter,(639) 616-9557,royce.herman@Kemmer.com,Kemmer
Javier Hettinger,1-522-463-9313,victor.corkery@Zemlak-Corwin.com,Zemlak-Corwin
Mrs. Celine Schamberger,917-549-8913,dillon.koss@McKenzie_LLC.com,McKenzie LLC
Rebecca Koss,056-612-8966,eli.balistreri@Ryan.com,Ryan
Miss Irene Pollich,774.812.9514,augustine.baumbach@Bosco_LLC.com,Bosco LLC
Nickole Watsica,(550) 146-5703,bo.cormier@Rosenbaum-Pfeffer.com,Rosenbaum-Pfeffer
Dr. Cedrick Trantow,(718) 649-5940,savanna.romaguera@Kertzmann_and_Sons.com,Kertzmann and Sons
Nona Auer,643-316-6593,larue.deckow@Ziemann_Group.com,Ziemann Group
Mr. Solomon Hettinger,1-485-696-1910,lawerence.shields@Heaney.com,Heaney
Ivonne Dietrich,562-918-3203,nan.mitchell@Lesch-O'Hara.com,Lesch-O'Hara
Debi Turner,1-601-230-3409,ardell.reynolds@Homenick-Howell.com,Homenick-Howell
Juan Stamm,(326) 830-1124,gustavo.senger@Witting-Hill.com,Witting-Hill
Roy Will DVM,(667) 205-2199,annie.deckow@Leannon.com,Leannon
Hellen Gleason,1-699-127-0723,evelyne.spencer@Abbott-Kassulke.com,Abbott-Kassulke
Basil Treutel DVM,302-643-1955,kiara.zemlak@Bechtelar-Macejkovic.com,Bechtelar-Macejkovic
Numbers Klein,(413) 538-4209,william.sipes@Renner.com,Renner
Roberto Cummerata II,(101) 089-3576,gerard.schmidt@Mayert-Grant.com,Mayert-Grant
Patrick Walter,951.289.4100,margaretta.johnson@Pacocha_and_Sons.com,Pacocha and Sons
Elwood Raynor,1-133-707-8336,azzie.schneider@White_Group.com,White Group
Tamar Rutherford,1-896-250-6061,marcella.schuppe@Botsford.com,Botsford
Caleb Kuhic,198.884.1844,anisa.bogan@Swift.com,Swift
Young Green,(337) 299-7799,jan.hamill@Gerhold.com,Gerhold
Freddy Zemlak,278.060.9758,sid.marvin@Kiehn.com,Kiehn
German Shields,510-478-7817,delorse.adams@Schmitt_LLC.com,Schmitt LLC
Arlene Douglas,(846) 046-0090,noah.bechtelar@Bogisich.com,Bogisich
Jack Marquardt DVM,1-064-356-4261,nery.bode@Rutherford.com,Rutherford
Mrs. Chet Heidenreich,912-322-2831,rae.weissnat@VonRueden-Altenwerth.com,VonRueden-Altenwerth
Rhett Hayes,1-288-925-9281,arlie.fahey@Johnson_and_Sons.com,Johnson and Sons
Elida Rutherford PhD,217.210.2041,tonia.jakubowski@Krajcik.com,Krajcik
Rosie Jenkins I,1-666-569-7070,isa.shields@Lebsack_LLC.com,Lebsack LLC
Emerson Bruen,(686) 934-4969,iola.johnson@Ryan_LLC.com,Ryan LLC
Damon McClure I,(310) 367-9937,josette.block@Collier-Block.com,Collier-Block
Loraine Lockman DVM,1-096-654-8207,mose.grant@Wehner_LLC.com,Wehner LLC
Delois Metz,254-333-9261,logan.kilback@Considine-Nolan.com,Considine-Nolan
Teddy Dare II,1-286-087-8357,lynwood.thompson@Stanton.com,Stanton
Dante Kub,518.915.1560,sebrina.emard@Langworth.com,Langworth
Shanna Senger,788.013.2809,effie.sipes@Senger.com,Senger
Barney Ebert,398-138-8386,willodean.jakubowski@Rowe-Schultz.com,Rowe-Schultz
Sharla Shields,(710) 578-7448,coy.gaylord@Lang-Mraz.com,Lang-Mraz
Shelby Daniel,029-715-4447,ernie.weimann@Kulas_and_Sons.com,Kulas and Sons
Myung Blanda,601-449-1020,tequila.mcglynn@Bartoletti-Mante.com,Bartoletti-Mante
Mike Hane,(231) 993-9810,melinda.bruen@Boyer_LLC.com,Boyer LLC
Caryn Rempel,1-263-639-4697,mazie.rau@Green.com,Green
Hank Oberbrunner,(364) 574-1074,christian.connelly@Deckow-Strosin.com,Deckow-Strosin
Yu Howell,1-596-011-9034,lily.torphy@Schroeder_Inc.com,Schroeder Inc
Alpha Sawayn I,635.207.6815,chung.becker@Hoppe-Cremin.com,Hoppe-Cremin
Mrs. Chance Reichel,817-833-9109,tracy.mcclure@Nitzsche.com,Nitzsche
Juliann Murray,1-035-369-0291,michel.robel@Hessel-Howell.com,Hessel-Howell
Lino Parker I,(935) 363-6594,dorotha.harris@Hagenes.com,Hagenes
Izetta Osinski V,497-747-4595,denny.runte@Connelly-Wolff.com,Connelly-Wolff
Gerardo Quitzon,1-887-899-1999,marcos.cassin@Lakin-Zemlak.com,Lakin-Zemlak
Demarcus Bogan,991.220.8346,sterling.herman@Prosacco-Roob.com,Prosacco-Roob
Blaine Willms,903.736.8526,kai.langworth@Pouros_Group.com,Pouros Group
Mr. Ruth Botsford,631-394-8267,albertine.klocko@Stoltenberg_Inc.com,Stoltenberg Inc
Danilo Connelly,(040) 501-1274,lurline.ohara@Lynch_LLC.com,Lynch LLC
Jonathan Mosciski IV,(486) 320-7977,heidi.wyman@Dickinson_LLC.com,Dickinson LLC
Katharyn Mante,(024) 449-8241,vanda.brakus@Daugherty-McClure.com,Daugherty-McClure
Deb Doyle,1-618-151-2398,clayton.osinski@Torphy_Inc.com,Torphy Inc
Sidney Heathcote,(508) 698-1059,mohamed.wisoky@O'Hara-Nienow.com,O'Hara-Nienow
Veola Littel,075.544.0423,essie.jast@Olson.com,Olson
Miss Claire Grant,1-137-323-1968,thad.rolfson@Wyman_and_Sons.com,Wyman and Sons
Mckinley Durgan,(973) 491-8219,malena.walsh@Kub.com,Kub
Reagan Robel,657-593-7284,torie.durgan@Reinger_Group.com,Reinger Group
Grady Skiles III,960-037-8324,kathryne.schmitt@Brakus.com,Brakus
Missy Haag,766-707-7142,samual.turner@Dickinson-Stoltenberg.com,Dickinson-Stoltenberg
Kenisha Connelly,(288) 361-5788,rubye.yost@Maggio_LLC.com,Maggio LLC
Lorine Ziemann,1-018-610-4056,wilfred.volkman@Boyer.com,Boyer
Sabina Moore,177-313-3654,melia.green@Maggio.com,Maggio
Janae Rempel,(429) 830-4449,janina.treutel@Kutch-Nikolaus.com,Kutch-Nikolaus
Spencer Wintheiser,728.563.8343,gina.bernhard@Bogan_and_Sons.com,Bogan and Sons
Ms. Christopher Torphy,1-139-389-5900,shelton.reilly@Toy_Inc.com,Toy Inc
Chiquita Ratke I,1-717-619-1341,rosalind.schowalter@Koss-Effertz.com,Koss-Effertz
Elwood Luettgen DDS,535-412-0136,diego.ferry@Kerluke_Group.com,Kerluke Group
Douglass Hahn III,237-409-8688,margaret.damore@Hyatt.com,Hyatt
Robert Legros,1-279-174-4540,norris.thiel@Stiedemann_LLC.com,Stiedemann LLC
Quintin Nader IV,(825) 212-8275,roberto.greenholt@Stracke.com,Stracke
Franklin Quigley,551-724-0781,beverlee.jacobi@Davis-Fahey.com,Davis-Fahey
Dr. Avis Beahan,(385) 880-8438,beata.morar@Batz-Satterfield.com,Batz-Satterfield
Rex Doyle DDS,187.152.9913,chadwick.gutmann@McCullough_and_Sons.com,McCullough and Sons
Nickolas Jakubowski,1-102-271-6990,tori.buckridge@Maggio_Group.com,Maggio Group
Carmelo Hamill,862.905.0895,tuyet.reichel@Rogahn-Keeling.com,Rogahn-Keeling
Evita Zboncak,788.716.4087,marivel.kessler@Zemlak.com,Zemlak
Tonita Langosh,1-566-656-5475,edward.mohr@Wilkinson_Group.com,Wilkinson Group
Rudy Lehner,1-480-305-8706,elza.yost@Spinka.com,Spinka
Lai Skiles,339.500.1790,mac.gutmann@Hudson.com,Hudson
Dr. Patricia Prohaska,1-584-908-7549,millicent.feil@Wintheiser-Huel.com,Wintheiser-Huel
Rickie Leffler,291.902.6063,kristofer.pouros@Botsford_LLC.com,Botsford LLC
Oliver Ondricka,(195) 358-8676,collette.king@Prosacco_Group.com,Prosacco Group
Cyrus Dietrich,571-526-1792,adriene.moen@Murphy-Feil.com,Murphy-Feil
Junior Williamson,730.195.3886,herb.nader@Christiansen.com,Christiansen
Gonzalo Jakubowski PhD,879.242.8047,levi.bins@Schmeler.com,Schmeler
Elliott Auer DDS,(468) 465-8064,domingo.champlin@Welch_and_Sons.com,Welch and Sons
Ronnie Kuphal,(684) 997-6637,veola.strosin@West-Schaden.com,West-Schaden
Louise Kulas,(630) 174-6697,michel.windler@Bergnaum_Group.com,Bergnaum Group
Miss Willie Jacobs,776.606.2091,vina.schmeler@Ratke_LLC.com,Ratke LLC
Terresa Beier,(526) 021-6324,una.ohara@Heathcote-Ebert.com,Heathcote-Ebert
Cyril Wintheiser Jr.,1-581-176-2988,zackary.mueller@Dibbert.com,Dibbert
Blair Wiegand,255.777.2061,berneice.monahan@Robel-Hyatt.com,Robel-Hyatt
Connie Halvorson,(538) 458-4501,fernanda.ferry@Dibbert_Inc.com,Dibbert Inc
Lester Lang,073-982-6068,thanh.beier@Medhurst.com,Medhurst
Ian Predovic,(424) 955-5111,beata.feest@Douglas.com,Douglas
Reginald Collins,595-657-2098,jim.morissette@Flatley_Group.com,Flatley Group
Bennie Rolfson,(759) 137-4208,lucio.oconner@Beer-Schultz.com,Beer-Schultz
Carlos Kertzmann Jr.,241-625-1669,isidro.oconner@Ferry.com,Ferry
Virgilio Ward,663.109.0591,madlyn.hoppe@Waters_Group.com,Waters Group
Garth Witting DVM,1-043-520-3081,felisha.macgyver@Stracke.com,Stracke
Ms. Aubrey Moore,(046) 947-8759,zachariah.wunsch@Wiegand.com,Wiegand
Marcellus Walker,1-295-747-5113,danica.denesik@Moen-Yundt.com,Moen-Yundt
Micheline Abbott,1-319-328-7663,nenita.bergnaum@King-Ortiz.com,King-Ortiz
Mrs. Joelle Powlowski,212-079-3264,mauro.kutch@Huels-Veum.com,Huels-Veum
Claretha Grimes,(350) 098-9612,scottie.bashirian@Funk-Rodriguez.com,Funk-Rodriguez
Leida White,991-664-5873,dillon.fritsch@Labadie.com,Labadie
Lyman Mohr,662-573-9231,tommy.zemlak@Vandervort_and_Sons.com,Vandervort and Sons
Mr. Leesa Nienow,452-614-1134,donny.romaguera@Labadie_Group.com,Labadie Group
Monte Cormier,(803) 233-0692,walter.abernathy@Barrows_and_Sons.com,Barrows and Sons
Abbey Crona,066.674.3347,damion.legros@Gutkowski-Murphy.com,Gutkowski-Murphy
Vito Zieme DVM,825-418-3513,arlene.stark@Terry.com,Terry
Les Armstrong,692.983.9091,louie.botsford@Price.com,Price
Vania Collins,(227) 444-9200,jordan.ankunding@Wilderman_Inc.com,Wilderman Inc
Joya Jacobson III,1-401-949-0844,tommy.willms@Ritchie-Walter.com,Ritchie-Walter
Duane Renner,950-331-6987,ernie.considine@Treutel_Group.com,Treutel Group
Ms. Gabriel Bogan,(031) 618-5764,cleo.paucek@Oberbrunner-Volkman.com,Oberbrunner-Volkman
Morris Veum,1-574-987-8345,desiree.lakin@Beahan-Barrows.com,Beahan-Barrows
Lilian Cummings,(812) 024-7058,jorge.corkery@Rempel.com,Rempel
Frederic Franecki V,469.359.4946,stevie.fisher@Haley.com,Haley
Cherri Glover,397-141-0694,carylon.hagenes@Beier_Inc.com,Beier Inc
Ms. Darwin Blick,(213) 431-2392,belia.orn@Murazik.com,Murazik
Zachariah Koch,155-066-1802,sal.lesch@Greenholt.com,Greenholt
Merle Bernier V,257.017.7980,moshe.lehner@Kuphal.com,Kuphal
Jewel Stiedemann,(809) 750-1423,eusebio.von@Lubowitz.com,Lubowitz
Nathaniel Wolf,1-853-157-1260,ashlyn.graham@Schumm-D'Amore.com,Schumm-D'Amore
Fernando Stanton,068-204-3886,robbie.schinner@Smitham_Inc.com,Smitham Inc
Bret Hilpert,(883) 646-3263,caleb.rosenbaum@Rohan-Braun.com,Rohan-Braun
Edwardo Stanton,(961) 755-3656,vergie.kiehn@Pfeffer_Group.com,Pfeffer Group
Angelica Daniel,615.722.5932,sammie.fisher@Gutmann.com,Gutmann
Dustin Huels,186-242-7074,shona.wisozk@Buckridge_LLC.com,Buckridge LLC
Omer Graham,812.678.0065,wendie.white@Goodwin-Rohan.com,Goodwin-Rohan
Cary Gutkowski,441-902-0790,leonor.jacobs@Quigley.com,Quigley
Ted Kuhlman,(095) 199-3531,jamar.nienow@Larson.com,Larson
Deshawn Kunde,(830) 513-4507,silva.hettinger@Mante_Inc.com,Mante Inc
Azucena Harris PhD,175-240-3219,lucio.jaskolski@Walter-Monahan.com,Walter-Monahan
Brandi Cummings DDS,(212) 014-6175,anton.gibson@Heidenreich-Kreiger.com,Heidenreich-Kreiger
Modesto Connelly,959-716-5503,wm.conn@Medhurst_Group.com,Medhurst Group
Miss Sharan Block,(302) 153-7003,renaldo.huels@Williamson-Mitchell.com,Williamson-Mitchell
Wally Dicki,120.399.2895,kathi.ondricka@Reichel_Group.com,Reichel Group
Rodrigo Bayer,1-562-041-2677,wm.brekke@Koss_Inc.com,Koss Inc
Lawerence Steuber,041.868.8871,aron.lesch@Schulist-Metz.com,Schulist-Metz
Britt Aufderhar,063-002-5056,chang.johnston@Torp-Swift.com,Torp-Swift
Christopher Hirthe,025.816.6999,syreeta.fritsch@Kozey-Smitham.com,Kozey-Smitham
Rikki Bayer DDS,133.217.7557,roland.berge@Zemlak.com,Zemlak
Sharita Quigley V,805-641-0217,rudolph.bernier@Stroman_Group.com,Stroman Group
Krystal Collins,1-334-285-0133,carri.reilly@Weimann.com,Weimann
Connie Kuhic,(674) 464-7121,laurinda.anderson@White-Johns.com,White-Johns
Dr. Winnie Price,1-103-294-1015,cindi.frami@Carter_LLC.com,Carter LLC
Aura Gottlieb,086.012.6607,versie.abshire@Goldner-Zboncak.com,Goldner-Zboncak
Galen Will,(480) 990-4128,elaine.konopelski@Dach.com,Dach
Tony Lueilwitz,1-829-384-1677,marshall.olson@Schoen.com,Schoen
Lane Schulist III,(805) 186-9028,digna.schaden@Flatley.com,Flatley
Eugenia Schimmel,(819) 335-9707,cleveland.schowalter@Wyman-Hane.com,Wyman-Hane
Dr. Deon Mayer,909.725.7482,jarrod.kuhic@Collins-Blanda.com,Collins-Blanda
Florence Klocko,758.474.8377,chuck.kling@Abshire.com,Abshire
Del Wintheiser,1-208-880-4312,aubrey.bartoletti@Bechtelar.com,Bechtelar
Ms. Willena Lesch,446-949-0284,garrett.murphy@West.com,West
Porter Fahey,1-247-958-2509,sadie.jaskolski@Russel-Johns.com,Russel-Johns
Miss Chad Sawayn,216-370-5803,wendolyn.reilly@Kautzer_Inc.com,Kautzer Inc
Jermaine Koepp III,402.457.8798,sonny.cruickshank@Beier.com,Beier
Mrs. Taina Brown,768-334-0489,maynard.schimmel@Zboncak.com,Zboncak
Gavin Luettgen,619.019.2905,margie.ritchie@Zulauf_LLC.com,Zulauf LLC
Eladia Haley,221-203-2087,fermina.grimes@Langworth.com,Langworth
Danial Kuhic,954-920-0482,trinidad.batz@Orn.com,Orn
Cody Monahan,960.655.0716,jason.abbott@Muller.com,Muller
Buck Lebsack,1-209-576-5004,man.considine@Krajcik-Champlin.com,Krajcik-Champlin
Miss Elton Koepp,1-269-309-0430,farrah.bauch@Gaylord.com,Gaylord
Phillip Hamill Sr.,(745) 831-8658,waldo.gleichner@Cormier_Inc.com,Cormier Inc
Inell O'Kon,332-166-7564,bonny.armstrong@Price.com,Price
Lakia Runolfsson,915-552-7535,inge.lemke@MacGyver-Harber.com,MacGyver-Harber
Jolynn Hegmann,153-313-3812,gilbert.cremin@Ledner-McLaughlin.com,Ledner-McLaughlin
Maria Cronin,(560) 200-0857,santos.conroy@Gutkowski.com,Gutkowski
Wan Becker,582-151-0111,sidney.boehm@Medhurst_Inc.com,Medhurst Inc
Loyd Nienow,(343) 204-8577,barney.leannon@Raynor.com,Raynor
Antonia Quigley,050.515.9426,joshua.kozey@Wilkinson.com,Wilkinson
Dan Kunze,1-628-810-7252,sammie.ziemann@Hammes.com,Hammes
Bennett Fay,413-356-1266,mui.price@Kshlerin.com,Kshlerin
Dr. Donn Kuphal,1-948-902-7227,nam.renner@Gusikowski_LLC.com,Gusikowski LLC
Dr. Calista Lakin,(190) 324-8503,samella.leannon@Bernhard.com,Bernhard
Cassy Ankunding,365-801-7023,marcelo.quitzon@Crona_Inc.com,Crona Inc
Lindsey Hodkiewicz I,553-864-7307,dori.bradtke@Schuster-Waelchi.com,Schuster-Waelchi
Jann Kuvalis,312.310.0270,cordie.schultz@Williamson-Friesen.com,Williamson-Friesen
Roscoe Kovacek,212.089.0521,millard.kautzer@Ruecker-Ankunding.com,Ruecker-Ankunding
Charles Rosenbaum,017.928.2972,abbie.mayer@Thiel_Group.com,Thiel Group
Veta Macejkovic Jr.,933.669.3881,barbar.cole@Koch.com,Koch
Leota Swaniawski,1-352-415-7166,rolf.champlin@Feest.com,Feest
Judy Conn PhD,1-630-188-7760,peg.champlin@O'Kon_Group.com,O'Kon Group
Reid Goodwin,471.632.3916,hsiu.marvin@Ullrich-Hirthe.com,Ullrich-Hirthe
Tami Purdy,058-582-8555,shelton.krajcik@Pfeffer_Group.com,Pfeffer Group
Denis Parisian,1-186-520-9477,miguel.jerde@Skiles-Turner.com,Skiles-Turner
Ione Schulist,(723) 557-5761,dannie.raynor@Stiedemann_LLC.com,Stiedemann LLC
Sofia Hessel,096.058.8740,armand.jast@Kiehn-Franecki.com,Kiehn-Franecki
Myong Yundt PhD,(330) 782-7309,henriette.little@Torp-Simonis.com,Torp-Simonis
Tommie Kub,1-778-464-4596,berna.stiedemann@Littel_and_Sons.com,Littel and Sons
Maya Raynor,405.557.4595,alise.volkman@Schulist_LLC.com,Schulist LLC
Serafina Baumbach,935.956.8485,king.berge@Schmidt-Donnelly.com,Schmidt-Donnelly
Emil Steuber,1-502-182-1849,brendan.rogahn@Sauer.com,Sauer
Enriqueta Hermiston,143.096.1220,eustolia.deckow@Ankunding.com,Ankunding
Laurette Schiller,780.944.3750,floria.murazik@Barrows_LLC.com,Barrows LLC
Bret Sipes,(787) 460-1183,maxine.oberbrunner@Boyer_Group.com,Boyer Group
Nadia Ferry,(479) 007-9001,merlyn.miller@Bartell-Cremin.com,Bartell-Cremin
Fiona Larkin,341.243.9547,vern.ernser@Heller_Inc.com,Heller Inc
Miss Bradford Batz,523-816-8148,cruz.schaden@Watsica.com,Watsica
Amada Flatley,1-498-772-8227,carol.stamm@Connelly_Inc.com,Connelly Inc
Omar Bailey I,228.548.7199,luisa.quitzon@Goyette.com,Goyette
Lucio Gutmann,1-148-002-1132,eleonore.nicolas@Schulist-Gorczany.com,Schulist-Gorczany
Dominick Kshlerin,540-137-3489,sue.bernhard@Denesik-Denesik.com,Denesik-Denesik
Tona Kautzer,715.989.3469,ouida.casper@Sawayn-Herzog.com,Sawayn-Herzog
Miss Bart Turcotte,1-664-680-6374,rickie.bauch@Fisher_and_Sons.com,Fisher and Sons
Mrs. Emogene Donnelly,1-057-353-0165,lucia.kessler@Hermann-Will.com,Hermann-Will
Cleopatra Schowalter,952-195-5766,edison.donnelly@Schamberger.com,Schamberger
Kurt Ruecker,778.828.0079,era.botsford@Friesen.com,Friesen
Ms. Mickey Grimes,750.511.7725,josie.wiza@Boehm-Rolfson.com,Boehm-Rolfson
Genevieve Goldner,(378) 533-7683,buddy.effertz@Greenfelder_Inc.com,Greenfelder Inc
Gerardo Gutkowski,(922) 587-8621,lorean.schowalter@Shields-Willms.com,Shields-Willms
Lanette Senger,512-092-6280,zulema.mclaughlin@Ebert.com,Ebert
Shala Gottlieb,1-477-123-8574,maudie.beatty@Tremblay-Beer.com,Tremblay-Beer
Dr. Tommy Heidenreich,280.830.5614,marcia.goldner@DuBuque-Spinka.com,DuBuque-Spinka
Dr. Kerry Ward,(805) 363-9955,roosevelt.kling@VonRueden-Swift.com,VonRueden-Swift
Miss Blair Toy,1-757-154-3482,josephine.dooley@Hilpert.com,Hilpert
Miss Darcey Towne,438-087-1286,roseanna.sporer@Emard_Group.com,Emard Group
Cassidy Hoppe,315-293-8974,orpha.hoeger@Crist.com,Crist
Felicita Tillman,663-164-9669,alanna.emmerich@Lebsack.com,Lebsack
Georgene Kutch,(720) 952-5115,brendon.halvorson@Sipes.com,Sipes
Keira Crooks,131.499.9173,drusilla.medhurst@Cummerata-Donnelly.com,Cummerata-Donnelly
Jerrell Ankunding,582-534-5916,nick.kerluke@Gislason-Bayer.com,Gislason-Bayer
Rich Rosenbaum,142-887-1296,eddy.marks@Kris.com,Kris
Roselia Witting,692-352-3029,glory.feest@Dickinson_and_Sons.com,Dickinson and Sons
Fay Funk,804-158-5088,rusty.oconnell@Reichert-Grady.com,Reichert-Grady
Indira Schamberger,802-478-7266,livia.nader@Gottlieb.com,Gottlieb
Edwin Weissnat,398-070-5259,garfield.predovic@Carroll.com,Carroll
Miss Toi Schulist,572-038-1870,sonia.mosciski@Hintz-Romaguera.com,Hintz-Romaguera
Floyd Boehm,1-119-616-6463,boris.hamill@Stanton.com,Stanton
Ms. Newton Will,1-598-523-2638,lupe.mueller@Aufderhar-Erdman.com,Aufderhar-Erdman
Junior Auer,863.549.1289,genie.walter@Murazik.com,Murazik
Elijah Ritchie Jr.,(836) 523-8035,lela.harris@Kris.com,Kris
Gala O'Keefe,113-397-0777,cherlyn.kuhn@Wiza.com,Wiza
Napoleon Runolfsson V,682.659.7678,sherlyn.herzog@Dare-Dare.com,Dare-Dare
Delbert Senger,1-435-903-3553,winford.dooley@Satterfield_LLC.com,Satterfield LLC
Miss Royal Jacobi,808.330.5455,leisa.shields@Romaguera.com,Romaguera
Lucina Runolfsdottir II,1-612-965-5290,stephaine.nader@O'Conner_Inc.com,O'Conner Inc
Dr. Margarito Flatley,(178) 004-5325,matthew.brekke@Johnston.com,Johnston
Vito Rath,(657) 072-1280,chana.mitchell@Stroman_and_Sons.com,Stroman and Sons
Sherril Skiles MD,253.798.2944,benny.spencer@Goodwin_Inc.com,Goodwin Inc
Arron Wiza MD,(296) 905-2278,lesli.hintz@Gaylord.com,Gaylord
Rosario Kling,227.907.8121,alonso.kuhic@Gaylord-Franecki.com,Gaylord-Franecki
Stacee Greenholt,1-598-254-3909,ross.rempel@Boyer_and_Sons.com,Boyer and Sons
Lucien Ebert,1-579-516-3302,lizabeth.cruickshank@Wilderman_LLC.com,Wilderman LLC
Joelle Rogahn,881-782-8122,cinderella.balistreri@Marvin.com,Marvin
Benito Lynch,1-085-199-4856,yoshie.miller@Smitham_LLC.com,Smitham LLC
Mr. Tomiko Ryan,953-104-6437,terence.cassin@Windler_LLC.com,Windler LLC
Eldon Zemlak Jr.,479.148.8877,ronny.green@Stokes_Group.com,Stokes Group
Jerrold Leffler,670.722.1986,enriqueta.schinner@Murray.com,Murray
Olin Abernathy,528.629.1978,gerard.bode@Leuschke_LLC.com,Leuschke LLC
Jamel Feeney,1-368-398-4127,rolande.stiedemann@Harber_Group.com,Harber Group
Mirian O'Reilly,(371) 412-0618,vallie.berge@Homenick_and_Sons.com,Homenick and Sons
Waylon Pouros,1-025-062-2549,lakeshia.witting@Aufderhar-Kuhic.com,Aufderhar-Kuhic
Candance Bruen,396.413.9383,leah.tillman@Crona-Kertzmann.com,Crona-Kertzmann
Rosalinda Miller,941-554-4341,myung.bernier@Herman.com,Herman
Dewayne Reilly,(873) 296-5149,phyliss.welch@Littel_Inc.com,Littel Inc
Clarence Schoen,566.195.6986,nina.quitzon@Bruen_Group.com,Bruen Group
Roseann Heaney,676-965-6107,bobbie.effertz@Jast-Klein.com,Jast-Klein
Sidney Donnelly,248.991.4540,gabriele.considine@Schmitt-Schultz.com,Schmitt-Schultz
Roosevelt Stehr,598.707.1532,joanne.kautzer@Ruecker_Inc.com,Ruecker Inc
Leta Schmidt,545-099-2299,florinda.schuppe@Conn.com,Conn
Magnolia Osinski,(518) 584-7176,mellisa.pacocha@Upton-Trantow.com,Upton-Trantow
Ben Ortiz,(603) 334-6756,carolyn.cummings@Dooley_and_Sons.com,Dooley and Sons
Melonie Schuppe,677-025-4029,chang.hansen@Hahn.com,Hahn
Ms. Deanne Weber,368-222-9363,dewitt.orn@Carroll_LLC.com,Carroll LLC
Amos Gutkowski,693.871.9066,dinah.christiansen@Zulauf_Group.com,Zulauf Group
Ellsworth Hilpert II,229.291.1162,bong.thiel@Harris_Group.com,Harris Group
Dr. Marisha O'Connell,(037) 852-6069,melida.halvorson@Jacobs.com,Jacobs
Ms. Genaro Gerhold,197-867-2073,kandi.ortiz@Roob-Shanahan.com,Roob-Shanahan
Zack Hoppe DVM,923-016-4560,marguerite.toy@Kunze_Inc.com,Kunze Inc
Josh Bartell,(866) 876-6081,daria.dach@Kilback-Jakubowski.com,Kilback-Jakubowski
Odell Abernathy,954-887-6327,julio.kunde@DuBuque-Wunsch.com,DuBuque-Wunsch
Bob Von,871-204-0354,nisha.klocko@Zemlak-Wehner.com,Zemlak-Wehner
Ms. Robbin Lang,(656) 891-7696,angelyn.schaefer@Glover-Hammes.com,Glover-Hammes
Cleo Ernser IV,1-820-330-7523,roselle.stoltenberg@Bosco_Inc.com,Bosco Inc
Alva Zieme,(289) 081-3230,damien.pagac@Grady-Blick.com,Grady-Blick
Elizebeth Crooks,1-231-822-7918,tamesha.morar@Rempel.com,Rempel
Anamaria Hermann,570-570-6151,elmer.ernser@Bernhard.com,Bernhard
Rocco Hansen,(035) 890-5859,gilda.block@Kihn-Waelchi.com,Kihn-Waelchi
Rueben Dibbert V,833-849-8163,petra.stanton@Conn_Inc.com,Conn Inc
Mrs. Layla Tillman,1-643-431-4708,betsy.auer@Boehm-Hagenes.com,Boehm-Hagenes
Miss Gustavo Donnelly,1-107-722-9518,alexa.halvorson@Auer-Pfannerstill.com,Auer-Pfannerstill
Mathew Zieme,539.643.2829,salvador.krajcik@McGlynn_and_Sons.com,McGlynn and Sons
Porsche Jacobson,1-364-985-3572,cheryll.schuster@Predovic.com,Predovic
Roy Casper,786.084.9128,colin.altenwerth@Lang-Macejkovic.com,Lang-Macejkovic
Janella Ebert,190.084.4423,karri.schmidt@Weimann_and_Sons.com,Weimann and Sons
Mrs. Steven Dickinson,(835) 179-0174,ali.shields@Stanton-Hane.com,Stanton-Hane
Dr. Nolan Kuhic,1-071-288-7132,maximo.walker@Schmeler-Reilly.com,Schmeler-Reilly
Glynis Trantow,675.647.0715,marya.jaskolski@Daugherty-Waters.com,Daugherty-Waters
Roger Kling,1-334-883-9828,fritz.buckridge@Trantow.com,Trantow
Lavone Weissnat III,(477) 074-8439,jesenia.beier@Boyer.com,Boyer
Tod Barton,(208) 534-5726,cherly.gutkowski@Konopelski-Stehr.com,Konopelski-Stehr
Ms. Allegra Hudson,(842) 303-9648,seth.stamm@Legros_Inc.com,Legros Inc
Renae Kuhn,1-843-652-7657,marty.stanton@Weissnat-Hilpert.com,Weissnat-Hilpert
Violette Blick,1-653-576-4139,emelina.wuckert@Schowalter.com,Schowalter
Oleta White,1-285-988-2106,marlen.mclaughlin@Trantow_LLC.com,Trantow LLC
Dayle Schmeler,534-346-3706,rickie.rosenbaum@Barrows_LLC.com,Barrows LLC
Minh Wilkinson,707-828-8688,hyo.ledner@Bernhard.com,Bernhard
Sandy O'Reilly DDS,(971) 270-6239,rubin.heller@Hauck_Group.com,Hauck Group
Ms. Arturo Ratke,926-738-3532,charlette.kris@Predovic_Inc.com,Predovic Inc
Wilda Glover,988.361.5777,keisha.doyle@Ritchie.com,Ritchie
Gavin Mosciski,(905) 424-8184,normand.wiza@Dickens-Kub.com,Dickens-Kub
Arletha Baumbach,1-461-067-5838,dwain.renner@Padberg_Group.com,Padberg Group
Ryan Bruen,1-939-205-4763,matt.friesen@Olson.com,Olson
Miss Erasmo Daugherty,598.038.9269,will.pfannerstill@Reinger_Group.com,Reinger Group
Antone Witting,(721) 070-0243,erline.konopelski@Grimes-Gutkowski.com,Grimes-Gutkowski
Theola Pollich,(431) 549-0858,wilton.weber@Ritchie-Hodkiewicz.com,Ritchie-Hodkiewicz
Solange Jones,1-423-998-9849,althea.christiansen@Abbott-Simonis.com,Abbott-Simonis
Miss Nicky Nolan,679.717.8965,gary.simonis@Koepp-Hermiston.com,Koepp-Hermiston
Jeffry Sauer,(016) 321-0323,francisco.baumbach@Gutmann_Inc.com,Gutmann Inc
Ms. Mark Bechtelar,645-471-7387,roland.koepp@Deckow-Schmeler.com,Deckow-Schmeler
Lucio Donnelly DDS,590-408-3779,vincenzo.reinger@Rath.com,Rath
Linn Feil,1-605-481-1694,tomoko.keeling@Smith-Zulauf.com,Smith-Zulauf
Isaiah Beatty,1-307-039-9349,olin.ferry@Toy_Inc.com,Toy Inc
Chang Langosh MD,684-790-0072,rory.funk@Botsford.com,Botsford
Valrie Heller,(715) 928-0579,bryant.von@Turcotte.com,Turcotte
Kiyoko Dietrich,1-710-157-8365,natividad.reynolds@Zboncak-Abernathy.com,Zboncak-Abernathy
Fran Botsford,261.873.9703,augustus.gerhold@Kiehn-Ward.com,Kiehn-Ward
Magaret Hills,(604) 284-2186,ariel.gorczany@Kuphal_and_Sons.com,Kuphal and Sons
Antonetta Prosacco,1-651-254-5013,marcel.torphy@Powlowski_Group.com,Powlowski Group
Kanesha Ruecker II,198-161-8375,hung.harber@Schneider.com,Schneider
Della Pacocha,(634) 301-6899,justine.christiansen@Jacobs.com,Jacobs
Jerry Harber,982-497-1382,trey.gibson@Lakin_and_Sons.com,Lakin and Sons
Mr. Jaquelyn Howell,619-864-2640,kenneth.wilkinson@Stracke.com,Stracke
Tobias Okuneva,673-015-8696,doretta.ledner@Kovacek.com,Kovacek
Holli O'Kon,772.537.4079,altha.weber@Conn_LLC.com,Conn LLC
Jame D'Amore Sr.,715-875-1709,lizzie.boyle@Smith-Moen.com,Smith-Moen
Natashia Haley,1-936-485-9921,april.herman@Schimmel-Schulist.com,Schimmel-Schulist
Nona Spinka,(515) 060-9818,harris.glover@Runolfsson.com,Runolfsson
Stuart Hirthe,732.481.6049,sharolyn.kiehn@Turcotte-Altenwerth.com,Turcotte-Altenwerth
Bettye Carter DVM,(785) 693-6863,gregory.goyette@Ernser-Kris.com,Ernser-Kris
Bernadette Hartmann Jr.,1-588-044-4960,chong.gleichner@Conn_LLC.com,Conn LLC
Hosea Howe,391.134.4487,hal.runolfsson@Brekke_LLC.com,Brekke LLC
Karl Erdman PhD,717-351-7445,johanna.hilpert@Treutel.com,Treutel
Florentino Waters,516-576-5786,monte.gusikowski@Baumbach.com,Baumbach
Wilhelmina Walter,1-500-247-4934,mohammad.reinger@West.com,West
Donnette Wolf,1-954-746-1488,huey.waters@Erdman.com,Erdman
Beau Douglas,(913) 224-8907,armando.gorczany@Smith_LLC.com,Smith LLC
Georgetta Mertz III,(053) 269-2375,johnette.skiles@Kris_Inc.com,Kris Inc
Thomas Macejkovic I,290-328-4538,michale.bahringer@Stracke_and_Sons.com,Stracke and Sons
Mae Bashirian,1-722-474-3572,paris.hansen@Lesch-Erdman.com,Lesch-Erdman
Rueben Anderson,1-038-075-7917,ken.batz@Leuschke_Inc.com,Leuschke Inc
Ms. Bryon Hessel,391.426.3017,arnetta.hahn@Bartoletti.com,Bartoletti
Abraham Bailey Sr.,772.867.8818,maia.harvey@Dickinson.com,Dickinson
Terrance Hoppe,1-405-201-0585,cyril.lemke@Gulgowski.com,Gulgowski
Teddy Rogahn,(737) 191-2802,tyler.luettgen@Heidenreich.com,Heidenreich
Dr. Willie Sawayn,1-824-348-8434,will.gorczany@Veum_LLC.com,Veum LLC
Remedios Beatty IV,351.818.1638,norberto.price@Mayert.com,Mayert
Jesenia Hansen,531.473.4012,alison.hintz@Bashirian-Corwin.com,Bashirian-Corwin
Dr. Makeda Kozey,886.796.0504,merrill.howe@Crist-Ebert.com,Crist-Ebert
Kraig Klein,(873) 605-7620,hanh.botsford@Ullrich-Grant.com,Ullrich-Grant
Elenore Collins,1-397-466-2676,brande.dach@Stanton_and_Sons.com,Stanton and Sons
Thomasina Emard,1-069-588-6286,giovanni.borer@Hill_Group.com,Hill Group
Yun Satterfield,313-616-1980,curt.hill@Funk_Inc.com,Funk Inc
Lilli MacGyver,469.022.0948,annetta.treutel@Bahringer_Inc.com,Bahringer Inc
Arnulfo Armstrong II,213-430-9550,trudie.gaylord@Steuber-Jenkins.com,Steuber-Jenkins
Kareen Daniel I,826-853-9050,herbert.schimmel@Schaefer-Balistreri.com,Schaefer-Balistreri
Jamie Donnelly,1-713-091-4106,heriberto.pfannerstill@Haag-Walter.com,Haag-Walter
Hyman Schmidt,082.464.5602,emerita.sanford@Prohaska_Inc.com,Prohaska Inc
Rickie Gutmann,686.781.4071,floretta.heller@Bayer-Bailey.com,Bayer-Bailey
Francie Mraz,906-411-1492,sergio.grady@Abshire.com,Abshire
Dinah Dach,640-010-4997,rozanne.hodkiewicz@Pacocha_LLC.com,Pacocha LLC
Nathaniel Feest,828.883.3448,vallie.trantow@Pacocha-Johnson.com,Pacocha-Johnson
Ayako Harvey,(726) 449-9774,arletha.dubuque@Konopelski-Schimmel.com,Konopelski-Schimmel
Brett Rolfson,(041) 455-9600,lauren.dubuque@Walker.com,Walker
Lissette Kshlerin,473-254-7357,darryl.spencer@Deckow.com,Deckow
Donny Ankunding,342-933-3136,terri.kunze@MacGyver.com,MacGyver
Donny Schneider,897.218.3006,gabriel.hermiston@Hills-Ullrich.com,Hills-Ullrich
Mrs. Brady Morar,767-146-3157,janeen.bogisich@Purdy_and_Sons.com,Purdy and Sons
Alex Goldner,(397) 583-5281,grover.schowalter@Hammes.com,Hammes
Dario Tremblay DVM,804-346-2601,benton.turcotte@Schaden_Group.com,Schaden Group
Errol Bruen,1-367-623-7511,chan.greenholt@Rau-Veum.com,Rau-Veum
Xenia Keebler,1-370-956-4800,carolee.botsford@Kuhic_LLC.com,Kuhic LLC
Scotty Cronin,1-994-007-2504,ferdinand.keeling@Lang.com,Lang
Julio Beier,019.678.3095,moon.hyatt@Bosco-Steuber.com,Bosco-Steuber
Martin Predovic,097-416-9356,leif.beatty@Mueller.com,Mueller
Reuben Harvey,309-739-3050,shanti.barrows@Schneider.com,Schneider
Casandra D'Amore,883-945-3443,lourie.mccullough@Langworth.com,Langworth
Norberto Wuckert,(004) 268-8907,lindsay.schultz@Prohaska_Inc.com,Prohaska Inc
Nanette Ruecker,994-969-4602,violet.carroll@Brekke.com,Brekke
Blake Marks,602-268-9838,roxy.hauck@Crona-Farrell.com,Crona-Farrell
Mr. Sharlene Auer,306.575.9023,estefana.stokes@Spinka-Prosacco.com,Spinka-Prosacco
Coleman Farrell PhD,(811) 575-0815,hal.runolfsdottir@Luettgen.com,Luettgen
Michael Stoltenberg,244.932.5618,ali.erdman@Nitzsche.com,Nitzsche
Ian Harris,722-710-6450,ardella.bosco@Hirthe-Haley.com,Hirthe-Haley
Kimberlie Gulgowski,1-729-109-1513,alex.hamill@Daniel_and_Sons.com,Daniel and Sons
Graham Hodkiewicz,560.613.0107,marylou.feeney@Walker_LLC.com,Walker LLC
Andrew Jast,662-302-7977,randall.runolfsdottir@Farrell.com,Farrell
Dorian Brekke,(641) 808-9335,gilma.larson@Daugherty-Kozey.com,Daugherty-Kozey
Shiela Gutmann,320.422.3767,johnny.buckridge@Medhurst.com,Medhurst
Marissa Durgan,(791) 872-4000,pauline.upton@Bednar_and_Sons.com,Bednar and Sons
Eduardo Glover PhD,925.545.7652,otha.schmeler@Brown-Considine.com,Brown-Considine
Margarete Treutel IV,(682) 432-1669,charleen.cole@Cartwright_Inc.com,Cartwright Inc
Tamie Casper,243-251-2227,cinderella.wisozk@Dare-Will.com,Dare-Will
Ewa Bechtelar,(974) 446-1654,major.grant@Walker-Rohan.com,Walker-Rohan
Luz Pacocha,(021) 054-8460,sammy.hill@Graham.com,Graham
Lourdes Mueller,(272) 011-4596,robt.vandervort@Boyle.com,Boyle
Arlyne Hilpert,822.415.2761,mohammad.king@Graham-Johns.com,Graham-Johns
Garland Lowe,316.006.9457,russ.heaney@Rosenbaum_Group.com,Rosenbaum Group
Kassandra Senger,880-856-9885,isidro.nienow@Murray_Group.com,Murray Group
Ms. Louie Huel,488-427-4706,nakisha.von@McDermott.com,McDermott
Rachele Kassulke,232.416.0700,adeline.torphy@Daugherty-Klocko.com,Daugherty-Klocko
Darnell Abbott,841-506-0602,derrick.raynor@Klein_Group.com,Klein Group
Jenell Mayer,060-823-2699,brian.raynor@Weimann-Denesik.com,Weimann-Denesik
Josue Haag,490-991-1530,chet.bogisich@Kohler-Walker.com,Kohler-Walker
Trenton Kris,569.291.5436,apolonia.willms@Windler-Ledner.com,Windler-Ledner
Miss Pamelia Stehr,1-005-268-6350,luna.abernathy@Rodriguez_Inc.com,Rodriguez Inc
Lillie Stamm,193.232.7266,jon.shanahan@Raynor.com,Raynor
Miss Gail Rau,072.910.4490,cortez.mccullough@Murray-Swift.com,Murray-Swift
Meaghan Mohr,1-059-856-4838,leandro.ryan@Farrell.com,Farrell
Ashlea Hickle,1-667-612-9131,dewitt.moen@Gerlach-Ferry.com,Gerlach-Ferry
Carroll Bernhard,163.514.7282,damon.nienow@Daniel.com,Daniel
Bernard Lang,996-603-6383,morris.macgyver@Denesik-Hoppe.com,Denesik-Hoppe
Dr. Willis Yundt,(848) 421-5829,janet.hauck@Haley.com,Haley
Rolando Schmidt,389.406.7783,roxanna.koss@Stehr.com,Stehr
Ms. Jordan McGlynn,(803) 141-1312,shayna.lowe@Wyman.com,Wyman
Miss Lucinda Reynolds,509-241-5157,akiko.marks@Mosciski-Smith.com,Mosciski-Smith
Jerrod Carroll PhD,013-666-7925,matt.lueilwitz@Mann.com,Mann
Morton Daniel DDS,(672) 543-1155,colby.jacobi@Paucek_LLC.com,Paucek LLC
Mr. Lois Jenkins,124.660.5080,rosena.hermann@Dooley-Swaniawski.com,Dooley-Swaniawski
Valda Purdy,1-211-731-1972,augustine.hoeger@Gerlach.com,Gerlach
Dr. Brittaney Gibson,(466) 083-0767,eilene.wintheiser@Frami_LLC.com,Frami LLC
Margot Funk III,1-519-585-0095,maryjo.langosh@Abshire-Boyle.com,Abshire-Boyle
Luigi Quigley,(281) 453-2419,jeremy.johnson@Balistreri.com,Balistreri
Shantell Homenick,651.129.4720,elliot.ryan@Goyette-Thiel.com,Goyette-Thiel
Yi Wiza,116.584.7345,maryam.powlowski@Okuneva-Gislason.com,Okuneva-Gislason
Mr. Marcelino Hermann,(870) 720-2169,reed.mckenzie@Mraz.com,Mraz
Ms. Lyndon Ratke,773-671-9697,jacob.schmitt@Jacobi-Kautzer.com,Jacobi-Kautzer
Marilu Fahey,1-558-277-8231,terrence.boyer@Bauch_Inc.com,Bauch Inc
Fausto Tillman DDS,131.723.9064,bertram.witting@Lowe.com,Lowe
Vivien MacGyver,1-513-345-9335,kristopher.beatty@Rohan-Weimann.com,Rohan-Weimann
Jed Hauck DDS,1-428-651-4833,shawn.kertzmann@Hermann_and_Sons.com,Hermann and Sons
Lee Bahringer Jr.,(937) 473-1777,riva.koss@Champlin_Inc.com,Champlin Inc
Mr. Tonisha Blick,1-643-179-8250,terresa.corwin@Ward.com,Ward
Mr. Jerrold Gutkowski,1-325-736-3623,collin.hyatt@Conn-Volkman.com,Conn-Volkman
Mrs. Jim Rippin,051-831-0660,katrina.roberts@Stanton-Runolfsdottir.com,Stanton-Runolfsdottir
Leesa Abshire III,493-297-6284,tamela.schuster@Walter-Heaney.com,Walter-Heaney
Candyce Jacobson DVM,431.909.7438,stacey.pagac@Bode-Zemlak.com,Bode-Zemlak
Ms. Kyoko Hackett,1-268-051-7835,mikki.mcglynn@Cronin-Terry.com,Cronin-Terry
Colin Little Jr.,(446) 772-5973,rosamaria.schowalter@Schroeder.com,Schroeder
Henrietta Stoltenberg Jr.,(624) 381-9134,mistie.bayer@Rath-Crooks.com,Rath-Crooks
Gerard O'Reilly,183-043-3543,idalia.fisher@Kassulke-Ritchie.com,Kassulke-Ritchie
Brenna Abernathy I,087-913-1557,zackary.luettgen@Jacobs_Group.com,Jacobs Group
Michael Kutch,755.095.2284,earle.erdman@Macejkovic.com,Macejkovic
Shandra Lubowitz,1-606-170-8702,adam.renner@Rutherford.com,Rutherford
Kelvin Ankunding,776.693.1675,noma.hayes@Maggio_Group.com,Maggio Group
Dane Graham,034.033.9398,pasty.keebler@Spinka_and_Sons.com,Spinka and Sons
Danette Rippin,1-424-313-7931,rick.rodriguez@Stroman_Group.com,Stroman Group
Michel Brown,(596) 385-0182,zandra.klein@Nolan_LLC.com,Nolan LLC
Mrs. Margarete Wintheiser,(474) 164-6348,nathaniel.greenfelder@Bradtke.com,Bradtke
Preston Bauch,(874) 068-5384,brian.aufderhar@Hickle.com,Hickle
Damian Quitzon,070-678-4384,daniel.hessel@Bauch.com,Bauch
Renea Wunsch,1-672-510-0509,edythe.moen@Zulauf.com,Zulauf
Adolfo McCullough,1-792-947-0623,dennis.hyatt@Cremin-Hirthe.com,Cremin-Hirthe
Brent Beier,258.357.7373,herschel.weissnat@Kohler.com,Kohler
Junior Mann,743.218.4464,anastacia.watsica@Aufderhar.com,Aufderhar
Ian Zulauf V,(939) 960-2597,lindsay.frami@Cormier-Wilderman.com,Cormier-Wilderman
Jermaine Parisian,172.763.5420,lesley.strosin@Schiller.com,Schiller
Johnnie Ebert,(720) 126-7157,shad.gutkowski@Emard-Jast.com,Emard-Jast
Sonny Boyer,398.596.7613,man.aufderhar@Kertzmann-Wisozk.com,Kertzmann-Wisozk
Lesha Flatley,1-054-563-2725,shelli.lesch@Heller-Corwin.com,Heller-Corwin
Chester Thompson,740.155.9410,chadwick.bosco@Koss-Brakus.com,Koss-Brakus
Nydia Friesen,103-862-2450,marline.johns@Russel_Inc.com,Russel Inc
Clare Dooley,650-725-6246,sharon.renner@Rice.com,Rice
Jame Rau PhD,(659) 063-3344,dyan.mcdermott@Heller_Inc.com,Heller Inc
Mika Grimes,1-378-517-9369,israel.heidenreich@Conn.com,Conn
Eliseo Jast,1-116-214-2444,lynnette.terry@Bernier.com,Bernier
Mrs. Jewell McKenzie,378.838.8801,giuseppe.waters@Wehner-Rowe.com,Wehner-Rowe
Betsy Wolff Jr.,1-985-102-6576,harlan.casper@Swaniawski_Inc.com,Swaniawski Inc
Lawrence Gerlach,1-251-428-8567,delbert.hoeger@Kuphal_LLC.com,Kuphal LLC
Miss Royce Berge,454.581.0666,numbers.keebler@O'Reilly-Hammes.com,O'Reilly-Hammes
Hilton Mills,(062) 992-9989,cristal.waelchi@Sanford_Group.com,Sanford Group
Min Friesen,470.381.9904,janelle.rice@Thiel.com,Thiel
Cecil Turner I,(696) 413-0588,tiny.kshlerin@Keeling_and_Sons.com,Keeling and Sons
Salena Terry Sr.,554.578.6729,amie.considine@Heathcote.com,Heathcote
Waldo Gottlieb,1-537-749-2944,phyliss.bechtelar@Casper-Willms.com,Casper-Willms
Marci Herman III,695-675-8987,ramiro.haley@Stoltenberg_and_Sons.com,Stoltenberg and Sons
Shawnna Kassulke,1-261-659-8637,ashleigh.schiller@Durgan-Friesen.com,Durgan-Friesen
Bev Ernser,(452) 644-5544,marcie.kunze@Goldner_Group.com,Goldner Group
Anja Hermann,1-277-630-4610,jessi.rutherford@Anderson-Wyman.com,Anderson-Wyman
Miss Erasmo Bradtke,182-057-4583,clarence.carroll@Carroll_Group.com,Carroll Group
Ms. Teisha Lynch,627.558.1904,tracee.hayes@Adams_Group.com,Adams Group
Bennie Waters,(312) 377-1636,bryanna.grady@Barrows-Koss.com,Barrows-Koss
Leah Marquardt,470.681.2845,alvaro.greenfelder@Halvorson.com,Halvorson
Dr. Adelina Lakin,1-224-734-1914,dalia.haley@Langosh.com,Langosh
Dr. William West,537.349.3544,colby.kemmer@Lakin-Sanford.com,Lakin-Sanford
Wallace Herzog PhD,1-487-970-6043,carlita.fahey@Bednar.com,Bednar
Marcel Feest,(654) 281-1381,stacy.bartoletti@Mosciski.com,Mosciski
Jodee Mohr DVM,1-924-991-5246,wilbur.towne@Lang.com,Lang
Tory Gutkowski,1-492-804-7119,weldon.braun@Dicki.com,Dicki
Xavier Ruecker,726-488-2586,tracy.hessel@Schulist.com,Schulist
Ms. Joyce Ward,302.304.7237,basilia.dach@Hudson.com,Hudson
Mr. Dorian VonRueden,813-607-1071,dara.batz@Nader.com,Nader
Valeria Lang,1-846-579-3270,romelia.hayes@Lemke_LLC.com,Lemke LLC
Miss Lai Farrell,101.029.5947,erna.stracke@Quitzon-Casper.com,Quitzon-Casper
Jerica King PhD,1-820-593-7459,berneice.price@Ziemann-Kunze.com,Ziemann-Kunze
Jeremy Barrows,415-209-5389,gilbert.white@Raynor.com,Raynor
Myles Tillman III,1-991-635-7207,nancie.jones@Nolan_Group.com,Nolan Group
Katelynn Schuster,542-975-1049,raina.trantow@Conn-Rau.com,Conn-Rau
Isaias Torphy,540-764-5051,hunter.huel@Jerde_and_Sons.com,Jerde and Sons
Man Macejkovic,828-693-9424,jasper.terry@Romaguera.com,Romaguera
Chantal Wyman V,991.425.2079,jarrod.schuppe@Reilly-Jast.com,Reilly-Jast
Dr. Mack Bins,(945) 369-2018,wilfredo.hintz@Stehr.com,Stehr
Elton Welch,(963) 365-2007,thersa.upton@Wolff.com,Wolff
Mrs. Sang Hoppe,308-777-3363,millard.moen@Wyman-Weber.com,Wyman-Weber
Delores Schmeler,837-847-5966,xiomara.kessler@Lueilwitz_Group.com,Lueilwitz Group
Elva Gutmann,(267) 712-5402,williams.sporer@Schimmel-Rutherford.com,Schimmel-Rutherford
Bernard Cormier,646-754-5059,regine.mitchell@Cummerata-Stehr.com,Cummerata-Stehr
Reuben Ledner Sr.,(582) 439-9892,buena.kerluke@Hills.com,Hills
Adrienne Kuvalis DDS,(903) 963-6686,johanna.toy@Reilly.com,Reilly
Gene Leannon Sr.,1-665-998-3351,saundra.gerhold@Dibbert.com,Dibbert
Derek Gulgowski,148-006-6294,monty.reinger@Langosh.com,Langosh
Grace Beier III,505-478-7818,hilton.stehr@Russel.com,Russel
Shantell Nolan,1-538-901-2463,cortez.jones@Denesik_Group.com,Denesik Group
Samual O'Connell,064-270-3996,armando.cummings@Hessel_Inc.com,Hessel Inc
Miss Erasmo Upton,142.173.1077,maisha.stamm@Bergstrom_and_Sons.com,Bergstrom and Sons
Britta Powlowski,775.606.9633,dwight.christiansen@Bergstrom.com,Bergstrom
Steve Kshlerin,1-393-151-0415,angelo.deckow@Mraz.com,Mraz
Lilian Kling,550.493.3210,janelle.robel@Schaden-Predovic.com,Schaden-Predovic
Yolando Herzog,436.079.5387,laurene.kiehn@Renner_Group.com,Renner Group
Shelton Ratke V,(876) 379-9486,shelton.kunze@Ryan.com,Ryan
Ricki Lowe,(374) 331-5082,coralee.ritchie@Fritsch_and_Sons.com,Fritsch and Sons
Yuki Schamberger,422.934.6711,korey.johnson@Schiller.com,Schiller
Jim Corkery,476.102.4096,creola.wuckert@Trantow-Armstrong.com,Trantow-Armstrong
Elroy Langosh,031.414.6368,nu.christiansen@Terry_Inc.com,Terry Inc
Lucas Hessel,(878) 995-0727,sal.yost@West_Inc.com,West Inc
Fidel Hammes,323-958-6584,nestor.toy@Satterfield.com,Satterfield
Miss Bianca O'Kon,(832) 019-2954,luna.gibson@Padberg.com,Padberg
Rickey Hammes,039.036.5702,jaquelyn.lindgren@Christiansen_LLC.com,Christiansen LLC
Hue Bailey,261.741.0107,pat.dickinson@Lemke-Zboncak.com,Lemke-Zboncak
Ellis Huel,(677) 076-1045,luis.leffler@Wilkinson-Wisoky.com,Wilkinson-Wisoky
Heather Stroman,780-036-9606,erma.witting@Wuckert_and_Sons.com,Wuckert and Sons
Mrs. Raphael Ullrich,989-270-7461,woodrow.ernser@Haag-Russel.com,Haag-Russel
Mrs. Dario Ferry,(687) 314-9568,rickey.schmitt@Runolfsdottir_Group.com,Runolfsdottir Group
Miss Hiram McDermott,(638) 224-7659,imelda.runte@Cremin-Ryan.com,Cremin-Ryan
Ann Weissnat,389.549.5655,zachariah.moore@Wyman-Zemlak.com,Wyman-Zemlak
Soon Vandervort,871-970-8320,leland.graham@D'Amore_and_Sons.com,D'Amore and Sons
Virgil Kautzer,1-580-816-4630,cira.pfannerstill@Boyle.com,Boyle
Marylouise Koelpin,1-667-753-0270,donn.weissnat@Goldner_and_Sons.com,Goldner and Sons
Harold Zemlak,1-798-901-8784,arlette.hodkiewicz@Robel_and_Sons.com,Robel and Sons
Dedra Bahringer Sr.,786-007-6851,corey.legros@Windler-Mills.com,Windler-Mills
Kiyoko Hilpert,469-138-4490,louie.turcotte@Leuschke-Corkery.com,Leuschke-Corkery
Joan Conroy,715.708.7487,eldora.graham@Effertz-Runolfsson.com,Effertz-Runolfsson
Isiah Boehm,387-702-4614,nevada.pouros@Orn.com,Orn
Mr. Lakisha Davis,293-906-5007,wilda.gutmann@Koepp-Hartmann.com,Koepp-Hartmann
Robbi Gaylord,1-408-514-4539,ellis.ziemann@White_and_Sons.com,White and Sons
Shoshana Kris,916.263.9287,robbyn.abshire@Hill-Osinski.com,Hill-Osinski
Alfreda Gerlach,(104) 770-2573,krissy.lueilwitz@Heller.com,Heller
Dr. Dion Friesen,847-580-7558,jamey.armstrong@Tremblay.com,Tremblay
Maria Barrows,957.458.5570,broderick.bode@Fay.com,Fay
Liane MacGyver,415-729-6305,sebastian.wiza@Keeling-Weissnat.com,Keeling-Weissnat
Al Mayert,772.132.2824,barbara.mccullough@Beier_Group.com,Beier Group
Tabetha Barton,305.959.3057,marx.rath@Parisian-Smitham.com,Parisian-Smitham
Antione Franecki IV,446-735-9376,amal.blanda@Paucek.com,Paucek
Le Hill,225.108.7919,wilburn.gaylord@Buckridge.com,Buckridge
Ms. Valentin Will,(838) 146-9794,olympia.kovacek@Stehr-Bosco.com,Stehr-Bosco
Shoshana Simonis,1-886-731-9244,kellye.gibson@Beer_LLC.com,Beer LLC
Miss Colby Bernier,263.615.8936,williams.kessler@Emmerich_and_Sons.com,Emmerich and Sons
Dr. Mark O'Keefe,1-352-722-8829,walton.stracke@Cruickshank-Boyer.com,Cruickshank-Boyer
Janean Wunsch Sr.,646-363-3660,sadye.jacobi@Gleichner_and_Sons.com,Gleichner and Sons
Jessia Nikolaus,(145) 697-6238,rochelle.brown@Kassulke-Nienow.com,Kassulke-Nienow
Miss Earl Kovacek,751.241.6227,tiny.trantow@Herman.com,Herman
Isreal Batz PhD,748.391.9188,felipe.luettgen@Osinski-Emmerich.com,Osinski-Emmerich
Carolin Halvorson III,1-460-177-9507,ezekiel.schaden@Bogisich-Schroeder.com,Bogisich-Schroeder
Raymundo O'Connell I,254.830.9503,emory.bartoletti@Miller.com,Miller
Rosalinda Abbott,(570) 779-5227,jermaine.senger@Veum-Jenkins.com,Veum-Jenkins
Josiah Kovacek MD,(270) 851-2927,elizabet.koelpin@Orn_Group.com,Orn Group
Leanna Mraz DVM,807-486-3496,kenny.nienow@Feil_Inc.com,Feil Inc
Voncile Armstrong,1-038-952-8052,lewis.goyette@Bruen.com,Bruen
Jenette Stoltenberg,326.329.7404,evie.jenkins@Reilly-Orn.com,Reilly-Orn
Agripina Barton,(162) 741-0090,latarsha.moen@Hessel-Zulauf.com,Hessel-Zulauf
Shantay Johnston Sr.,1-740-283-6337,cleora.hammes@Cormier.com,Cormier
Arica Larkin,(851) 653-7745,norbert.mcdermott@Hill.com,Hill
Stephanie Kunde,(087) 387-7966,niki.moore@Pollich.com,Pollich
Isobel Boehm,439-262-9681,billy.morar@Donnelly_and_Sons.com,Donnelly and Sons
Stacey Hickle,312.429.5666,luz.schultz@Bernhard-Kshlerin.com,Bernhard-Kshlerin
Ms. Brooks Reichert,(487) 685-8202,jeanette.balistreri@Jast-Ratke.com,Jast-Ratke
Mrs. Shea O'Conner,467.095.4464,keiko.wunsch@Collins-Frami.com,Collins-Frami
Mr. Damian Schumm,835-902-3576,rutha.bartoletti@Witting_Group.com,Witting Group
Dale Marvin,(582) 666-1298,deeanna.dietrich@Bailey.com,Bailey
Claud Maggio,718.573.5549,octavia.larson@Grant_and_Sons.com,Grant and Sons
Nereida Runolfsdottir,1-065-555-4095,annetta.wilderman@Kemmer-Kulas.com,Kemmer-Kulas
Deane Schmidt,752.059.7628,timmy.hettinger@Weber_and_Sons.com,Weber and Sons
Edie Champlin,811-619-2354,juan.gerlach@McDermott_and_Sons.com,McDermott and Sons
Mr. Ariane Purdy,983-117-7470,ben.keebler@Gerlach-Fahey.com,Gerlach-Fahey
Lashawna Gislason,1-051-955-8016,altagracia.schoen@Kohler.com,Kohler
Francene Moore,704-062-6579,garth.kunze@Little_Inc.com,Little Inc
Susannah Hills,192-559-4035,daniele.kuhlman@Gutmann.com,Gutmann
Al Kuhn,1-097-466-2201,marilyn.bernier@Rippin-Hirthe.com,Rippin-Hirthe
Sindy Feest,548-082-5874,america.rolfson@Mertz-Stracke.com,Mertz-Stracke
Theo Cassin,(566) 753-5818,leena.skiles@Schuster.com,Schuster
Cortez Prosacco,947-383-5222,milan.adams@Hermann-Herzog.com,Hermann-Herzog
Eura Vandervort,1-283-124-1727,stephaine.connelly@Bernhard.com,Bernhard
Markita Hoppe,(873) 092-8164,tommie.bogisich@Orn-Bernhard.com,Orn-Bernhard
Kory Parker V,(849) 610-6759,eugenia.schneider@Lubowitz.com,Lubowitz
Gracie Langworth,(279) 952-7031,annika.harris@Stroman-Larson.com,Stroman-Larson
Palmer Stoltenberg DVM,513.112.6670,tracee.schamberger@Runte-Schneider.com,Runte-Schneider
Isaiah Green Jr.,649-413-4522,jonathan.von@Crooks-Frami.com,Crooks-Frami
Afton Mayer,965-233-8512,june.white@Yundt.com,Yundt
Hester Harvey,076-190-8207,erik.will@Mante-Kunde.com,Mante-Kunde
Mitch Aufderhar,1-314-732-1138,dwayne.romaguera@Herzog-O'Connell.com,Herzog-O'Connell
Mr. Isidro Weimann,(714) 674-5720,joe.lueilwitz@Prohaska_LLC.com,Prohaska LLC
Isreal Wolf,605.586.4418,rudy.harber@Kris.com,Kris
Edmond Paucek I,944.775.4427,thurman.homenick@Bradtke_Group.com,Bradtke Group
Angelena Gusikowski,1-806-993-2885,guadalupe.jenkins@Ziemann_Inc.com,Ziemann Inc
Wilbur Bailey,090.473.9270,ema.mohr@Weissnat.com,Weissnat
Mrs. Charles Prohaska,019-757-1956,royce.reinger@Kassulke-Koch.com,Kassulke-Koch
Candida Jerde,312-722-4902,cruz.jast@Green_Group.com,Green Group
Jerica Zboncak,200.003.1991,ernesto.wunsch@Schimmel_and_Sons.com,Schimmel and Sons
Rodger Paucek,(052) 190-0495,tyrell.champlin@Dicki-Langworth.com,Dicki-Langworth
Meridith Langosh,344.742.0497,rebbeca.wiza@Quitzon.com,Quitzon
Assunta Herman DVM,(410) 594-1882,dillon.howe@Oberbrunner.com,Oberbrunner
Israel Willms,1-951-823-9887,maris.reilly@Brekke-Boehm.com,Brekke-Boehm
Sherman Boehm,637-493-5623,an.schulist@Smitham-Hansen.com,Smitham-Hansen
Zetta Feil,(313) 234-3335,hung.prosacco@Kuvalis-Daniel.com,Kuvalis-Daniel
Ms. Lucile Hamill,220.355.3557,marti.bradtke@Barrows-McDermott.com,Barrows-McDermott
Jesus McKenzie I,(169) 493-7811,nidia.bartoletti@MacGyver.com,MacGyver
Eugene Lueilwitz,1-887-215-6670,sal.pollich@Kiehn_Group.com,Kiehn Group
Ms. Sharla Cremin,1-009-594-0835,shila.emmerich@Dooley-Zulauf.com,Dooley-Zulauf
Mrs. Russel Schulist,(615) 545-4633,mauricio.mayert@O'Keefe_and_Sons.com,O'Keefe and Sons
Jenny Turcotte,304.282.6824,gaylord.mosciski@Schmitt_Inc.com,Schmitt Inc
Mrs. Marjorie Jaskolski,036-485-5522,ben.dubuque@Leannon_Group.com,Leannon Group
Kortney Walsh,486.717.9800,milagro.kovacek@Swaniawski_LLC.com,Swaniawski LLC
Miss Ned Jacobi,(690) 077-7122,shantell.reilly@Jerde-Crist.com,Jerde-Crist
Alva Roberts Jr.,(754) 879-9448,gerald.lakin@Frami-Daugherty.com,Frami-Daugherty
Stefania Gleason,1-215-964-8547,lena.waters@Senger.com,Senger
Alfred Gottlieb,475-761-6133,alex.kuhic@Sanford-Feil.com,Sanford-Feil
Michel Morar,1-701-520-4725,thresa.will@Satterfield_LLC.com,Satterfield LLC
Aldo Frami III,1-306-897-0221,jerry.lynch@Adams-Terry.com,Adams-Terry
Miss Johnny Mills,778.208.3208,chandra.bailey@Emard-Krajcik.com,Emard-Krajcik
Brandon Wunsch,073.034.0098,kristofer.smitham@Brown_Inc.com,Brown Inc
Mr. Christel Will,(654) 370-5605,trey.kris@Price.com,Price
Fawn Abshire,659.447.2439,lynette.skiles@Bruen-Yundt.com,Bruen-Yundt
Ruthie Jacobson,(856) 312-0096,wynell.huels@Dicki_Group.com,Dicki Group
Mrs. Tarah Rippin,295-345-6092,virgina.johnson@Hand.com,Hand
Graciela Haag,020-057-5696,richie.schamberger@Bins_Group.com,Bins Group
Herschel McKenzie,232.541.7321,cammie.cummings@Haley-Gusikowski.com,Haley-Gusikowski
Jayna Goyette,1-862-010-2940,rafael.bartell@Weimann.com,Weimann
Reinaldo Kerluke PhD,489.748.0297,ailene.hyatt@Harris_and_Sons.com,Harris and Sons
Aaron Kub Sr.,(309) 520-8164,demarcus.corkery@Stehr-Lind.com,Stehr-Lind
Gabriel Klocko V,487.511.3645,jerald.goldner@Bergnaum.com,Bergnaum
Derick Willms IV,1-212-424-1947,hester.kris@Satterfield.com,Satterfield
Desirae Rohan,(898) 170-7298,emmitt.carter@Mitchell-Borer.com,Mitchell-Borer
Alton Krajcik,1-766-021-6589,myles.cartwright@Bartoletti-Turner.com,Bartoletti-Turner
Deanne Effertz II,233.510.5376,britany.beer@Emard.com,Emard
Elmo Mraz,118-204-1362,mellie.swaniawski@Wilderman-Bartell.com,Wilderman-Bartell
Angelica Morar,(584) 205-1570,moses.waters@Ratke-Ward.com,Ratke-Ward
Svetlana Greenfelder,(600) 069-7025,ressie.rutherford@Mayert.com,Mayert
Winnie Hauck,162.038.2087,brigid.koch@Sawayn_LLC.com,Sawayn LLC
Shelly Mertz II,445.731.1831,willard.spencer@Runolfsson.com,Runolfsson
Bob Predovic,755.228.9680,laticia.kuhlman@Mann-Smith.com,Mann-Smith
Mr. Bert Wunsch,1-136-329-2145,coletta.russel@Keeling.com,Keeling
Anisa Crooks II,(163) 195-2546,maryln.moore@Ortiz.com,Ortiz
Mrs. Logan Douglas,265.367.4348,monnie.heathcote@Kling-Hettinger.com,Kling-Hettinger
Eleni Spinka,1-905-390-2235,geoffrey.willms@Lebsack_and_Sons.com,Lebsack and Sons
Cornelius Dicki,249-651-5365,donald.steuber@West-Ferry.com,West-Ferry
Jennifer Considine,1-139-286-2941,damien.white@Jacobson-Reilly.com,Jacobson-Reilly
Hwa Nikolaus,473.359.7393,marie.hintz@Dickinson-Kertzmann.com,Dickinson-Kertzmann
Lia Christiansen,(771) 855-2696,lynwood.bruen@Labadie-Konopelski.com,Labadie-Konopelski
Noel Nader,1-375-761-0439,sanda.senger@Crona_LLC.com,Crona LLC
Kandra Gleason,876.818.1157,minh.moore@Gulgowski_and_Sons.com,Gulgowski and Sons
Skye Goldner,294-319-6499,marcelene.olson@Christiansen.com,Christiansen
Burt Kuphal,1-672-502-7337,iona.greenfelder@Abshire_Group.com,Abshire Group
Maria Cartwright,646.521.6197,lucio.schmitt@Cremin.com,Cremin
Mr. Lloyd Morar,1-131-193-9817,emilio.bruen@Zulauf.com,Zulauf
Miss Porter Rau,(972) 096-1004,demetria.klein@Spinka-Rice.com,Spinka-Rice
Albert Spencer V,(730) 133-7746,will.willms@Christiansen_Inc.com,Christiansen Inc
Karl Cremin,1-273-532-5828,joannie.lynch@Berge_LLC.com,Berge LLC
Ms. Sueann Cole,380.601.5005,kurtis.wiegand@Labadie.com,Labadie
Song Wunsch,917.426.9849,melvin.johns@Kassulke_and_Sons.com,Kassulke and Sons
Ms. Sumiko Rutherford,761.068.5518,arie.kling@Ernser_Group.com,Ernser Group
Sumiko Ortiz,(120) 780-2237,domenic.lemke@Romaguera-Lebsack.com,Romaguera-Lebsack
Doug Reichert I,209.069.2987,ted.cummerata@Heaney.com,Heaney
Gena Daugherty,723-591-1440,marlin.schiller@Boyle_Inc.com,Boyle Inc
Gail Doyle,(452) 893-7355,lane.howell@Rutherford_Inc.com,Rutherford Inc
Alfonzo Ledner,335-059-3795,dexter.stracke@Hahn_LLC.com,Hahn LLC
Edythe Langosh PhD,241-553-3073,margarito.farrell@Shanahan_LLC.com,Shanahan LLC
Delisa O'Kon,(707) 614-7293,pat.ohara@Boyer_LLC.com,Boyer LLC
Corrin Cassin Sr.,894-912-8311,ann.kilback@Vandervort-Dietrich.com,Vandervort-Dietrich
Saundra Spinka,(866) 365-5137,buck.reinger@Pouros.com,Pouros
Ms. Kevin Padberg,(535) 501-4267,quentin.gerlach@Rath.com,Rath
Salvador Goldner,(898) 917-7351,milo.pacocha@Corkery.com,Corkery
Dr. Irving Rowe,228.186.3736,elmer.schroeder@McGlynn.com,McGlynn
Tenisha Raynor,006.244.2872,renaldo.nolan@Walker.com,Walker
Garfield Wilderman,544-792-4403,babara.dicki@Ondricka.com,Ondricka
Melodi West,1-812-366-5524,greg.lebsack@Reichert.com,Reichert
Lashanda Mueller,(235) 717-1692,errol.effertz@Yundt.com,Yundt
Kenneth Ward,756-487-9792,lai.hauck@Haley.com,Haley
Rasheeda Klein,1-000-953-9375,esteban.corwin@MacGyver.com,MacGyver
Ms. Vernetta Emmerich,(705) 548-9497,tommy.kohler@Dietrich_and_Sons.com,Dietrich and Sons
Mr. Edgardo Reichel,1-601-455-8775,danilo.torp@Langworth.com,Langworth
Courtney Schoen,693.694.6608,pete.gerlach@Ebert_LLC.com,Ebert LLC
Ms. Tracy Welch,128-553-0981,mana.kuvalis@Cormier_Inc.com,Cormier Inc
Dahlia Becker,(630) 089-2152,adalberto.borer@Stamm.com,Stamm
Abel Willms,1-282-585-0303,richie.strosin@Gusikowski-Walter.com,Gusikowski-Walter
Nickolas Green,1-516-786-9470,wayne.bahringer@Kiehn_Inc.com,Kiehn Inc
Gus Schoen,(659) 088-1055,melani.jones@Ondricka_Inc.com,Ondricka Inc
Will Mann,792.425.0547,yi.hill@Hammes_and_Sons.com,Hammes and Sons
Maurice Botsford,809-928-3825,sabra.friesen@Stroman_and_Sons.com,Stroman and Sons
Maurita Balistreri,218.712.6823,dante.christiansen@Kuphal_Group.com,Kuphal Group
Shan Strosin PhD,635-857-6320,irwin.nitzsche@Kihn_LLC.com,Kihn LLC
Earl Pacocha,431.854.6360,yoshiko.ruecker@Hahn_and_Sons.com,Hahn and Sons
Mrs. Daniel Mayer,941.319.2661,shanti.krajcik@Homenick_and_Sons.com,Homenick and Sons
Dr. Tera Rau,998.091.6751,telma.nienow@Ebert_LLC.com,Ebert LLC
Sharda Dibbert,(036) 676-8355,erlinda.cummerata@Jones_Inc.com,Jones Inc
Linnea Brakus Jr.,493.781.9360,cole.dubuque@Adams_Inc.com,Adams Inc
Terrell Spencer,(811) 411-6742,chester.sanford@Zemlak-Cronin.com,Zemlak-Cronin
Jacquiline Collier,1-249-789-7116,su.hickle@Quitzon-Bayer.com,Quitzon-Bayer
Miyoko Renner,596-851-8210,stewart.skiles@Bailey-Hamill.com,Bailey-Hamill
Hassan Rohan I,1-294-729-9935,janessa.will@Padberg.com,Padberg
Mrs. Agustin Farrell,067-955-1236,pennie.collins@Huel-Durgan.com,Huel-Durgan
Mrs. Johnie Grant,(357) 018-9199,cedric.macgyver@Schuster.com,Schuster
Tonie Mayert,1-166-886-5301,royce.ankunding@Hermiston.com,Hermiston
Roxanne Koepp,342-894-0736,toccara.waelchi@Veum_LLC.com,Veum LLC
Chance Grant,1-932-854-6667,adalberto.bradtke@Tromp_Group.com,Tromp Group
Miss Rayna Marquardt,(569) 161-2364,brittney.pagac@Boyer_Inc.com,Boyer Inc
Felton Veum,(376) 682-7133,denver.legros@Wisozk.com,Wisozk
Dr. Jorge Gibson,1-566-491-2061,melody.frami@Olson-Kassulke.com,Olson-Kassulke
Benita Turner,(669) 511-1871,nova.brekke@Yundt-Gulgowski.com,Yundt-Gulgowski
Seth Heathcote V,(987) 289-8783,lilla.stiedemann@Davis_LLC.com,Davis LLC
Francis Feest,1-591-283-7759,soon.hermann@Wiza_LLC.com,Wiza LLC
Cristin Nienow,1-162-966-8228,james.heaney@Senger_and_Sons.com,Senger and Sons
Mr. Francis Purdy,098.996.8011,kati.donnelly@Wehner_LLC.com,Wehner LLC
Todd Windler Sr.,(023) 325-0979,thaddeus.kuvalis@Walsh-Hintz.com,Walsh-Hintz
Yolanda Roob,335.600.4661,cesar.breitenberg@Mertz_and_Sons.com,Mertz and Sons
Mr. Lesia Marquardt,1-661-088-5173,lurlene.wiza@Runolfsson.com,Runolfsson
Mariana Huel,1-046-948-3611,hee.conroy@Gerlach_Inc.com,Gerlach Inc
Matt Ritchie,911.042.4017,curt.zieme@Dietrich-Gutkowski.com,Dietrich-Gutkowski
Jonah Harris,099.306.7631,rachele.lind@Sipes.com,Sipes
Edmond Schmitt,1-490-970-7872,romana.larson@Schneider-Lockman.com,Schneider-Lockman
Kelly Borer,593.313.8805,gaston.brakus@Kassulke-Lebsack.com,Kassulke-Lebsack
Emmitt Nikolaus,(350) 226-0062,herschel.lindgren@Schaefer-Dach.com,Schaefer-Dach
Russel Schamberger,(955) 020-1294,alva.satterfield@Von.com,Von
Savanna Predovic,709.073.8754,bobby.hahn@Fahey.com,Fahey
Bruce Terry MD,(361) 744-9735,keven.gusikowski@Bins_and_Sons.com,Bins and Sons
Benita Leuschke,(796) 904-1968,joshua.ziemann@Hegmann_LLC.com,Hegmann LLC
Mari Renner,1-186-038-6922,sophia.glover@Harvey.com,Harvey
Kum Altenwerth I,1-692-873-2332,jennette.larkin@Pfannerstill.com,Pfannerstill
Roscoe Langworth,1-395-016-7849,dino.lemke@Huels_and_Sons.com,Huels and Sons
Kiesha D'Amore,(833) 206-3247,antoine.aufderhar@Goldner-Nikolaus.com,Goldner-Nikolaus
Tawana Cremin,(750) 233-8324,amiee.tillman@Kohler_Inc.com,Kohler Inc
Landon Terry III,563.918.3704,evan.kuhlman@Hammes-Shields.com,Hammes-Shields
Miss Antoine Kuhn,825.694.6059,mindi.parisian@Glover.com,Glover
Cherise Homenick DVM,(506) 438-0405,anjanette.marquardt@Murray.com,Murray
Sidney Brown,1-505-333-0542,florence.jakubowski@Baumbach_Group.com,Baumbach Group
Freddie Gorczany,(320) 364-2380,eve.nienow@Oberbrunner.com,Oberbrunner
Marivel Hand,583.813.6557,horace.grady@Koepp-Rippin.com,Koepp-Rippin
Bryan Davis DVM,912.257.2965,zackary.blanda@Herman_Inc.com,Herman Inc
Shaun Grady,201-698-9800,barton.mills@Ullrich_and_Sons.com,Ullrich and Sons
Jackie Streich,056-606-9794,genoveva.langosh@Monahan_LLC.com,Monahan LLC
Liliana Ondricka,(750) 496-0376,lonnie.torp@Kutch-Bauch.com,Kutch-Bauch
Dylan Schaefer,603-987-1182,bettyann.bailey@Hamill_Group.com,Hamill Group
Lottie Hudson V,(080) 295-0888,katie.huel@Collier-Senger.com,Collier-Senger
Tameka O'Kon,(212) 609-8725,basil.erdman@Hagenes.com,Hagenes
Josue Heathcote,(754) 208-0770,ammie.oconner@Lockman_and_Sons.com,Lockman and Sons
Alyse Gibson,350.320.5354,simon.kshlerin@Dickinson.com,Dickinson
Camellia Marquardt,543.378.1793,shavon.schuppe@Toy_LLC.com,Toy LLC
Ms. Clare Rutherford,(092) 864-4243,shad.kerluke@Williamson_Group.com,Williamson Group
Tennie Ernser,1-029-540-6118,krystina.wehner@Kihn_Inc.com,Kihn Inc
Christian Dooley,(926) 683-1087,florentina.heaney@Gleason.com,Gleason
Frederic Glover,(834) 598-5514,cary.gibson@Marks.com,Marks
Floria Beer,016.946.5299,allen.gutmann@Weimann_and_Sons.com,Weimann and Sons
Tori Metz,(943) 013-5134,glynis.kuhn@Daugherty-Oberbrunner.com,Daugherty-Oberbrunner
Yelena Farrell,812.405.9368,jeffry.conn@Cruickshank_Inc.com,Cruickshank Inc
Kristy Braun,1-204-647-6810,heidy.stroman@Price-Boyer.com,Price-Boyer
Darla Homenick,1-781-079-9558,enedina.schultz@Buckridge_Group.com,Buckridge Group
Darren Paucek,1-277-920-1413,dustin.nienow@Fisher-Gutmann.com,Fisher-Gutmann
Randolph Stehr I,876.881.2818,oren.prohaska@Cartwright.com,Cartwright
Elmo Botsford,886.064.4025,claud.nader@Ullrich-Maggio.com,Ullrich-Maggio
Celsa Kreiger,(449) 973-0396,joelle.pagac@Metz_and_Sons.com,Metz and Sons
Aubrey Graham,1-532-588-9490,alan.gottlieb@Lakin-Maggio.com,Lakin-Maggio
Irmgard Nader I,408.616.4008,blaine.wolf@Herzog.com,Herzog
Carter Schuster,693.414.5197,latoyia.langosh@Breitenberg_Inc.com,Breitenberg Inc
Yajaira Jerde,1-075-436-7867,jeanett.wisoky@Stehr-Buckridge.com,Stehr-Buckridge
Wilson Becker,1-373-085-5317,lottie.schmitt@Hudson-Bernhard.com,Hudson-Bernhard
Rodrick Trantow,780.036.0603,king.kulas@Rohan-Will.com,Rohan-Will
Mr. Brigida Ebert,605-026-7377,hassan.hagenes@McGlynn_LLC.com,McGlynn LLC
Jimmy Volkman,527-852-4994,sana.flatley@Mueller_Inc.com,Mueller Inc
Mr. Ashleigh Osinski,316-409-6868,arturo.crooks@Stoltenberg-Russel.com,Stoltenberg-Russel
Mikel Metz,1-438-247-9377,hellen.anderson@Weimann-Harris.com,Weimann-Harris
Jason Sipes,691.015.6677,alonso.sipes@Marks.com,Marks
Jake Effertz,1-183-912-7825,irwin.howe@Graham-Maggio.com,Graham-Maggio
Buddy Farrell III,1-509-460-4433,katlyn.nienow@Gottlieb.com,Gottlieb
Maria Bauch,1-721-386-0281,ina.larson@Bayer-Luettgen.com,Bayer-Luettgen
Samuel Roberts,1-231-303-7012,delpha.altenwerth@Jakubowski-Becker.com,Jakubowski-Becker
Arturo Goodwin,1-451-693-2004,joaquin.rogahn@Mills-McLaughlin.com,Mills-McLaughlin
Nicky Huels,1-206-381-5581,micha.lynch@Rempel-Labadie.com,Rempel-Labadie
Miss Zack Pollich,475-065-3148,brain.pagac@Wilkinson-Kohler.com,Wilkinson-Kohler
Darnell Rosenbaum,221.681.2721,sherlyn.greenfelder@Roob_LLC.com,Roob LLC
Mr. Alleen Cormier,(647) 449-0899,francis.kunde@Erdman.com,Erdman
Miss Lesley Schroeder,341-954-4169,morris.marvin@Hill.com,Hill
Mrs. Rubi Sanford,462-464-8291,reyes.bartell@Wintheiser-Bartell.com,Wintheiser-Bartell
Helaine Hessel,323.778.1408,jc.donnelly@Zieme-Rippin.com,Zieme-Rippin
Phillip Lynch II,1-962-667-6493,noble.jacobs@Adams.com,Adams
Crista Ebert PhD,1-240-129-2339,mai.ernser@Simonis.com,Simonis
Mrs. Edelmira Hessel,692.092.0618,regena.bergnaum@Ledner.com,Ledner
Vivien Breitenberg,798.828.3188,reinaldo.steuber@Schulist.com,Schulist
Milly Jacobson,(963) 050-3053,tyra.nienow@Hessel_LLC.com,Hessel LLC
Porfirio Wolf,373-120-2359,margarito.huel@Grimes-Rau.com,Grimes-Rau
Roland Rau,(336) 542-4146,bryon.jacobson@Zemlak-Ferry.com,Zemlak-Ferry
Noah Ullrich,452-251-6839,vern.thompson@Kozey_Group.com,Kozey Group
Doretha Sawayn,989-753-2749,leida.buckridge@Brakus.com,Brakus
Shelby Toy,247-539-2561,byron.bogisich@Hudson-Kulas.com,Hudson-Kulas
Elouise Runte,1-151-796-3284,mac.medhurst@Wuckert_and_Sons.com,Wuckert and Sons
Shanti Metz,753.254.6516,alyce.hermann@Leannon-Rodriguez.com,Leannon-Rodriguez
Boyd Glover,507.517.8722,joy.schiller@Wuckert.com,Wuckert
Elisa Leffler,302.079.9250,daphne.west@Von_and_Sons.com,Von and Sons
Daniela Rau,147-097-5699,leandro.wyman@Weber.com,Weber
Alix Reynolds,1-324-689-1492,rodrigo.halvorson@Goodwin.com,Goodwin
Ms. Sonya Wisoky,167.525.4468,rolando.little@Grimes_Inc.com,Grimes Inc
Mr. Cyrus Leannon,1-176-489-3132,ramiro.schuppe@Spinka.com,Spinka
Jimmie Leannon,285-337-6457,kaye.rutherford@Schinner-Robel.com,Schinner-Robel
Ronni Hudson,1-888-126-1112,odelia.abbott@Huel-Abshire.com,Huel-Abshire
Cecille Klocko,1-510-280-1857,hong.abernathy@Gottlieb-O'Connell.com,Gottlieb-O'Connell
Carole Hammes,(865) 160-4612,brendon.oconner@Hettinger-Kiehn.com,Hettinger-Kiehn
Camellia Altenwerth,1-573-801-2552,michal.cruickshank@Schiller.com,Schiller
Janise Schroeder,746-023-7624,sasha.rau@Beahan-Douglas.com,Beahan-Douglas
Valery Rohan,(015) 350-1728,jim.feest@Morar_LLC.com,Morar LLC
Mr. Damien Reichert,881.723.6375,leif.wisoky@Swaniawski-Schulist.com,Swaniawski-Schulist
Leandra Ward V,(098) 558-0179,caren.batz@Pouros.com,Pouros
Louis Bosco,1-171-510-7563,myung.koepp@Connelly.com,Connelly
Mrs. Kathlyn Dicki,(243) 156-8347,whitley.rolfson@Crist-Medhurst.com,Crist-Medhurst
Mitzi Turcotte,1-273-092-2275,amal.balistreri@Abbott.com,Abbott
Benjamin Kshlerin,1-527-581-5015,callie.ernser@Collier-Schmitt.com,Collier-Schmitt
Mrs. Coy Conn,(431) 763-0605,marlys.haley@Bartoletti_Group.com,Bartoletti Group
Georgiann Gislason,440.223.8310,ellis.daugherty@Williamson_Group.com,Williamson Group
Dr. Moira Johnson,1-281-755-5233,refugio.wunsch@Cronin-Cormier.com,Cronin-Cormier
Lynn Schoen DDS,1-578-080-4351,sima.howe@Tillman.com,Tillman
Bryanna Gusikowski,918.004.7208,dirk.welch@Gulgowski.com,Gulgowski
Mrs. Justin Wehner,953.592.2871,gertie.farrell@Jaskolski-Kiehn.com,Jaskolski-Kiehn
