Fredric Purdy,274.067.7915,kerri.jacobson@Nicolas.com,Nicolas
Vicente Hegmann,(937) 522-7824,jesus.morissette@Boyer-Ondricka.com,Boyer-Ondricka
Edwin Oberbrunner,434.426.6824,bennie.bednar@Fay_Inc.com,Fay Inc
Leslie Predovic,(150) 303-6187,waylon.schaden@Hickle.com,Hickle
Chauncey Keeling,1-931-660-2655,lonny.lemke@Schulist.com,Schulist
Bessie Mohr,712-124-9702,johnnie.blick@Treutel_and_Sons.com,Treutel and Sons
Donovan Johnson,1-962-809-9085,luetta.hayes@Ritchie-Daugherty.com,Ritchie-Daugherty
Reva Wolf,(197) 793-7516,albert.howell@Hackett.com,Hackett
Ms. Jonnie Walter,1-478-411-2330,bud.beahan@Kerluke-Pacocha.com,Kerluke-Pacocha
Mrs. Natosha Adams,(572) 656-4652,dani.macejkovic@Bernier_and_Sons.com,Bernier and Sons
Clarinda Terry,842.749.2750,hui.carter@Abbott-Dare.com,Abbott-Dare
Mica Collier,1-576-849-3122,dian.casper@Reilly.com,Reilly
Antwan Sauer V,513-614-2304,daniella.kshlerin@Bergnaum.com,Bergnaum
Terence Ward,1-993-232-2680,carlos.mckenzie@Hoeger_and_Sons.com,Hoeger and Sons
Bula King,051-687-1809,fredda.stracke@Hackett_LLC.com,Hackett LLC
Johnie Upton DDS,181.169.0414,branden.wisozk@Buckridge.com,Buckridge
Song Kulas,1-966-972-3603,beata.hirthe@Simonis.com,Simonis
Rayford Weissnat,727.736.0474,forest.armstrong@Luettgen.com,Luettgen
Miss Nick Pollich,1-743-367-2409,rey.powlowski@Leuschke.com,Leuschke
Terry Rempel,077.052.5550,jarvis.hermiston@Donnelly_Inc.com,Donnelly Inc
Dr. Kirstin Marks,(164) 377-5921,jae.lynch@Dooley_Group.com,Dooley Group
Hedy Mann,1-210-670-1502,barrett.price@Bins_Inc.com,Bins Inc
Franklyn Schamberger,540-931-7384,ray.rowe@Hammes-Schamberger.com,Hammes-Schamberger
Eva Zemlak,1-579-419-8329,reyna.stiedemann@Kshlerin-Funk.com,Kshlerin-Funk
Perry Haag MD,1-463-841-4896,lincoln.moore@Howe_Group.com,Howe Group
Duane Greenholt,(936) 658-0839,jacob.lubowitz@Mayert-Brekke.com,Mayert-Brekke
Mrs. Christy Pfeffer,555.225.9612,javier.hintz@Crist.com,Crist
Michel Larkin,1-857-504-7732,bruce.willms@Mohr_and_Sons.com,Mohr and Sons
Carmelina Spencer,106-041-6759,yen.weimann@Lubowitz-Christiansen.com,Lubowitz-Christiansen
Mr. Fay Buckridge,1-740-209-5199,kemberly.carroll@Walter-Barrows.com,Walter-Barrows
Miss Marylee Hagenes,155.682.1752,fredric.zboncak@Conn-Cummerata.com,Conn-Cummerata
Mrs. Chanda Tillman,(356) 666-2101,wyatt.mayer@Bosco.com,Bosco
Marion Bergnaum I,1-597-436-8347,neomi.kessler@Reynolds.com,Reynolds
Yong Denesik PhD,756.614.0385,brook.wolff@Wisozk-Johns.com,Wisozk-Johns
Tiny Mayert,176-350-1000,bud.watsica@Blanda-Ziemann.com,Blanda-Ziemann
Mr. Carri Wiza,(979) 656-7576,isaias.nitzsche@Watsica-Leuschke.com,Watsica-Leuschke
Dr. Isidra Conn,1-997-816-6731,alfonso.hegmann@Vandervort.com,Vandervort
Mendy Harvey,1-103-837-9514,estella.mante@Becker_Group.com,Becker Group
Tanya Ryan,(143) 807-7852,keila.abernathy@Senger.com,Senger
Reynalda Wisozk,148-481-0886,pinkie.champlin@Lesch-Hegmann.com,Lesch-Hegmann
Lonnie Jenkins,1-775-494-4473,candice.von@Hagenes-Watsica.com,Hagenes-Watsica
Alisia Hill,403-443-9960,zoila.witting@Ritchie.com,Ritchie
Francoise Nader,750-267-8350,kimberlee.vonrueden@Runte.com,Runte
Samual Altenwerth,807.755.0161,chance.mayert@Skiles_LLC.com,Skiles LLC
Louie Ebert,1-233-216-7449,lucius.lind@Wunsch_and_Sons.com,Wunsch and Sons
Augustine Gibson,1-330-640-2029,basil.veum@Jenkins-Pacocha.com,Jenkins-Pacocha
Edwardo Kling V,765-664-8946,danny.breitenberg@Marvin-Fadel.com,Marvin-Fadel
Ruby Goyette,(654) 033-5732,terina.bernhard@Mitchell-Stiedemann.com,Mitchell-Stiedemann
Oren Gislason,726.846.9283,steven.dietrich@Wisozk_Group.com,Wisozk Group
Stevie Turcotte,950-355-6227,ricardo.kuphal@Marvin_Inc.com,Marvin Inc
Dr. Myron Heathcote,(421) 946-1704,lashawn.koelpin@Wintheiser-Rogahn.com,Wintheiser-Rogahn
Rowena Gorczany,886.112.8021,demarcus.schowalter@Champlin_Group.com,Champlin Group
Ms. Lorriane Wisozk,404.393.4206,maxwell.collins@Purdy.com,Purdy
Paulita Hirthe,1-914-308-3704,vivienne.crona@Orn_and_Sons.com,Orn and Sons
Terra Gusikowski,1-359-483-4050,kyle.mohr@Hoeger-Kautzer.com,Hoeger-Kautzer
Reinaldo Gleichner,1-833-281-8726,darrick.dickens@Wuckert_LLC.com,Wuckert LLC
Jewell Bauch DDS,1-606-046-4495,corie.okuneva@Gerhold-Champlin.com,Gerhold-Champlin
Mr. Emile Rohan,(498) 291-7825,stuart.botsford@Bailey.com,Bailey
Rolando Conn,(806) 777-6672,vada.emmerich@Romaguera_and_Sons.com,Romaguera and Sons
Barbara Hane MD,216.783.7823,faviola.kiehn@McLaughlin_LLC.com,McLaughlin LLC
Dee Stark,751-106-1911,hung.wiza@Frami.com,Frami
Sally Greenfelder DVM,1-089-658-4014,sung.hyatt@Prohaska_Group.com,Prohaska Group
Mr. Angie Witting,962.537.9314,osvaldo.swaniawski@Rutherford_Group.com,Rutherford Group
Wm Bosco,965-187-9106,rosana.oreilly@Sporer.com,Sporer
Lecia Mills,277.778.5568,mayola.prosacco@Herzog-Cartwright.com,Herzog-Cartwright
Cristie Goyette DVM,(576) 487-4670,latoria.mitchell@Turner-Kunze.com,Turner-Kunze
Shaina Bernier,974-923-7224,carolann.larson@Morar.com,Morar
Dewey Padberg,1-407-127-0070,gary.lebsack@Gusikowski-Crona.com,Gusikowski-Crona
Michael Huels,1-980-213-0666,leopoldo.little@Kling.com,Kling
Dr. Catherina Kling,071-608-7892,scott.lemke@Mertz-Rohan.com,Mertz-Rohan
Avery Cartwright,742-452-6223,enrique.veum@Koelpin-Moen.com,Koelpin-Moen
Melvina Kub,1-625-862-5951,deloras.beier@Walker.com,Walker
Randee Green I,1-560-764-7604,evelin.lindgren@Auer-Reynolds.com,Auer-Reynolds
Silas Olson,1-919-525-6420,gilma.kovacek@Kuhlman_LLC.com,Kuhlman LLC
Mr. Carline Schamberger,(121) 348-1763,maybell.swift@Emard-Stehr.com,Emard-Stehr
Jae Streich V,(003) 185-1023,james.harris@Heathcote_Group.com,Heathcote Group
Keshia Hauck III,497-780-3623,erin.feest@Luettgen_Inc.com,Luettgen Inc
Phebe Torp,754.152.2052,joaquina.conn@Bartell_LLC.com,Bartell LLC
Dwayne King,873-997-8579,nova.reinger@Ritchie.com,Ritchie
Dwana Heller,(048) 284-7745,elinor.doyle@Pouros.com,Pouros
Colby Daniel III,1-065-704-1732,kenya.west@Reinger-Nienow.com,Reinger-Nienow
Asley Cole,(112) 724-7661,albertina.tremblay@Cremin-Lemke.com,Cremin-Lemke
Tracey Stoltenberg,822-311-8425,rico.jones@Hahn-Bradtke.com,Hahn-Bradtke
Lindsey Fadel,720.167.4177,horace.ward@Heaney.com,Heaney
Clyde Bogan,(234) 029-0923,johnsie.turner@Russel-Labadie.com,Russel-Labadie
Noble Veum Jr.,330.190.7826,eloise.walsh@Wolff_LLC.com,Wolff LLC
Tiny DuBuque,(561) 530-2103,dario.lockman@Brown_and_Sons.com,Brown and Sons
Jarred Halvorson,738-251-9713,shelton.bartell@Hackett-Beahan.com,Hackett-Beahan
Maximo Rodriguez,049.614.7995,makeda.bednar@Rempel.com,Rempel
Jim Renner,(640) 203-3217,berry.schaefer@Wisozk_Group.com,Wisozk Group
Princess Little,(467) 774-0244,markus.metz@Haag_Group.com,Haag Group
Randee Kozey Jr.,354.913.0597,jin.hill@VonRueden.com,VonRueden
Jessenia Dibbert,595.013.8770,vena.lebsack@Wilderman-Lebsack.com,Wilderman-Lebsack
Aldo Murphy,(691) 180-6911,albina.waelchi@Pacocha-Gleichner.com,Pacocha-Gleichner
Laura Fritsch,657-529-9621,bonnie.stehr@Gulgowski_and_Sons.com,Gulgowski and Sons
Shavonda Cummings,086-692-0973,derick.jast@Christiansen.com,Christiansen
Lon Schroeder,1-321-354-0296,dallas.langworth@Zboncak.com,Zboncak
Miss Brady Stamm,1-445-744-1331,lou.kerluke@Koss-Mayert.com,Koss-Mayert
Denise Yundt,1-994-247-9274,mary.langosh@O'Conner_Inc.com,O'Conner Inc
Rosario Lind V,(318) 068-7880,cecily.mohr@Johns-Howe.com,Johns-Howe
Pura Ortiz III,545-495-2567,manuel.jacobson@Heaney.com,Heaney
Tamica Nader DDS,1-463-681-9652,rosana.predovic@Thiel.com,Thiel
Donn West,120-928-7667,joshua.schuppe@Daugherty_Inc.com,Daugherty Inc
Diana Dach MD,(367) 332-2891,rosanne.wintheiser@Hodkiewicz-Gusikowski.com,Hodkiewicz-Gusikowski
Damion Price PhD,(319) 978-3772,leatha.schaefer@Schinner-Thiel.com,Schinner-Thiel
Colene Lehner Jr.,061-421-3319,angelyn.trantow@Vandervort.com,Vandervort
Reggie Swift,495.862.7273,steffanie.cassin@Reichert-Grant.com,Reichert-Grant
Zoraida Jast,403-858-5458,alphonso.boehm@Fadel.com,Fadel
Solomon Weissnat Sr.,(582) 197-0403,ambrose.jakubowski@Volkman.com,Volkman
Alethia Feeney IV,959-006-0964,kiyoko.deckow@Torphy_Group.com,Torphy Group
Jean Wyman,439.155.0451,steven.schaefer@Bednar_Group.com,Bednar Group
Miss Kendra Trantow,868-779-0337,lupe.thompson@Rath-Kohler.com,Rath-Kohler
Kenton Waelchi,1-538-943-2610,jessie.stanton@Johnston-Stanton.com,Johnston-Stanton
Vivienne Koss,(626) 725-0069,jarod.conn@Larkin-Wolff.com,Larkin-Wolff
Ross Morissette,1-393-992-8231,lesia.mcglynn@Dooley_LLC.com,Dooley LLC
Charolette Toy,354.470.6309,king.borer@Goyette_LLC.com,Goyette LLC
Kieth Murazik,1-086-933-4709,talia.rogahn@Ledner_and_Sons.com,Ledner and Sons
Lester Heller,614.337.6158,roxanna.bruen@Torp_LLC.com,Torp LLC
Ms. Brian Nader,1-017-432-4582,shelton.torphy@Sauer-Romaguera.com,Sauer-Romaguera
Geraldine Hackett,(097) 819-9383,roland.gerhold@Waelchi-Erdman.com,Waelchi-Erdman
Deon Runolfsdottir,(163) 062-4357,karolyn.konopelski@Kiehn-Kiehn.com,Kiehn-Kiehn
Mrs. Marcelle Quitzon,1-638-433-1538,joaquin.weber@Ernser_Inc.com,Ernser Inc
Kiara Jast V,1-404-886-0172,karyn.hessel@Nader_Inc.com,Nader Inc
Rosalva Donnelly,649.767.0513,kraig.feest@Lemke-Funk.com,Lemke-Funk
Hee Reichert,297-725-8380,johnny.mcclure@Windler-Rodriguez.com,Windler-Rodriguez
Thu Ondricka,1-166-201-6157,rene.bins@Kris-Mayert.com,Kris-Mayert
Pauletta Mraz,346-754-8819,delois.murphy@Ledner.com,Ledner
Scott DuBuque,1-211-296-6988,dane.macejkovic@Hammes_Inc.com,Hammes Inc
Daryl Beier,1-276-187-9356,lina.nolan@Tillman-Hudson.com,Tillman-Hudson
Kymberly Wisozk,1-923-493-8590,ethyl.romaguera@Little_and_Sons.com,Little and Sons
Blondell Fadel,461.888.9932,brady.fay@Predovic.com,Predovic
Leota Leffler,(563) 825-9715,dean.mccullough@Powlowski-Yost.com,Powlowski-Yost
Ethyl Upton,210.809.9399,armando.bode@Lemke.com,Lemke
Dr. Elanor Howell,656-422-8640,jose.bayer@Koch_Group.com,Koch Group
Mrs. Jeff Stanton,(717) 166-5793,steven.kihn@Cruickshank-O'Kon.com,Cruickshank-O'Kon
Orlando Hickle,(896) 947-0449,gregory.lockman@Flatley_Group.com,Flatley Group
Bronwyn Mertz III,1-453-086-6839,eusebio.frami@Klein-Skiles.com,Klein-Skiles
Cathleen Schumm,192-485-9069,forest.klein@Hamill_LLC.com,Hamill LLC
Catarina Osinski,546.557.2706,lowell.jerde@Gibson.com,Gibson
Merlin Will,1-771-859-5583,fritz.schuster@Keeling_and_Sons.com,Keeling and Sons
Keven Marquardt,(590) 582-9760,tina.bernhard@West-O'Conner.com,West-O'Conner
Florentino Kuhlman,683-297-5861,shoshana.becker@Harvey_Group.com,Harvey Group
Thomasena Mertz,1-594-624-8576,reynaldo.koss@Abbott_and_Sons.com,Abbott and Sons
Jamee Thompson MD,1-673-008-8799,angelena.mosciski@Luettgen_and_Sons.com,Luettgen and Sons
Luana Hauck Sr.,(078) 235-2263,ria.gibson@Collier.com,Collier
Daryl Wyman Jr.,166-769-9354,erwin.paucek@Quigley_LLC.com,Quigley LLC
Hwa Cronin,756.481.8121,rudy.homenick@Armstrong_LLC.com,Armstrong LLC
Alden Murazik,544.445.0704,julia.walsh@Koch-Deckow.com,Koch-Deckow
Jamey Kohler,(055) 884-7852,elisha.macgyver@Okuneva_Group.com,Okuneva Group
Chantel Ryan,740.081.1584,sebrina.keebler@Bailey_Inc.com,Bailey Inc
Diamond Olson,072-990-3932,francisco.oberbrunner@Predovic-Wunsch.com,Predovic-Wunsch
Chuck Gusikowski,797.973.2258,jared.keebler@Wisozk.com,Wisozk
Isreal Volkman,301-315-6084,johnnie.hammes@Wiza-Gorczany.com,Wiza-Gorczany
Marty Heidenreich,794-513-2541,corrinne.kreiger@Ortiz_Inc.com,Ortiz Inc
Randolph Schamberger,284-854-8106,beau.bartell@Paucek_and_Sons.com,Paucek and Sons
Jesica Kiehn,(154) 383-7635,ghislaine.collins@Mayer.com,Mayer
Gene Jast I,1-127-860-9657,hershel.gutmann@Abshire_Inc.com,Abshire Inc
Dung Renner,575-591-3288,rudy.veum@Wunsch.com,Wunsch
Antonio Donnelly,007.923.9657,hailey.ledner@Greenfelder.com,Greenfelder
Melvin Cruickshank,(694) 386-3113,yasuko.bosco@Bartell-Mitchell.com,Bartell-Mitchell
Daysi Lindgren,629-807-9307,byron.lakin@Bayer.com,Bayer
Ms. Timmy Jakubowski,1-319-580-7630,cecil.friesen@Frami.com,Frami
Mariam Denesik,651-818-6663,jeromy.kulas@Abernathy_LLC.com,Abernathy LLC
Enrique Jones,1-318-038-3053,arminda.cartwright@Ullrich_and_Sons.com,Ullrich and Sons
Arlie Bailey,1-754-045-7240,casey.wunsch@Dickens-Runte.com,Dickens-Runte
Davis Zboncak,(509) 779-6546,vince.sporer@Collins.com,Collins
Aline Hayes MD,871.015.2506,alejandrina.beahan@Hyatt_LLC.com,Hyatt LLC
Mrs. Jolie Bartell,146-364-1991,valentine.bechtelar@Corkery.com,Corkery
Ammie Roberts,972.856.5880,lindsey.walter@Watsica.com,Watsica
Pierre Toy,1-743-248-0143,sebastian.kunde@Nader.com,Nader
Man Roob III,1-780-073-9266,zoe.hegmann@Torp_LLC.com,Torp LLC
Toi Bode Jr.,815-800-2648,lee.feeney@Kozey_Group.com,Kozey Group
Ms. Nicky Boyer,691.763.9602,holley.hintz@King-Prosacco.com,King-Prosacco
Mrs. Williemae Yost,645-743-5548,orville.friesen@Hyatt_and_Sons.com,Hyatt and Sons
Tyson Schaden,598-311-0191,hyman.mcclure@Kris-Kling.com,Kris-Kling
Miss Coy Larson,723.254.9139,loren.hoeger@Weimann_and_Sons.com,Weimann and Sons
Ms. Hedy Ankunding,617-763-3387,raymond.marvin@Kuhn-Beahan.com,Kuhn-Beahan
Ken Rutherford,582.105.3049,zoe.schmeler@Cartwright.com,Cartwright
Caryl Steuber,1-639-708-0885,ira.harvey@Doyle-Wintheiser.com,Doyle-Wintheiser
Joshua Mosciski,004.105.6458,clement.fadel@Erdman_and_Sons.com,Erdman and Sons
Tony Prohaska,1-760-756-4473,hermina.corkery@Jacobson.com,Jacobson
Hye Pfannerstill,210-721-1949,leon.kuhn@Bartell-Rowe.com,Bartell-Rowe
James Klocko,672.673.0737,trinidad.huel@Stehr_LLC.com,Stehr LLC
Yoko Lehner III,680-530-4867,adrianne.botsford@Jast.com,Jast
Jacquelin Wolf,(914) 953-8174,asuncion.koelpin@O'Conner-Renner.com,O'Conner-Renner
Xavier Kohler,1-477-563-4943,patrick.lemke@Kub-Lebsack.com,Kub-Lebsack
Merna Haley,(865) 541-9147,isabel.kling@Murphy_Inc.com,Murphy Inc
Alden Schamberger,559.662.1467,dee.beahan@Franecki-Hodkiewicz.com,Franecki-Hodkiewicz
Dr. Charleen Keebler,893.250.3308,sherly.bogisich@Corkery_LLC.com,Corkery LLC
Carson Quigley MD,551.583.7692,breanne.schoen@Lemke_Group.com,Lemke Group
Dylan Wintheiser,712.780.5069,romeo.schultz@Kerluke_LLC.com,Kerluke LLC
Nathanael Altenwerth,(256) 027-5604,damion.johns@Graham.com,Graham
Mrs. Tiffani Gutkowski,(924) 910-0094,clarence.okon@Gusikowski-Kunde.com,Gusikowski-Kunde
Adan Kuhic,1-329-851-8666,austin.stoltenberg@Dooley_Inc.com,Dooley Inc
Jewell Schaefer,622-263-3985,edwina.bartoletti@Bergstrom.com,Bergstrom
Cheryll Spinka V,1-157-158-3822,laurence.hartmann@Wuckert_and_Sons.com,Wuckert and Sons
Wade Hartmann,1-856-287-9319,stanford.luettgen@Nader-Dach.com,Nader-Dach
Josiah Wiza,298-076-0773,mitchell.hackett@Breitenberg.com,Breitenberg
Ezra Keebler DVM,552-117-8608,abel.oreilly@Durgan.com,Durgan
Lajuana Feil II,877-927-6481,lindsay.green@Bogisich-Walsh.com,Bogisich-Walsh
Roderick Mills DDS,697-346-3309,lanelle.davis@Toy_LLC.com,Toy LLC
Mr. Tawanna Torp,792-469-6124,mi.torp@Watsica-D'Amore.com,Watsica-D'Amore
Clark Blick,1-254-072-0920,nohemi.connelly@Raynor-Terry.com,Raynor-Terry
Jesse Lind,289.264.6470,bruno.bartell@Beatty_Group.com,Beatty Group
Alva Ward,547.955.6575,ingeborg.skiles@Bayer.com,Bayer
Tesha Kris V,(343) 632-1712,odis.pouros@Hartmann.com,Hartmann
Tod Sauer V,(076) 988-2614,mora.bins@Murazik_LLC.com,Murazik LLC
Isiah Strosin,593-536-0800,isaac.abernathy@Murazik_Group.com,Murazik Group
Tamra Boyer,613-174-2276,hector.oreilly@Wehner_LLC.com,Wehner LLC
Justina Kunze,108.129.2037,bettina.metz@Douglas.com,Douglas
Daysi Okuneva,384.972.0244,julissa.beatty@Mosciski-Legros.com,Mosciski-Legros
Antonio Kulas,(944) 006-1749,genoveva.treutel@Zemlak_Group.com,Zemlak Group
Milo Gulgowski,670.849.6165,warner.sauer@Reichert_LLC.com,Reichert LLC
Ms. Theodora Hermann,(046) 532-7397,donita.zieme@Sanford-Parisian.com,Sanford-Parisian
Joaquin Goyette,(876) 955-0404,magaret.lockman@Murphy.com,Murphy
Valeria Rath,273.723.0798,lili.ledner@Ankunding-Hoppe.com,Ankunding-Hoppe
Corine Collins,092.067.1005,bertram.hansen@McLaughlin.com,McLaughlin
Adam Schamberger,1-963-240-7083,shirley.moen@Mueller_Group.com,Mueller Group
Edwin Muller,1-045-153-5671,angele.pacocha@Jast-Kreiger.com,Jast-Kreiger
Jacquline Russel,270.706.3245,winnifred.spencer@Kihn.com,Kihn
Heide Ferry,(126) 309-6243,tanner.brekke@Bode.com,Bode
Mrs. Sylvester Berge,097.681.6004,hortencia.smitham@Rodriguez-Ebert.com,Rodriguez-Ebert
Azucena Emmerich,233.047.1914,philomena.grimes@Walsh-Denesik.com,Walsh-Denesik
Kimbery Schowalter IV,857.106.8521,solomon.osinski@Huels_LLC.com,Huels LLC
Lucius Crist,(523) 993-2018,ermelinda.kozey@Bashirian-Schultz.com,Bashirian-Schultz
Mr. Lauren Rice,1-526-876-4612,micha.frami@Schowalter-Corkery.com,Schowalter-Corkery
Felicita Douglas,(072) 375-6011,abe.barton@Hahn.com,Hahn
Merilyn Cummings,655-443-7087,erwin.powlowski@Larson-Smitham.com,Larson-Smitham
Phillip Kilback,158-824-4291,kimberlee.walter@Macejkovic_LLC.com,Macejkovic LLC
Samuel Goodwin,404.573.4100,oralee.ebert@Kunde-Ratke.com,Kunde-Ratke
Ernest Little,(468) 086-9879,rene.krajcik@Wiegand-Ledner.com,Wiegand-Ledner
Machelle Deckow,(959) 847-6202,alaine.daugherty@Stracke.com,Stracke
Mack O'Hara,438.667.4884,abdul.jaskolski@Ferry.com,Ferry
Mrs. Laurena Klocko,1-915-324-8382,kris.dubuque@Kohler_LLC.com,Kohler LLC
Jared Bogan MD,(988) 633-9005,maximo.collier@Emard.com,Emard
Bradley Rosenbaum,238.125.3269,tona.gottlieb@Gottlieb_LLC.com,Gottlieb LLC
Rod Wintheiser,711-731-3013,august.kunde@Runolfsdottir-Hand.com,Runolfsdottir-Hand
Terrie Bashirian,(299) 686-8972,karlene.wunsch@Morar-Lockman.com,Morar-Lockman
Sabine Trantow,263-119-2646,joeann.terry@Altenwerth-Jakubowski.com,Altenwerth-Jakubowski
Mr. Stephaine Thiel,1-302-406-4834,janett.schimmel@Purdy.com,Purdy
Jay Carter,1-036-596-7830,jose.zieme@Murphy.com,Murphy
Cruz Bayer,1-406-776-4675,darrin.cronin@Homenick-Marquardt.com,Homenick-Marquardt
Landon Bergnaum,1-589-465-4417,toni.pagac@Koch_and_Sons.com,Koch and Sons
Ms. Delena Lang,(804) 778-8969,mack.leannon@West_and_Sons.com,West and Sons
Roderick Olson,1-535-461-7881,louie.zemlak@Gislason_Group.com,Gislason Group
Irena Howe DDS,(743) 461-0091,tora.rowe@Aufderhar.com,Aufderhar
Pasquale Jerde,1-816-044-1572,tim.rau@Schowalter.com,Schowalter
Ms. Boris Treutel,(741) 183-3630,ardelia.emard@McLaughlin-Pollich.com,McLaughlin-Pollich
Julius Romaguera,(592) 608-4120,barney.casper@Kulas_LLC.com,Kulas LLC
Sumiko Kozey,049-321-0989,tyson.satterfield@Lueilwitz.com,Lueilwitz
Mrs. Shanae Wyman,(580) 849-9345,nestor.carter@Smitham-Gaylord.com,Smitham-Gaylord
Mechelle Nolan,(987) 275-1412,howard.herzog@Bednar_Group.com,Bednar Group
Mrs. Merrie Abshire,1-742-607-7968,irena.feest@Bailey-Cormier.com,Bailey-Cormier
Eusebio Hudson,(912) 758-5322,hollis.emard@Hackett_LLC.com,Hackett LLC
Annetta Weissnat,1-585-111-4699,elroy.dicki@Nitzsche_Group.com,Nitzsche Group
Mrs. Tyree Jerde,1-274-656-9294,renate.jones@Kreiger.com,Kreiger
Ms. Delmer Kub,538-025-6122,oliver.hodkiewicz@Wolff-Kerluke.com,Wolff-Kerluke
Janeen Senger,648.033.6525,merrie.bechtelar@Goyette_Group.com,Goyette Group
Danille Heidenreich,181.185.1747,abel.rempel@Bashirian_and_Sons.com,Bashirian and Sons
Dr. Shelby Mann,(065) 306-2968,ron.ward@Aufderhar.com,Aufderhar
Rodrick Bailey,(564) 716-6889,sung.stiedemann@Windler.com,Windler
Marion Stokes,291-341-0879,lise.mitchell@Lesch_and_Sons.com,Lesch and Sons
Loris Ritchie,(642) 531-7836,eleonore.upton@MacGyver-Jacobi.com,MacGyver-Jacobi
Sal Harber,246-930-0561,florida.senger@Romaguera.com,Romaguera
Malcolm Mertz,1-603-044-2012,damien.beatty@Thiel-Klein.com,Thiel-Klein
Ms. Dara Reichert,(656) 176-4882,melina.krajcik@Bechtelar_LLC.com,Bechtelar LLC
Miss Dimple Wintheiser,(640) 226-6040,joselyn.mohr@Harris-White.com,Harris-White
Teresita Marvin,391-722-7729,elroy.kuphal@Ward_Inc.com,Ward Inc
Fabian Hane,389-683-0772,lissa.larkin@Sawayn-Renner.com,Sawayn-Renner
Dustin Thiel,051-824-3270,shane.herman@Wuckert.com,Wuckert
Refugio Braun,226.732.1451,annabelle.sporer@Waelchi_LLC.com,Waelchi LLC
Mr. Loren Metz,152-750-2615,marcelene.oberbrunner@Heidenreich_and_Sons.com,Heidenreich and Sons
Mrs. Beryl Weimann,135.036.8149,darrin.schmidt@Schultz_Group.com,Schultz Group
Ami Yundt,1-562-099-3218,apryl.dicki@Mann.com,Mann
Dr. Terence Stroman,746.135.8259,doretha.goodwin@Gaylord_LLC.com,Gaylord LLC
Rebecka Monahan DDS,(198) 987-8440,morgan.kiehn@Mayert.com,Mayert
Verlie Lindgren MD,(056) 517-5033,jeanene.hahn@Spencer-Grimes.com,Spencer-Grimes
Geoffrey Schumm,1-666-299-2571,kelley.harber@Ryan_Group.com,Ryan Group
Mrs. Marry Waters,(991) 462-7248,levi.wiza@Gottlieb.com,Gottlieb
Diedre Nitzsche,1-939-534-5784,carline.wehner@Altenwerth_and_Sons.com,Altenwerth and Sons
Damien Leuschke,(341) 699-5521,martin.kuhic@McLaughlin-O'Kon.com,McLaughlin-O'Kon
My Paucek I,(037) 559-3360,tomeka.bartoletti@Auer.com,Auer
Lamar Simonis,797-736-4412,courtney.carter@Sauer.com,Sauer
Luke Nikolaus II,1-346-381-0080,tyrell.langosh@Rowe.com,Rowe
Mr. Kanesha Volkman,205-912-7782,mahalia.bernier@Breitenberg_and_Sons.com,Breitenberg and Sons
Marlon Boyle,(060) 544-6187,ashley.rath@Jacobi.com,Jacobi
Jefferson Bergstrom,570.479.1685,dean.mante@Raynor-Walter.com,Raynor-Walter
Ute Braun I,360.209.0553,gregoria.schuster@Cruickshank-Altenwerth.com,Cruickshank-Altenwerth
Aide Toy MD,302.854.0051,kip.satterfield@Moore.com,Moore
Markus Homenick PhD,496.354.7593,machelle.kilback@Goodwin_and_Sons.com,Goodwin and Sons
Sun Botsford,1-578-782-7295,romeo.lynch@Boyle_LLC.com,Boyle LLC
Lakita Robel,1-877-215-9719,shavonne.sanford@Connelly_LLC.com,Connelly LLC
Miss Randall Hills,(253) 630-0425,mitchell.williamson@Parker-Larkin.com,Parker-Larkin
Barton Lakin,579-368-1212,rosalina.reichert@Waelchi.com,Waelchi
Maryln Lueilwitz,(898) 546-0795,lavone.waters@Jones_LLC.com,Jones LLC
Eunice Skiles,1-162-048-5826,marissa.russel@O'Keefe_Group.com,O'Keefe Group
Mrs. Andy Mosciski,171.153.7222,neil.klein@Bechtelar_and_Sons.com,Bechtelar and Sons
Mrs. Angelo Connelly,(803) 226-1098,morton.rodriguez@Shields.com,Shields
Fanny Wehner,(362) 513-1086,buck.batz@Berge-Wolf.com,Berge-Wolf
Tanika Veum Jr.,230-357-0158,jeni.tillman@Okuneva.com,Okuneva
Ruth Raynor,846.220.6404,moses.gleason@Feeney.com,Feeney
Leonora Klein,199-911-9663,marco.littel@Botsford-Jacobs.com,Botsford-Jacobs
Ruthe Heaney,1-475-199-1255,eldora.kling@Emmerich_and_Sons.com,Emmerich and Sons
Conchita Wolff DDS,(836) 859-1241,darren.beer@Spinka-Schmitt.com,Spinka-Schmitt
Dr. Matthew Runolfsdottir,900-671-7744,myung.batz@Jacobi-Lemke.com,Jacobi-Lemke
Hugo Moore,324.669.3213,lindsay.halvorson@Hilpert_LLC.com,Hilpert LLC
Blythe Buckridge,1-858-338-8813,harvey.rempel@Hoppe-Keeling.com,Hoppe-Keeling
Orlando McGlynn,(305) 609-4051,joey.bauch@Carroll.com,Carroll
Gilbert Hane,1-855-034-8200,gregoria.schumm@Larson-Auer.com,Larson-Auer
Mrs. Carey Kassulke,1-664-863-9411,ora.morar@Armstrong-Botsford.com,Armstrong-Botsford
Awilda Torp DDS,1-068-711-5274,sherman.hudson@Terry_Inc.com,Terry Inc
Ms. Myron Schaefer,1-813-145-4803,randy.larkin@Bruen_Group.com,Bruen Group
Dallas Pfeffer,121.515.5603,flo.parker@Grant_LLC.com,Grant LLC
Celestina McClure,(372) 048-5714,jewell.mohr@Hane_Group.com,Hane Group
Julee Weimann,642.783.1273,philomena.hane@Schowalter-Daniel.com,Schowalter-Daniel
Miss Lois Boehm,476.270.1493,matt.bartell@Wunsch-Treutel.com,Wunsch-Treutel
Kurtis Erdman,150.905.7742,toi.lynch@Wolff_LLC.com,Wolff LLC
Britni Wuckert,(493) 733-2499,meri.ritchie@Crooks-Bechtelar.com,Crooks-Bechtelar
Dustin Bednar V,1-709-841-4961,lucio.koepp@Dickens-Bechtelar.com,Dickens-Bechtelar
Sadye Jacobson,741.922.6823,solomon.hegmann@Weber_Group.com,Weber Group
Ms. Garret Skiles,(328) 875-6980,samual.hayes@Hill-Brekke.com,Hill-Brekke
Mrs. Jan Parker,(765) 023-3650,adena.labadie@Johnston.com,Johnston
Brian Schulist IV,(601) 864-7388,lenard.osinski@Beer-Mueller.com,Beer-Mueller
Dr. Shanna Bernier,100.619.6840,delmy.murray@Gorczany_and_Sons.com,Gorczany and Sons
Miss Marcus Romaguera,1-375-062-6382,galen.towne@Glover_and_Sons.com,Glover and Sons
Madge Hackett,1-165-777-0287,elina.klocko@Koss.com,Koss
Erinn Labadie V,1-523-754-6780,marcos.marks@Predovic_and_Sons.com,Predovic and Sons
Grisel Witting I,(308) 633-7254,cedrick.ziemann@Roberts-Steuber.com,Roberts-Steuber
Socorro Walter Sr.,(168) 446-0046,russel.schimmel@Pacocha-Schoen.com,Pacocha-Schoen
Bertram Hilpert,111.276.4459,phylicia.frami@Cremin_and_Sons.com,Cremin and Sons
Anton Predovic DVM,998-146-2772,annie.legros@Harber.com,Harber
Jarvis Hackett,(417) 035-3082,september.keebler@Barrows_and_Sons.com,Barrows and Sons
Jacquelynn Ebert Sr.,1-636-051-3986,jenette.walker@Flatley_Inc.com,Flatley Inc
Elda Mitchell,979-714-6515,loriann.pagac@Kris-Goodwin.com,Kris-Goodwin
Tabetha Grady DDS,926-567-3150,jonelle.howell@Lebsack-Barrows.com,Lebsack-Barrows
Corrine Kutch,(635) 215-0812,elliot.senger@Goldner-Raynor.com,Goldner-Raynor
Marissa Schmitt IV,565.543.1524,brett.howell@Huels.com,Huels
Miss Jessi Kshlerin,939.710.5481,corrina.stamm@Bode-Ondricka.com,Bode-Ondricka
Charlie Zboncak Jr.,800-338-5881,elvera.fay@Schaden-Bayer.com,Schaden-Bayer
Selene Renner,1-567-651-6711,elmira.blick@Watsica_LLC.com,Watsica LLC
Roy Mills,1-746-971-3477,eric.beatty@Hermiston-Schamberger.com,Hermiston-Schamberger
Chung Runte,107.495.3367,scarlet.doyle@Stokes_and_Sons.com,Stokes and Sons
Mrs. Pat Mills,1-047-424-9594,oleta.huels@Schmitt-McKenzie.com,Schmitt-McKenzie
Ursula Brekke Jr.,810-246-9880,guy.buckridge@Miller_LLC.com,Miller LLC
Derrick Berge IV,063-695-3007,adalberto.beier@Osinski_Group.com,Osinski Group
Lesley McDermott,205.020.9513,alina.reichert@Hirthe_Inc.com,Hirthe Inc
Sydney Hahn,471.192.6955,elden.stiedemann@Ernser-Swaniawski.com,Ernser-Swaniawski
Mika Jaskolski,910-477-0480,shanta.bartoletti@Kulas_and_Sons.com,Kulas and Sons
Moises Pagac,623.530.7156,darron.bahringer@Zieme.com,Zieme
Amos Hermiston,270.817.1722,vicente.mills@O'Keefe.com,O'Keefe
Dan Huels,588.913.2964,latarsha.jakubowski@Moen_and_Sons.com,Moen and Sons
Roseann Conroy,1-428-505-7873,marc.morar@Borer_Inc.com,Borer Inc
Steven Kshlerin,1-785-094-3161,cedric.little@Conroy_and_Sons.com,Conroy and Sons
Kendall Deckow,(172) 386-9959,yer.hackett@Kulas.com,Kulas
August Kertzmann,698.039.1098,dillon.wolf@Padberg-Dickens.com,Padberg-Dickens
Terisa McKenzie III,291-471-7778,ginny.kshlerin@Durgan-Wehner.com,Durgan-Wehner
Veola Paucek,459-034-8543,simone.witting@Parisian_and_Sons.com,Parisian and Sons
Dannie Pollich,433.643.9501,tony.fritsch@Bernier-Treutel.com,Bernier-Treutel
Tonita Koepp,(423) 703-7147,lizabeth.gutmann@Hermiston.com,Hermiston
Miss Elaine Spencer,1-003-324-2337,guillermo.schoen@Gislason.com,Gislason
Mariana Braun DVM,(532) 475-8149,salvador.oberbrunner@Robel-Koelpin.com,Robel-Koelpin
Chantell Reichel,(712) 012-9960,maxine.fisher@Nader.com,Nader
Anne Larson,1-612-942-9909,bryant.satterfield@Kemmer_Inc.com,Kemmer Inc
James Emmerich,271-171-7450,will.johns@Kohler.com,Kohler
Haywood Wilderman Jr.,010-677-4306,brant.koch@Davis-Kunde.com,Davis-Kunde
Doloris Nicolas,(978) 501-1277,alfonso.kshlerin@Mueller_Inc.com,Mueller Inc
Ms. Valene Schulist,324-569-1077,breanna.stroman@Adams.com,Adams
Oscar Wisozk,1-936-543-4556,sandi.hegmann@Streich_and_Sons.com,Streich and Sons
Mr. Ernie Macejkovic,1-677-015-5661,wally.koss@Harris_and_Sons.com,Harris and Sons
Tyrone Hammes,358.432.6620,salome.lubowitz@Ledner.com,Ledner
Tia Hayes,479.910.2714,muoi.schimmel@Powlowski.com,Powlowski
Rodolfo Macejkovic,588.947.9799,newton.sporer@Keeling_Group.com,Keeling Group
Everett Klocko,(912) 366-4673,lisa.dickens@MacGyver_Group.com,MacGyver Group
Dominick Bergstrom,1-934-486-0068,miguel.kreiger@Greenholt.com,Greenholt
Gerry Volkman,510.868.0302,billie.thompson@Mayer.com,Mayer
Andy Lowe,452-741-5460,james.jerde@Wilkinson.com,Wilkinson
Sylvester Graham,467.120.9975,milan.daniel@Legros.com,Legros
Laurence Hintz,384.573.2035,bryan.feil@Streich-Prohaska.com,Streich-Prohaska
Pam Koss,(997) 007-3321,matt.goldner@Langworth_Group.com,Langworth Group
Kayleigh Torp,961-653-3757,robin.reilly@Hintz-Mayert.com,Hintz-Mayert
Horacio Pouros,109.274.9843,latasha.greenfelder@Leffler_LLC.com,Leffler LLC
Tish Hamill,221.257.1585,glynda.graham@Boyer-Armstrong.com,Boyer-Armstrong
Ms. Augustine Mosciski,(216) 076-3518,robin.durgan@Kerluke-Hyatt.com,Kerluke-Hyatt
Mrs. Bessie Feest,544.510.9581,corene.keeling@Jacobs_and_Sons.com,Jacobs and Sons
Paulita Schmeler DDS,978.536.7451,lovetta.olson@Armstrong-Skiles.com,Armstrong-Skiles
Sylvester White,(018) 798-4832,branda.aufderhar@Schuppe-Kreiger.com,Schuppe-Kreiger
Daryl Ortiz,878.736.9891,maximo.hauck@Boyle_Inc.com,Boyle Inc
Gabriel Grady,804-167-7008,annabel.reilly@Reinger-Schneider.com,Reinger-Schneider
Linda Wyman,936.819.9871,irena.hagenes@Okuneva-Tromp.com,Okuneva-Tromp
Lyndia Cassin DDS,902.846.3581,beaulah.schmitt@Dare_LLC.com,Dare LLC
Kennith Runolfsson V,063.698.2773,edmundo.bailey@Ward.com,Ward
Eli Blanda,939.786.3058,simonne.considine@Ortiz_Group.com,Ortiz Group
Mrs. Reita Bauch,230-447-7728,ozzie.lemke@Walsh-Beer.com,Walsh-Beer
Will Fay,(984) 243-6803,lisandra.leannon@Lueilwitz_and_Sons.com,Lueilwitz and Sons
Benton Parker,1-409-574-3482,marianela.zemlak@Schinner.com,Schinner
Willian Friesen,943.447.3522,lucilla.gleason@Morissette-Kirlin.com,Morissette-Kirlin
Miss Darrel Funk,1-752-985-6795,margorie.romaguera@Runte_Inc.com,Runte Inc
Dr. Berry O'Conner,1-041-113-5830,micheal.moore@Volkman_Group.com,Volkman Group
Ms. Sterling Quitzon,863.121.1170,taryn.hahn@Gusikowski_and_Sons.com,Gusikowski and Sons
Misti Lesch,733.411.3893,olin.bashirian@Herzog.com,Herzog
Jarrett Kulas,1-031-226-8643,aurelio.hauck@Batz.com,Batz
Garret McClure,(846) 293-9288,robbie.hudson@Kuphal-Reinger.com,Kuphal-Reinger
Hailey Kutch,(647) 115-9473,my.hane@Beer-Kirlin.com,Beer-Kirlin
Dr. Leroy Jacobson,1-844-680-7982,louie.herman@Koss_LLC.com,Koss LLC
Jessie Schimmel,309.735.6412,zachery.johnson@Block.com,Block
Mrs. Felipa Reichel,599.709.3824,abram.schuster@Rice_Group.com,Rice Group
Michel Heidenreich,723.126.1485,melony.kunze@Feest.com,Feest
Clemencia Kuhn,1-566-450-2956,conrad.bashirian@Johns.com,Johns
Rob Wisozk,558-423-7525,susanna.hessel@Spencer-Harris.com,Spencer-Harris
Summer Paucek,1-127-075-7489,truman.ritchie@Barton-Harvey.com,Barton-Harvey
Sid Swift,786-417-7948,elna.hansen@Keeling_LLC.com,Keeling LLC
Miss Simon Emmerich,1-375-290-6350,colton.ernser@Funk.com,Funk
Ms. Yasuko Borer,(669) 504-9715,malvina.auer@Ruecker_and_Sons.com,Ruecker and Sons
Serina Goodwin,1-110-280-0287,darrin.conn@Volkman.com,Volkman
Lavone Goodwin,1-119-505-8888,yun.ullrich@Howell-Lind.com,Howell-Lind
Kandi Tremblay,1-786-974-5813,cleveland.carter@Ebert_LLC.com,Ebert LLC
Cyril Kirlin,046.001.0521,stevie.king@Kautzer-Daugherty.com,Kautzer-Daugherty
Treasa Blick,335-422-4024,monty.bernier@Dickinson_and_Sons.com,Dickinson and Sons
Julianne Tremblay,890-222-5711,rufus.mayer@Ferry.com,Ferry
Mrs. Shavonda Bins,356-319-5405,rosendo.baumbach@Mitchell_and_Sons.com,Mitchell and Sons
Melissa Berge,158.676.5423,maire.beahan@Reilly-Koelpin.com,Reilly-Koelpin
Justa Senger,1-730-398-8536,ronald.gorczany@Hermiston-Dach.com,Hermiston-Dach
Vena Terry,(604) 268-2183,normand.wuckert@Douglas-Dare.com,Douglas-Dare
Dr. Carson Pfannerstill,715-787-0312,bret.stehr@Dicki_Inc.com,Dicki Inc
Domenic Terry Jr.,1-581-213-3261,jamison.oberbrunner@Dooley.com,Dooley
Mitchel Boehm,460.390.8949,armando.smitham@Veum.com,Veum
Fernando Johns,(621) 503-8987,randolph.hermann@Kulas-Ondricka.com,Kulas-Ondricka
Bennie Johns,953.879.4763,hyo.kulas@Mosciski-Marks.com,Mosciski-Marks
Mathew Spinka MD,(189) 314-6929,analisa.ortiz@Stamm.com,Stamm
Lue Rowe,310.517.6317,tam.gibson@Rogahn_and_Sons.com,Rogahn and Sons
Lakisha Labadie,202.552.7742,travis.mccullough@Sauer.com,Sauer
Everett Fadel,415.955.2635,jamee.oconnell@Smith.com,Smith
Tamie Lynch III,140.382.6240,leland.feeney@Kunze_Group.com,Kunze Group
Lavern Hansen,1-808-520-4042,zina.hermiston@Larkin.com,Larkin
Christia Runte,775.839.8684,avery.pfeffer@Paucek.com,Paucek
Dr. Samantha McGlynn,413.656.9001,seth.hills@Hand_and_Sons.com,Hand and Sons
Mrs. Krystina Bruen,073.984.0724,sandra.koss@Torp-Medhurst.com,Torp-Medhurst
Miss Man Bode,183-660-6172,moises.vandervort@Hermann-Sporer.com,Hermann-Sporer
Gennie Beer,875.736.5895,minerva.blanda@Mayert-Schuster.com,Mayert-Schuster
Janella Murphy,621-101-6406,diane.johns@Koelpin_LLC.com,Koelpin LLC
Elma Balistreri,420-007-5693,dorothy.berge@Hintz_Inc.com,Hintz Inc
Benton Schowalter,398-005-7481,rodger.bergnaum@Wisoky_and_Sons.com,Wisoky and Sons
Niesha Bogisich,1-824-371-9132,chang.toy@Morar.com,Morar
Lonna Zboncak,1-250-213-6798,brigida.davis@Klocko.com,Klocko
Woodrow Leuschke,1-630-789-8342,delphia.stehr@Quitzon_Group.com,Quitzon Group
Joella Stanton,004.551.5373,marquetta.sanford@McGlynn.com,McGlynn
Christel Gleichner MD,198.082.0897,hong.pouros@Ruecker-Hegmann.com,Ruecker-Hegmann
Augustus Bernier,(210) 261-7893,rusty.rogahn@Reichert-Hettinger.com,Reichert-Hettinger
Minh Zulauf,192.280.1764,xiomara.skiles@Connelly_and_Sons.com,Connelly and Sons
Ralph Strosin,953.970.3910,leatrice.bruen@Hansen-Goyette.com,Hansen-Goyette
Zenia Schumm,(838) 831-4291,kendrick.klein@Langosh_and_Sons.com,Langosh and Sons
Owen Howe,250-611-9217,phyliss.green@Raynor.com,Raynor
Lashaun Windler,347.646.9883,darrin.renner@Dicki-Farrell.com,Dicki-Farrell
Rodrigo Feest,121.908.3727,kiera.cronin@Kub.com,Kub
Breanne Luettgen,510.542.1924,colby.runolfsdottir@Mann.com,Mann
Detra Cronin,477-161-8572,filiberto.moen@Stroman_Group.com,Stroman Group
Casey Raynor,1-107-902-0921,russ.denesik@Murazik-Parisian.com,Murazik-Parisian
Danelle Ankunding,534-032-2578,gerardo.schaefer@Goodwin.com,Goodwin
Issac Veum DVM,(836) 462-7229,scotty.toy@Gorczany.com,Gorczany
Iraida Hauck PhD,251-050-4657,walter.lowe@Abbott.com,Abbott
Loren Kertzmann,121-896-0525,kris.labadie@Crona_LLC.com,Crona LLC
Erasmo Mills DVM,328-145-9550,kaleigh.stiedemann@Rodriguez-Hagenes.com,Rodriguez-Hagenes
Bobby Sporer,(316) 389-4568,deshawn.marks@Ward_Inc.com,Ward Inc
Mr. Dane Kiehn,816-021-2946,lilliana.harber@Homenick_and_Sons.com,Homenick and Sons
Alberto Dare,(391) 943-5733,broderick.simonis@Bernhard_Inc.com,Bernhard Inc
Cassi Kuhic,721.112.2739,mohamed.gerhold@Homenick.com,Homenick
Russ Zulauf,247.843.3996,saul.predovic@Harris.com,Harris
Elvis Harber,1-508-468-8984,cierra.carter@Feest_Inc.com,Feest Inc
Cristi Wintheiser,1-898-008-4453,helga.schiller@Armstrong-Rutherford.com,Armstrong-Rutherford
Lesley Trantow,187.979.5540,katharyn.hintz@Legros_Group.com,Legros Group
Grady Skiles,(404) 274-9667,garry.connelly@Zulauf-Rogahn.com,Zulauf-Rogahn
Felicitas Torp,(403) 767-0883,jerry.wiegand@Lehner_and_Sons.com,Lehner and Sons
Roland Osinski MD,1-741-934-6008,hong.feeney@Hackett.com,Hackett
Haydee Trantow,1-231-423-9659,lino.kuphal@Walker.com,Walker
Willard Nikolaus V,(753) 674-4271,ula.kuhlman@Cole.com,Cole
Everette Howe,1-751-465-5747,tammie.glover@Predovic_LLC.com,Predovic LLC
Kendra Gulgowski PhD,1-826-469-6538,grady.gerlach@Dibbert.com,Dibbert
Shonta Johnston Jr.,(939) 454-1792,trenton.heller@Predovic_and_Sons.com,Predovic and Sons
Tennie Sanford,624-437-3539,eric.dickinson@Daniel-Cronin.com,Daniel-Cronin
Lettie Satterfield,(019) 691-1599,junie.schuster@Hills_Group.com,Hills Group
Nakita Christiansen V,1-268-895-8067,isreal.spencer@Buckridge_Group.com,Buckridge Group
Jeane Morissette,(290) 645-1394,monroe.bayer@Willms.com,Willms
Ms. Keesha Borer,1-637-697-2034,effie.leffler@Maggio.com,Maggio
Wayne Hermiston,(493) 140-7426,lynette.grimes@Weissnat-Jacobi.com,Weissnat-Jacobi
Freddie Reinger,604-471-6491,larry.grady@Goldner-Bergstrom.com,Goldner-Bergstrom
Laurence Kertzmann,1-514-094-7333,caryl.marks@Waelchi_LLC.com,Waelchi LLC
Allen Kohler DVM,1-302-188-4073,alix.ankunding@Keeling-Turner.com,Keeling-Turner
Araceli Lockman V,481.261.6397,allen.collier@Runte-Glover.com,Runte-Glover
Vance Leffler,028-791-2403,orlando.willms@Zulauf_LLC.com,Zulauf LLC
Laurene Gorczany,(010) 405-6600,rico.koss@Wintheiser-Ledner.com,Wintheiser-Ledner
Ms. Gustavo Quitzon,480-055-5798,cristopher.erdman@Lind.com,Lind
Susanne Wehner,1-098-747-0157,margarete.koelpin@Hodkiewicz_LLC.com,Hodkiewicz LLC
Levi Kilback,732.077.4691,bennett.adams@Jacobi-Frami.com,Jacobi-Frami
Dana Bogisich,(092) 596-8367,christoper.hansen@Schneider.com,Schneider
Monet Casper,856.306.9350,graig.mcglynn@Schneider_Group.com,Schneider Group
Dr. Evangeline Johnston,1-808-531-6782,avery.wilkinson@Nikolaus-Bauch.com,Nikolaus-Bauch
Mary Conn Jr.,1-131-114-5965,selma.hand@Ryan.com,Ryan
Dr. Ferne Bashirian,(171) 274-9129,rory.littel@Gislason-Bogisich.com,Gislason-Bogisich
Terrell Feeney MD,(074) 294-1081,michaela.grant@Goyette-Johnson.com,Goyette-Johnson
Norbert Lesch,(485) 479-8686,ardith.connelly@Witting.com,Witting
Grant Stark,1-547-371-1454,beau.krajcik@Mueller-Carter.com,Mueller-Carter
Miss Fidela Gutkowski,(409) 071-4295,alva.swaniawski@Ankunding.com,Ankunding
Freddy Schuppe DVM,857.154.3684,john.ullrich@Skiles.com,Skiles
Dr. Rolf Huel,1-658-852-9071,randa.zemlak@McClure_Inc.com,McClure Inc
Dr. Emerson Muller,656-477-6942,ethelyn.adams@Rice_Group.com,Rice Group
Benny Hessel,(195) 680-6586,jona.wunsch@MacGyver-Mann.com,MacGyver-Mann
Christian Roberts DDS,067.584.6048,rosana.feil@Kirlin.com,Kirlin
Caitlyn Zulauf DVM,(289) 805-4030,doretta.zemlak@Stehr_LLC.com,Stehr LLC
Coleman Doyle,652.205.3974,wm.hickle@Lowe.com,Lowe
Chuck Feest,411.519.6477,robert.lueilwitz@Hettinger.com,Hettinger
Mrs. Lawanna Heathcote,418.194.3710,duncan.schimmel@Cartwright.com,Cartwright
Keshia Hammes,1-334-837-8441,quintin.luettgen@Volkman-Miller.com,Volkman-Miller
Elicia Prohaska,(092) 922-4880,eloise.kihn@Hayes.com,Hayes
Carl Kihn,(193) 145-8638,fausto.emmerich@Harvey-Rowe.com,Harvey-Rowe
Nolan Padberg,(789) 126-8623,cherry.bahringer@O'Conner-Hegmann.com,O'Conner-Hegmann
Allen Bradtke IV,051.605.7666,latoya.romaguera@Murazik-Grant.com,Murazik-Grant
Britt Koelpin,957.987.3368,delpha.labadie@Balistreri-Tremblay.com,Balistreri-Tremblay
Julius Buckridge,473.559.5204,jacquie.langworth@Nitzsche.com,Nitzsche
Monnie Bailey IV,773-073-7723,markita.fritsch@Kovacek_Inc.com,Kovacek Inc
Wally Altenwerth,159.328.0881,damion.mraz@Murray_Group.com,Murray Group
Crysta Runte,(496) 916-0969,fletcher.doyle@Yundt.com,Yundt
Aaron Steuber,(725) 288-8754,beaulah.zemlak@Braun_Inc.com,Braun Inc
Jewel Wehner DVM,1-546-106-7774,layne.hane@Stanton.com,Stanton
Wayne Cronin II,728-560-9307,janiece.lynch@Brakus_Inc.com,Brakus Inc
Ms. Christoper Wilkinson,1-916-309-8254,jacalyn.bernier@Haag-Walsh.com,Haag-Walsh
Nora Effertz,739.572.3253,nora.cummerata@Kuhlman.com,Kuhlman
Dane Beer,(319) 129-0258,myong.kling@Ankunding.com,Ankunding
Kizzie McKenzie,1-898-409-5055,davina.ward@Dickens_Inc.com,Dickens Inc
Mrs. Omar Reichel,(656) 429-6176,merle.shields@Kertzmann-Altenwerth.com,Kertzmann-Altenwerth
Miss Regenia Kiehn,734.931.5749,tasia.funk@Adams-Rohan.com,Adams-Rohan
Jay Beahan,608-915-2756,hertha.mante@Reilly.com,Reilly
Kasi Schmitt,486.299.0407,moshe.bahringer@Reichel_and_Sons.com,Reichel and Sons
Tiffany Runolfsdottir,(932) 368-4555,lady.labadie@Buckridge_Group.com,Buckridge Group
Augustus Buckridge,1-010-700-8585,haydee.johnson@Parker.com,Parker
Miss Cole,(777) 304-6254,reyes.lind@Schamberger.com,Schamberger
Miss Leopoldo Bernhard,(689) 698-0241,cordia.prohaska@Kuhn-Towne.com,Kuhn-Towne
Pamila Krajcik,557-908-7929,porfirio.senger@Ledner_Group.com,Ledner Group
Waltraud Witting II,494.692.6845,iris.osinski@Abernathy-Donnelly.com,Abernathy-Donnelly
Ilda Schultz,1-121-521-3444,kimberely.cormier@Sanford_Inc.com,Sanford Inc
Chauncey Gislason,196.575.9234,nannette.metz@Spencer.com,Spencer
Terence Kling Jr.,880.145.3142,milton.beer@Moore.com,Moore
Mana Littel,392-662-4629,isabella.leffler@Crist.com,Crist
Francis Effertz PhD,718-024-7051,oda.bauch@Schuster-Hansen.com,Schuster-Hansen
Mari Little,476.804.0700,regenia.schinner@Hintz-Murray.com,Hintz-Murray
Sheila Grant,(481) 877-5001,darin.mueller@Stark.com,Stark
Lois D'Amore,(918) 191-1686,robert.bartoletti@Carroll-Barton.com,Carroll-Barton
Retta Dicki DDS,609.331.4964,virgilio.robel@Jenkins-Lebsack.com,Jenkins-Lebsack
Kelle Denesik MD,650.325.6087,deb.braun@Schowalter-Lehner.com,Schowalter-Lehner
Suzanne Langworth,(555) 194-3411,boyd.quigley@Zemlak.com,Zemlak
Ina Bergnaum,197-209-0039,roy.zulauf@Leffler-Thompson.com,Leffler-Thompson
Treva Hettinger II,1-504-203-7409,jenelle.boehm@Johnson.com,Johnson
Xavier Osinski,458.758.8252,ludie.rutherford@Dibbert-Koelpin.com,Dibbert-Koelpin
Bok Marvin,443.382.2262,jamey.brakus@Kertzmann_Group.com,Kertzmann Group
Florance Barton V,(916) 980-6416,marco.bogan@Koch_LLC.com,Koch LLC
Larissa Lindgren,(997) 057-2073,broderick.herzog@Christiansen.com,Christiansen
Willene Boyer,490.340.9205,nathanael.schamberger@Watsica.com,Watsica
Wilmer Brakus,1-151-790-2876,isaiah.carroll@Davis_Group.com,Davis Group
Rosenda Abbott,(478) 045-1678,lorenzo.ernser@Herman_and_Sons.com,Herman and Sons
Carmen Stehr,282-149-9356,adolph.dubuque@VonRueden-Dickens.com,VonRueden-Dickens
Danny Rath,277-446-1703,earlie.denesik@Orn_Group.com,Orn Group
Angelia O'Kon,626.478.4321,harvey.johnston@Klocko-Deckow.com,Klocko-Deckow
Ahmad Beahan Jr.,150-341-8049,janell.krajcik@Mante-Cummings.com,Mante-Cummings
Kimber Schaefer PhD,234.730.3412,delmar.pollich@Schmidt-Waelchi.com,Schmidt-Waelchi
Ms. Ernestine Fritsch,1-676-787-7687,roman.marks@Schultz_Inc.com,Schultz Inc
Fleta Hammes,1-341-866-4093,valencia.borer@Fisher_Group.com,Fisher Group
Eldridge Connelly,1-911-204-9830,armand.considine@Kessler_Inc.com,Kessler Inc
Katie Marquardt,270-509-7822,wade.considine@Jerde.com,Jerde
Claudine Hackett,(871) 772-2556,sebrina.langworth@Welch.com,Welch
Orville Howell,821.886.5823,rosette.flatley@Crooks_Group.com,Crooks Group
Mrs. Harlan Nader,1-415-914-2836,dierdre.spencer@Witting.com,Witting
Kaci Jakubowski,(526) 125-8005,belva.kozey@Bruen.com,Bruen
Cameron Rolfson,(198) 715-9639,samual.corwin@Rodriguez_and_Sons.com,Rodriguez and Sons
Christia Runte Sr.,158-681-1969,oren.koepp@McGlynn-Borer.com,McGlynn-Borer
Vivienne Leffler,(167) 319-9662,beckie.berge@Murazik.com,Murazik
Miss Arturo Stokes,1-650-332-3192,alexis.wiegand@Bednar.com,Bednar
Dr. Harriett Jones,(780) 012-2777,anthony.littel@Koss.com,Koss
Candance Mosciski,1-221-626-5776,renay.pfeffer@Wuckert_Inc.com,Wuckert Inc
Mrs. Kenisha Kshlerin,089-249-9323,meda.borer@Koch-Beahan.com,Koch-Beahan
Sang Little,593-594-6366,amber.schroeder@Hauck.com,Hauck
Miss Jone Schinner,544-392-4772,lady.ernser@Koss_LLC.com,Koss LLC
Jame Rutherford,338-964-6980,lindsay.anderson@Bahringer_and_Sons.com,Bahringer and Sons
Joshua Lesch,909.135.9966,van.sawayn@Ernser-Reichel.com,Ernser-Reichel
Rosenda Farrell,775.551.3244,yee.beahan@Predovic-Schmidt.com,Predovic-Schmidt
Travis Olson,238-826-3222,emma.kohler@Prohaska.com,Prohaska
Kelsey Hickle,560-535-8813,nickolas.lebsack@Kuhn-Hansen.com,Kuhn-Hansen
Mrs. Reba Mosciski,227-693-5976,demarcus.reichel@Green.com,Green
Amado Wisoky,1-204-588-3712,susana.nikolaus@Haley-Rowe.com,Haley-Rowe
Graig Gottlieb,758.106.7869,brittanie.cartwright@Frami.com,Frami
Nestor Rolfson,1-078-353-8828,jack.heaney@Leffler.com,Leffler
Mr. Archie Fahey,(823) 838-9998,brain.ziemann@Turner.com,Turner
Ms. Lashawn Schulist,839-877-5629,marlo.reinger@Bartell-Borer.com,Bartell-Borer
Regena Wisozk Jr.,1-036-410-1862,maurita.klocko@Cummerata-Welch.com,Cummerata-Welch
Amanda Jaskolski IV,709-756-5558,zora.effertz@O'Keefe_Group.com,O'Keefe Group
Trevor Koelpin,740-876-2398,freeda.vandervort@Rowe-Crooks.com,Rowe-Crooks
Jazmine Daugherty,(218) 083-8657,maragaret.weissnat@Hoppe.com,Hoppe
Sharolyn Bode,1-425-862-8464,venus.lubowitz@Collins-Howell.com,Collins-Howell
Sena Stamm,(728) 348-4603,pandora.damore@Mante-Dickinson.com,Mante-Dickinson
Lana Breitenberg,412-479-8679,bella.kozey@Torphy_Inc.com,Torphy Inc
Andra Erdman,021.079.6279,georgianne.morissette@Mohr.com,Mohr
Coleman Dare,279.653.4388,damon.mills@Walsh_LLC.com,Walsh LLC
Miss Jadwiga Abernathy,215.483.7214,scottie.metz@O'Conner.com,O'Conner
Nicholas Gaylord,951-841-2543,virgil.turner@Hettinger-Morar.com,Hettinger-Morar
Demarcus Brekke II,253-584-6706,dane.gleason@Windler.com,Windler
Lance Labadie,606-731-0188,kenya.grant@Koch-Quigley.com,Koch-Quigley
Dr. Howard Emard,1-994-399-0740,ola.brekke@Kovacek_LLC.com,Kovacek LLC
Carrol Wolf,1-880-439-2118,cathie.beer@Lemke.com,Lemke
Horacio Stanton,1-061-119-3061,floyd.buckridge@Grant_Group.com,Grant Group
Nicolas Hackett,320.549.7695,quincy.kilback@McGlynn_LLC.com,McGlynn LLC
Dr. Adolfo Durgan,1-198-127-4109,leigha.gibson@Runolfsson-Dooley.com,Runolfsson-Dooley
Royal Jones,1-624-982-3399,antwan.volkman@Kohler.com,Kohler
Major Grady,1-736-022-0089,archie.auer@Conroy-O'Hara.com,Conroy-O'Hara
Leona Sauer,148.327.6383,wiley.collins@Johnson-Bayer.com,Johnson-Bayer
Miss Deshawn Kulas,194-926-2997,dominique.fadel@Williamson-O'Connell.com,Williamson-O'Connell
Margy Effertz,1-736-560-9575,fumiko.adams@Torphy-Mayert.com,Torphy-Mayert
Milo Gusikowski,(524) 733-9595,rodger.batz@Renner-Lind.com,Renner-Lind
Nicole Halvorson IV,220-302-5648,tess.hartmann@Price-Rogahn.com,Price-Rogahn
Debbi Kirlin,499-082-3869,elias.cormier@Rolfson-Schultz.com,Rolfson-Schultz
Dr. Una Prohaska,1-783-091-2244,ruben.runte@Kautzer_LLC.com,Kautzer LLC
Ariel Bashirian,557-854-1834,parker.armstrong@Cummings-Morissette.com,Cummings-Morissette
Shaniqua Casper,026.280.5058,clorinda.yundt@Wisozk-Conn.com,Wisozk-Conn
Eileen Wilderman III,(796) 177-8611,ira.hauck@Ziemann.com,Ziemann
Leroy Daniel,(310) 257-0424,jacques.keebler@Cronin-Doyle.com,Cronin-Doyle
Mr. Damaris Funk,503-961-3223,augustine.jacobi@Lindgren.com,Lindgren
Victor Bradtke,912-387-6613,jacqueline.huel@Cruickshank.com,Cruickshank
Chantelle Crist MD,101.260.3675,destiny.dibbert@Lebsack-Olson.com,Lebsack-Olson
Lorean Grimes,1-469-985-2037,rolando.lesch@Marvin-Williamson.com,Marvin-Williamson
Mrs. Classie Stokes,(608) 751-4323,rocky.farrell@Spinka-Lind.com,Spinka-Lind
Mr. Dell Medhurst,641.492.8893,elvira.schaden@Padberg_Inc.com,Padberg Inc
Marita Funk Sr.,848.914.7135,terrell.west@Friesen.com,Friesen
Mrs. Ericka Ebert,(193) 656-8850,karl.hessel@Waelchi.com,Waelchi
Keisha Treutel IV,1-033-335-9703,stanton.streich@Mertz-Jakubowski.com,Mertz-Jakubowski
Cecil Zieme,1-103-971-9795,else.crona@Williamson-West.com,Williamson-West
Edwin Zieme,1-455-013-1967,ozzie.metz@Heller-Rice.com,Heller-Rice
Pete Abshire,180.633.2652,kortney.wunsch@Bernhard_and_Sons.com,Bernhard and Sons
Moises Stoltenberg,(274) 665-5298,gertrude.hodkiewicz@Green_Group.com,Green Group
Tonya Douglas,026.372.7056,le.doyle@Gleichner-Powlowski.com,Gleichner-Powlowski
Willa DuBuque,(074) 828-5174,mechelle.marvin@Bogisich.com,Bogisich
Juan Cartwright,801.707.4969,gilberto.quitzon@Altenwerth-Homenick.com,Altenwerth-Homenick
Jarrod Mayer,(473) 782-3218,sage.oconnell@Bayer_Inc.com,Bayer Inc
Regan Jerde DDS,057-586-5068,salvador.schinner@Bashirian_and_Sons.com,Bashirian and Sons
Wilhemina Friesen,(074) 089-2652,trudi.heidenreich@Wolff-Hand.com,Wolff-Hand
Rashad Torphy,067-307-3004,trent.feeney@Greenholt.com,Greenholt
Latoya Goyette,(489) 645-0555,mel.schultz@Wisozk-Nicolas.com,Wisozk-Nicolas
Mrs. Terisa Hand,1-185-440-0082,donnetta.stark@Kulas_Inc.com,Kulas Inc
Maira Botsford II,260.267.6773,jeremy.paucek@Watsica.com,Watsica
Mrs. Simone Frami,1-265-726-9991,nell.pouros@Johns-O'Hara.com,Johns-O'Hara
Victoria Konopelski,758.508.5322,lida.buckridge@Abbott_LLC.com,Abbott LLC
Branden Daugherty,1-922-723-2336,kaitlin.hirthe@Rodriguez-Parker.com,Rodriguez-Parker
Dr. Genevive Tremblay,(209) 901-8719,reta.kuvalis@Vandervort.com,Vandervort
Fabian Halvorson Jr.,582-046-4420,nicki.fisher@Schaefer-Dare.com,Schaefer-Dare
Earle Hackett,466-806-1925,dania.hahn@Bauch-Shanahan.com,Bauch-Shanahan
Tyson Wisozk,524.963.1344,wes.cummings@Rau_Group.com,Rau Group
Liana Beahan,541-148-4837,jesus.howe@Gorczany-King.com,Gorczany-King
Sal Stracke MD,1-453-039-5414,claudie.johns@Daugherty.com,Daugherty
Art Nienow,(695) 005-8323,susie.bernhard@Willms-Jenkins.com,Willms-Jenkins
Mr. Robby Weimann,(891) 351-8045,lisabeth.schiller@Collins.com,Collins
Mrs. Rosario Schowalter,159-289-9969,deon.grant@Reinger.com,Reinger
Carroll Christiansen,(164) 862-7148,moira.gerhold@Wintheiser.com,Wintheiser
Doreen Huel,1-410-343-8457,ayanna.gusikowski@Koss_and_Sons.com,Koss and Sons
Jona Waters,602.162.4531,ellis.padberg@Flatley_Group.com,Flatley Group
Eugene Carroll,779.528.4058,arnetta.homenick@Lakin_and_Sons.com,Lakin and Sons
Moises Kreiger,1-863-142-6379,kristen.ratke@Emmerich.com,Emmerich
Donald Beier,1-789-831-1975,evalyn.harvey@Stoltenberg.com,Stoltenberg
Shandi Crona,(186) 566-9595,lennie.hansen@Hahn.com,Hahn
Ms. Allen Bauch,(777) 611-5397,roxana.rath@McDermott_LLC.com,McDermott LLC
Bryce Nitzsche,1-876-902-3694,sybil.rippin@Vandervort_Group.com,Vandervort Group
Dr. Pedro Kautzer,1-193-308-2393,norman.grady@Champlin.com,Champlin
Thurman Nader Jr.,718-991-1966,taylor.rowe@Christiansen-Frami.com,Christiansen-Frami
Cordell Feest,446.927.2798,sparkle.daugherty@Auer-Treutel.com,Auer-Treutel
Stacy Ratke III,778.970.4395,neva.hill@Daugherty-Padberg.com,Daugherty-Padberg
Elvin Russel,(499) 895-2304,hershel.krajcik@Gerlach-Greenfelder.com,Gerlach-Greenfelder
Oscar Grant,(999) 045-1707,russell.johnston@Gorczany.com,Gorczany
Bethann Christiansen PhD,918.208.6876,jon.zieme@Corkery-Crist.com,Corkery-Crist
Tad Sporer,1-391-446-7857,belinda.conroy@Skiles.com,Skiles
Elenora Raynor,521.194.3682,lisandra.tremblay@Gerlach-Erdman.com,Gerlach-Erdman
Ilse Schultz,(320) 709-4846,ngan.haley@O'Conner.com,O'Conner
Bradley Heaney,966.442.3082,waylon.emmerich@Zieme-Kulas.com,Zieme-Kulas
Miss Ema Reilly,143.436.7107,lucius.greenholt@Murazik_Group.com,Murazik Group
Frances Bergstrom,848-072-9170,benjamin.quitzon@O'Hara_and_Sons.com,O'Hara and Sons
Erinn Stokes,(643) 397-9936,fredrick.funk@Hodkiewicz-Borer.com,Hodkiewicz-Borer
Jeremy Smith PhD,538.036.9324,fausto.hudson@Parisian-Walsh.com,Parisian-Walsh
Larisa Terry,051.340.9462,jacob.leffler@Moore.com,Moore
Lashell Gibson,608-434-5172,renita.hammes@Heller_and_Sons.com,Heller and Sons
Duncan Wiegand,060-763-1643,kimberlie.welch@Cronin-Douglas.com,Cronin-Douglas
Elvin Torphy,1-372-460-7291,zulema.leannon@Nader_LLC.com,Nader LLC
Mrs. Micah Schaden,041.880.8289,eugene.hodkiewicz@Cartwright_Group.com,Cartwright Group
Ami Fay,168-159-0659,emmanuel.schuster@Schoen_Group.com,Schoen Group
Hank Dare,302-559-2780,alethia.fadel@Doyle-Schaefer.com,Doyle-Schaefer
Miquel Goodwin,952-617-4509,ethyl.mcclure@Beahan_and_Sons.com,Beahan and Sons
Eusebio Morar,(195) 212-0366,shon.medhurst@Sipes.com,Sipes
Lynna Lakin,949-140-0972,keith.torphy@Johns_Group.com,Johns Group
Karyl Casper,213.227.4649,penelope.bailey@Hayes.com,Hayes
Rebecca Witting,1-655-597-6142,graham.reynolds@Harris-Cartwright.com,Harris-Cartwright
Abbie Pagac,(902) 099-9144,marty.blick@Baumbach-Homenick.com,Baumbach-Homenick
Fredric Emmerich,1-867-805-2726,herschel.mante@Littel_and_Sons.com,Littel and Sons
Jane Wisozk,1-521-286-5455,trevor.mann@Kunde.com,Kunde
Kristian Jaskolski II,(229) 211-2464,shawanda.dibbert@Spencer-Fadel.com,Spencer-Fadel
Rosie Hills,630-150-6298,cristopher.hodkiewicz@Sporer-Ritchie.com,Sporer-Ritchie
Russ Breitenberg,644.742.4781,brooks.kirlin@Rolfson_Inc.com,Rolfson Inc
Preston Abbott Sr.,299.942.5955,roger.terry@Schaefer.com,Schaefer
Florrie Lebsack,254-874-9784,chrystal.ratke@Williamson_Group.com,Williamson Group
Lottie Rodriguez,776.523.6561,donald.heidenreich@Schumm.com,Schumm
Quintin Runte,1-853-045-6890,beatrice.deckow@O'Connell.com,O'Connell
Berry Lebsack,(520) 832-2917,dudley.hauck@Boyer-D'Amore.com,Boyer-D'Amore
Ms. Lamont Shields,1-019-977-1604,rebekah.parisian@DuBuque_and_Sons.com,DuBuque and Sons
Rosamaria Orn Sr.,1-479-774-9796,tanna.reichert@Kautzer.com,Kautzer
Ellis Shanahan,672-681-8655,rico.wisozk@Leffler.com,Leffler
Adalberto Kshlerin Sr.,1-270-387-4346,kelvin.kertzmann@Predovic-Harvey.com,Predovic-Harvey
Shelby Welch,(591) 948-1578,lawrence.murphy@Hauck.com,Hauck
Miss Nickolas Dach,886-232-8047,mathew.cartwright@Hane_and_Sons.com,Hane and Sons
Ms. Jackie Wintheiser,666-261-9524,catina.price@Schneider-Jones.com,Schneider-Jones
Dane Ferry,018.848.4803,lena.powlowski@Schmitt.com,Schmitt
Josue Pagac,417-866-1502,dione.schimmel@Moen-Nader.com,Moen-Nader
Shayne Green,(872) 555-1993,odell.dach@Ratke.com,Ratke
Dulcie Fadel,820.508.9433,milton.gleason@Abshire-Collins.com,Abshire-Collins
Agustin Halvorson Jr.,206.702.9226,chet.kerluke@Kuhlman-Bednar.com,Kuhlman-Bednar
Darrick Jaskolski,943-564-8224,jacques.roberts@Kreiger_Group.com,Kreiger Group
Doyle Harber,555-159-0930,noel.labadie@Boyle.com,Boyle
Dr. Ammie Dietrich,479.362.7748,annett.brown@Goyette.com,Goyette
Lauryn Bradtke,1-266-822-7016,ferne.pagac@Kuhn_and_Sons.com,Kuhn and Sons
King Little Sr.,191-524-8552,lucila.mayert@Weimann-Sauer.com,Weimann-Sauer
Marquis Blick DDS,1-752-538-7221,gabriel.kshlerin@Murray_and_Sons.com,Murray and Sons
Dannie Koss DDS,430-065-2341,nakisha.reinger@Balistreri-Terry.com,Balistreri-Terry
Lawrence Gulgowski,1-732-050-1164,melodie.sawayn@Ledner-Beahan.com,Ledner-Beahan
Pat Willms,1-394-290-3366,kymberly.corkery@Walter.com,Walter
Leigh Volkman,(569) 675-0174,erasmo.botsford@Graham.com,Graham
Neomi Stanton,903-773-5217,beatriz.friesen@Murphy-Zulauf.com,Murphy-Zulauf
Miss Booker Simonis,139-407-5891,stewart.miller@Zboncak_Group.com,Zboncak Group
Ms. Lelah Johnson,1-217-626-5625,danny.brakus@Hauck-Collier.com,Hauck-Collier
Esteban Steuber,417-421-3084,roslyn.abshire@Mante_Inc.com,Mante Inc
Hilton Daniel,(339) 101-3676,chau.cronin@Funk.com,Funk
Prince Shields,1-553-511-4334,sheldon.turcotte@Johns_Group.com,Johns Group
Pam Boyer,1-781-546-4085,deetta.jakubowski@Pfannerstill_and_Sons.com,Pfannerstill and Sons
Marshall Stamm,(682) 984-1832,carin.abbott@Legros_LLC.com,Legros LLC
Frederic Christiansen,210-985-8867,major.ward@Hermann_Inc.com,Hermann Inc
Mei Beatty,1-376-664-8124,britt.harvey@Bednar.com,Bednar
Mr. Danilo Thiel,417-394-1077,syble.zulauf@Pouros.com,Pouros
Jack Gulgowski,(175) 986-9756,jovita.kirlin@Nienow_LLC.com,Nienow LLC
Mr. Milo Gutkowski,348-409-5871,suzann.legros@Feil.com,Feil
Carina Baumbach,(932) 824-0804,albertine.goldner@Wyman-Moen.com,Wyman-Moen
Ruth Wintheiser,(777) 507-5654,saran.okon@Casper-Dicki.com,Casper-Dicki
Dannie Paucek,784.120.3645,billy.schmeler@Koch_Inc.com,Koch Inc
Deangelo Larkin,(663) 256-0731,terrence.blanda@Hudson.com,Hudson
Keith Rosenbaum,782-080-5960,tammy.kunde@Bechtelar-Doyle.com,Bechtelar-Doyle
Erich Romaguera,602-133-2134,eleanora.kessler@Hagenes.com,Hagenes
Shannan Prohaska,356-596-1068,antonina.lynch@Jakubowski-Reynolds.com,Jakubowski-Reynolds
Cecil Gleason,1-947-842-0766,verdell.veum@Sporer_Group.com,Sporer Group
Duane Gutmann,969-632-7823,jimmy.pouros@Koelpin.com,Koelpin
Miss Nell Rodriguez,(127) 374-8368,kori.bergstrom@Kulas-Farrell.com,Kulas-Farrell
Ryann Bailey,1-084-172-8746,randall.upton@Conroy_Group.com,Conroy Group
Max Price,(441) 625-6058,antone.rohan@Senger.com,Senger
Mrs. Dewitt Kemmer,(272) 697-8528,pasquale.altenwerth@Spencer_LLC.com,Spencer LLC
Raphael Shields,1-989-977-1737,dania.davis@Dickinson_Group.com,Dickinson Group
Elbert Senger,1-116-294-9089,donnie.nader@Buckridge.com,Buckridge
Taneka Beer,328.551.3022,man.turcotte@Auer.com,Auer
Hope Wiegand,891.362.6742,demarcus.johnson@Kshlerin.com,Kshlerin
Toney Strosin,678.924.3638,marica.hill@D'Amore_Group.com,D'Amore Group
Harland Rippin,1-362-167-1694,trinh.beahan@Brown-Botsford.com,Brown-Botsford
Su Weimann,1-471-696-9394,anjelica.berge@Von_LLC.com,Von LLC
Eura Prohaska III,247.994.0277,shizuko.becker@Koepp.com,Koepp
Lanora Adams,073-661-7601,hermina.dicki@Schroeder.com,Schroeder
Maris Sauer,591-298-4698,soo.blanda@Hickle-Christiansen.com,Hickle-Christiansen
Chere Raynor,1-185-888-4706,emerson.ruecker@Konopelski-Skiles.com,Konopelski-Skiles
Hettie Carroll III,(940) 249-1124,gwenda.lakin@Durgan-Bode.com,Durgan-Bode
Ben Kohler MD,002-096-4507,jacalyn.wintheiser@Keeling.com,Keeling
Rusty Schamberger PhD,436.885.6712,vannessa.mccullough@Little-Beer.com,Little-Beer
Shala Barrows,688-153-1143,hilma.fahey@Leffler.com,Leffler
Dion Hand,(203) 135-2891,tamar.parisian@Sanford-Gutkowski.com,Sanford-Gutkowski
Coleman Carroll,(220) 013-8811,nancie.boyer@Bosco-Kshlerin.com,Bosco-Kshlerin
Ms. Hilton Marks,1-390-507-6714,kellie.denesik@Grimes.com,Grimes
Nathaniel Murphy,758.739.4595,dianne.yundt@Howell-Howe.com,Howell-Howe
Maud Ortiz,101-672-2537,janene.franecki@Douglas.com,Douglas
Julius Funk,570-957-4428,evan.denesik@McDermott.com,McDermott
Wilfredo Cummerata III,385-707-9174,rufus.mcglynn@Abbott-Welch.com,Abbott-Welch
Robin Prosacco,337-553-1850,walker.runte@Vandervort.com,Vandervort
Isaiah Sauer,(568) 662-7256,asa.christiansen@McCullough-Hamill.com,McCullough-Hamill
Bryon Hayes Sr.,1-586-175-3380,winona.ankunding@Crist.com,Crist
Mrs. Codi Stoltenberg,1-675-758-7826,adolfo.bednar@Dickinson_LLC.com,Dickinson LLC
Benton Macejkovic,1-333-468-0479,landon.wiegand@Effertz-Davis.com,Effertz-Davis
Caleb Windler,(495) 014-6270,zane.kuhlman@Krajcik.com,Krajcik
Deirdre Wisozk II,813.386.7252,courtney.heathcote@Lynch_and_Sons.com,Lynch and Sons
Heather Okuneva V,(505) 303-3295,bo.haag@Lang-Hermiston.com,Lang-Hermiston
Ariana Walker,1-233-683-0196,delma.ebert@Fahey.com,Fahey
Miss Stan Turcotte,472.584.6220,lilia.shields@Quitzon.com,Quitzon
Hugh Leannon,1-052-900-3958,kenisha.koelpin@Romaguera.com,Romaguera
Tanya Schumm DDS,854-591-8443,eugene.rau@Quitzon_Group.com,Quitzon Group
Jamie Casper Sr.,(704) 971-3859,ellyn.greenholt@Gusikowski_Group.com,Gusikowski Group
Eli Casper DDS,(072) 289-5343,donald.medhurst@Bode-Lebsack.com,Bode-Lebsack
Rosalinda Lang Jr.,201.678.4026,owen.klocko@Aufderhar-Prohaska.com,Aufderhar-Prohaska
Terence Toy,1-104-769-7856,johnson.wilkinson@Kerluke.com,Kerluke
Jacqulyn Renner,(384) 939-5415,celeste.kuhn@Nader-Lehner.com,Nader-Lehner
Mika Crist DDS,295.578.4713,marcus.stanton@Moore-McCullough.com,Moore-McCullough
Foster Windler,226-003-7139,mafalda.bergstrom@Reichel-Purdy.com,Reichel-Purdy
Margery Bernier,325-421-6251,reanna.gusikowski@Bradtke.com,Bradtke
Meghann Schowalter,(114) 135-1409,suzan.gleason@Brekke-Dickens.com,Brekke-Dickens
Kendrick Mann MD,948.698.3186,alonzo.cummings@Hansen-Kulas.com,Hansen-Kulas
Twila Boyle,821.059.6151,shizue.grimes@Feest-Goodwin.com,Feest-Goodwin
Mr. Reid Orn,(510) 009-2812,valentine.lynch@Cronin-Pollich.com,Cronin-Pollich
Simona Koss Jr.,(679) 328-0003,nicholle.sporer@Johns_LLC.com,Johns LLC
Dr. Marybelle Lindgren,810.469.4556,lorelei.beahan@Hegmann-D'Amore.com,Hegmann-D'Amore
Luigi Dicki,1-046-928-3933,paula.herman@Cruickshank.com,Cruickshank
Brenton Greenfelder,281-481-2478,jamel.dickinson@Stiedemann_and_Sons.com,Stiedemann and Sons
Thora Klocko II,322.959.9956,stewart.casper@Steuber_and_Sons.com,Steuber and Sons
Alejandrina Wiegand,1-579-847-5330,meggan.kertzmann@Green.com,Green
Pablo Kuhlman,1-368-769-5209,keila.simonis@Schinner-Bins.com,Schinner-Bins
Gregg Pagac,028-021-3790,valery.hessel@Block_LLC.com,Block LLC
Nona Towne,740-159-0155,goldie.fisher@Hessel-Schamberger.com,Hessel-Schamberger
Wayne Kling,1-042-884-9442,edison.heller@Spinka_Group.com,Spinka Group
Clement Stamm PhD,563.282.0690,natisha.wiza@Homenick.com,Homenick
Freddie Schmeler II,1-834-645-4100,roman.maggio@Sipes_Group.com,Sipes Group
Evette Oberbrunner,(015) 899-2705,darrin.goyette@Pouros-Grant.com,Pouros-Grant
Ms. Gianna Heller,1-212-525-2206,valda.collier@Rowe-Hahn.com,Rowe-Hahn
Martin Jacobs PhD,(360) 539-8379,jacob.huel@Ernser-Stoltenberg.com,Ernser-Stoltenberg
Rickie Kessler III,699-833-7034,mark.bogisich@Stroman.com,Stroman
Alysa Brown,175-781-4163,branden.schowalter@Toy_Inc.com,Toy Inc
Ellsworth Kiehn,(272) 996-6168,sharice.connelly@Monahan_and_Sons.com,Monahan and Sons
Errol Rutherford V,1-713-738-7792,georgiana.johnson@Anderson_and_Sons.com,Anderson and Sons
Dr. Felicidad Spencer,1-105-195-4481,tasia.ziemann@Russel.com,Russel
Erwin Kilback MD,(485) 789-8264,theda.braun@Buckridge_LLC.com,Buckridge LLC
Miss Micah Roberts,(073) 451-5110,chung.lubowitz@Toy.com,Toy
Jarrett Farrell,1-998-029-5407,corliss.rogahn@Turner-Heaney.com,Turner-Heaney
Emory Keeling IV,1-355-631-7466,matthew.legros@Schulist_Inc.com,Schulist Inc
Mara Lang,(600) 766-5156,rey.klein@Windler_Inc.com,Windler Inc
Dr. Shela Wyman,615-014-5398,yasmine.walker@Gusikowski_Group.com,Gusikowski Group
Woodrow Kunde,(755) 829-1018,audrey.kunze@Hand.com,Hand
Bobby MacGyver,554-571-3793,philip.crist@Schamberger-Goodwin.com,Schamberger-Goodwin
Ricky Rippin,1-657-621-8989,deandra.frami@Auer-Green.com,Auer-Green
Evangeline Wilderman,1-743-544-9017,raleigh.kuhlman@Hackett-Klocko.com,Hackett-Klocko
Jackie Beier,(380) 410-0125,trisha.hettinger@Hilpert_Inc.com,Hilpert Inc
Moises Langworth,485.805.7948,annita.wisozk@Bruen-Kerluke.com,Bruen-Kerluke
Ricki Murphy Jr.,1-482-737-2274,mellissa.goodwin@Rosenbaum.com,Rosenbaum
Darell Padberg,685-459-6372,ty.hoeger@Rau-Grant.com,Rau-Grant
Yanira Bosco I,(959) 361-9858,anton.daniel@Ankunding-Halvorson.com,Ankunding-Halvorson
Jan Bernhard,(004) 773-4957,man.steuber@Koss-Lemke.com,Koss-Lemke
Bridgett Rath,1-903-922-4074,johnson.quitzon@Shanahan_and_Sons.com,Shanahan and Sons
Charley Beer,505-354-8818,adrian.paucek@Lindgren-Batz.com,Lindgren-Batz
Dennis Will,956-447-3924,roy.kovacek@Hintz-Barton.com,Hintz-Barton
Buddy McGlynn,(137) 353-2883,rashad.hamill@Runolfsdottir-Turner.com,Runolfsdottir-Turner
Ronnie Koelpin,087-147-9999,ali.rath@Harris-Bergnaum.com,Harris-Bergnaum
Kristel Yost,(861) 930-5311,blanch.hegmann@Crona-Kuhic.com,Crona-Kuhic
Luke Lynch,(223) 478-3682,lizzette.walker@Berge_LLC.com,Berge LLC
Dortha Gusikowski,(003) 252-3343,jasper.bauch@Senger.com,Senger
Tameka Mann DDS,215.375.6367,rudy.spinka@Schmitt-Christiansen.com,Schmitt-Christiansen
Scottie Gleichner,376.162.4608,garry.ferry@Mante.com,Mante
Dr. Collin Parker,(186) 112-4099,voncile.mayer@Ortiz-Wiza.com,Ortiz-Wiza
Loraine Wilkinson,(871) 646-4224,leonarda.stark@Cole_Inc.com,Cole Inc
Miss Casimira Schulist,692.434.0906,brett.murazik@Roob_and_Sons.com,Roob and Sons
Hyman Wehner,431-559-5796,jules.ernser@Mosciski.com,Mosciski
Micheline Hill II,(633) 703-3965,rey.ward@Schiller-Kunde.com,Schiller-Kunde
Alfonso Mitchell,(130) 644-5625,marian.reilly@Hegmann-Runolfsdottir.com,Hegmann-Runolfsdottir
Alona Kunde,1-727-795-8320,boyd.rodriguez@Raynor_Group.com,Raynor Group
Chrystal Stracke III,1-902-425-9574,blake.ledner@Lindgren_Inc.com,Lindgren Inc
Emile Kiehn,442.914.6739,kym.windler@Kessler.com,Kessler
Clinton Raynor,698.058.9335,krystyna.doyle@Veum-Witting.com,Veum-Witting
Phillis Jerde,064.686.9987,shelley.mayert@Carter_and_Sons.com,Carter and Sons
Ms. Myrl Rippin,1-402-527-6568,tama.breitenberg@Kunde-Prohaska.com,Kunde-Prohaska
Eddie Strosin,188.392.5932,brendan.bogan@Hahn_LLC.com,Hahn LLC
Connie Turner,1-636-584-4205,andres.mraz@Franecki-Bechtelar.com,Franecki-Bechtelar
Shaun Weissnat DVM,848.078.9063,mac.bergstrom@Satterfield-Schultz.com,Satterfield-Schultz
Rob Raynor,(331) 135-5922,jeniffer.hagenes@King-Jacobi.com,King-Jacobi
Miss Jackie Cummings,1-332-248-2009,alexia.hills@Runolfsson.com,Runolfsson
Quinn Lowe,(314) 357-3467,nicholas.smitham@Pagac-Mayert.com,Pagac-Mayert
Miss Demetrius Becker,(157) 440-4742,numbers.vandervort@Armstrong_and_Sons.com,Armstrong and Sons
Andreas Gaylord,321.858.5003,vernita.schowalter@Schultz-Anderson.com,Schultz-Anderson
Junior Effertz,(982) 158-8955,yong.ruecker@Schamberger_LLC.com,Schamberger LLC
Mr. Kimiko Macejkovic,671-048-7542,buck.kris@Kiehn.com,Kiehn
Dolly Yundt,784.050.3469,wilber.wisozk@Wiegand_Inc.com,Wiegand Inc
Franchesca Roberts,1-080-443-4355,jerrie.greenfelder@Baumbach-Thiel.com,Baumbach-Thiel
Mr. Michelle Kutch,1-602-122-2557,greg.pfeffer@Ziemann_and_Sons.com,Ziemann and Sons
Florencio Lakin,521-945-4433,weston.shanahan@Hagenes_Group.com,Hagenes Group
Caroyln Sanford,822.831.0659,nigel.crist@Jast-Howe.com,Jast-Howe
Latonia Maggio,668.783.8700,gregorio.berge@Cassin-Smith.com,Cassin-Smith
Gayle Gusikowski,1-266-919-5167,pat.nitzsche@Feeney_Inc.com,Feeney Inc
Sommer Schaden,(325) 272-0328,kristen.stehr@Beatty-Farrell.com,Beatty-Farrell
Oswaldo Deckow,539.998.8440,hayden.collier@Wiza.com,Wiza
Woodrow Pfannerstill,1-248-404-7628,mariah.bruen@Towne-Bauch.com,Towne-Bauch
Ms. Alex Heathcote,1-523-172-6658,emogene.hill@Hagenes_LLC.com,Hagenes LLC
Matt Schuppe,100-466-4006,franklin.wintheiser@Wilderman-Mayer.com,Wilderman-Mayer
Dr. Ryan Block,128-397-5146,georgetta.mckenzie@Schmeler.com,Schmeler
Arden Steuber,338.988.9147,brittney.marvin@Schmidt.com,Schmidt
Kendrick Howe,(959) 928-5793,precious.dibbert@Kuvalis.com,Kuvalis
Lai Kutch III,1-864-405-6466,darius.gerhold@Schmeler-Mertz.com,Schmeler-Mertz
Chester Champlin,693-260-1073,jacinto.okon@Cassin.com,Cassin
Richard Lockman,(406) 882-8049,tim.hauck@Towne_Inc.com,Towne Inc
Son Schamberger,(136) 729-6736,maximina.sipes@Welch.com,Welch
Delila Marvin,748.476.9157,sachiko.parker@Bogisich-Emmerich.com,Bogisich-Emmerich
Rufus Bins IV,845-599-9099,antonio.johns@Hudson_Inc.com,Hudson Inc
Diedra Parisian,313-581-1123,amira.jenkins@Osinski-Balistreri.com,Osinski-Balistreri
Leanna Jacobi,(516) 874-8212,lillian.bogan@Langworth-Fritsch.com,Langworth-Fritsch
Reid Feeney,1-154-581-0170,daisy.deckow@Prohaska.com,Prohaska
Mrs. Marco Kunde,1-921-665-9029,jerome.hirthe@Auer-Mante.com,Auer-Mante
Celinda Douglas V,102-658-9723,hellen.hessel@Hahn_and_Sons.com,Hahn and Sons
Lindsey Reinger III,(127) 761-3800,lashunda.emmerich@Adams-Greenholt.com,Adams-Greenholt
Sanora Kovacek,1-164-264-7672,lucien.stracke@Ryan_and_Sons.com,Ryan and Sons
Cathie Paucek II,496-824-9877,daren.kris@Strosin.com,Strosin
Herschel Muller,(870) 425-9521,layla.volkman@Rolfson-Muller.com,Rolfson-Muller
Louann Fahey,(416) 475-1872,marshall.nicolas@Medhurst.com,Medhurst
Marie Hansen III,707.353.6988,phylicia.pollich@Effertz-Rath.com,Effertz-Rath
Ryan Smith,408-171-7353,rodolfo.reichert@Spencer.com,Spencer
Trey Johnston,(723) 947-5397,porfirio.larson@Feest.com,Feest
Earnest Blick,(758) 303-6629,leif.hettinger@Bahringer.com,Bahringer
Sang Kling,925-360-4876,julian.larkin@Donnelly-Turcotte.com,Donnelly-Turcotte
Abdul Oberbrunner,996.248.5153,edwin.predovic@Schowalter_and_Sons.com,Schowalter and Sons
Florene Ward,(873) 944-2682,cathern.jakubowski@Crooks-Bradtke.com,Crooks-Bradtke
Kerri Grady,(547) 055-4153,bridget.rath@Lakin-Barton.com,Lakin-Barton
Ms. Eli Schneider,726-307-2061,jason.lynch@Wyman_LLC.com,Wyman LLC
Miss Nita Botsford,933-334-9371,julio.frami@Vandervort.com,Vandervort
Reyes Gaylord,(093) 289-6573,vita.bernier@Price-Wuckert.com,Price-Wuckert
Russel Hudson,659-685-4806,levi.ohara@Stehr-Hayes.com,Stehr-Hayes
Marci Dach,(910) 592-3412,lashunda.simonis@Kris_Group.com,Kris Group
Margarita O'Conner,072.950.7133,cassondra.goodwin@McCullough_and_Sons.com,McCullough and Sons
Quentin Krajcik,1-535-591-8820,kathern.kovacek@Kuvalis.com,Kuvalis
Kathie Oberbrunner,262.828.2384,lida.johns@Metz.com,Metz
Angel Sporer,344.587.8695,shawn.rodriguez@Steuber_LLC.com,Steuber LLC
James Altenwerth,270-428-0627,jeromy.spinka@Wunsch_LLC.com,Wunsch LLC
Val Luettgen II,071.644.5387,lincoln.beatty@Douglas-Feeney.com,Douglas-Feeney
Mr. Daron Boyle,025.044.5890,morgan.reichert@Wyman-Leffler.com,Wyman-Leffler
Jarrett Jacobs DDS,051.303.0955,wilford.koch@Ortiz.com,Ortiz
Mr. Carlos Borer,(391) 835-8584,laine.lemke@Kiehn_and_Sons.com,Kiehn and Sons
Daryl Lockman DDS,733-577-8804,elvina.schultz@Mayer-Russel.com,Mayer-Russel
Wilton Keeling MD,521.689.4592,kasey.ziemann@Ullrich-Ernser.com,Ullrich-Ernser
Darrell Donnelly,794.769.2785,annika.cole@Grady_and_Sons.com,Grady and Sons
Errol Weber PhD,(295) 194-4752,collette.hills@Hessel_and_Sons.com,Hessel and Sons
Maximo Parisian,(854) 015-0031,merna.cole@Bednar-Anderson.com,Bednar-Anderson
Mrs. Linnea Schamberger,055.713.9741,geraldo.keebler@Donnelly_and_Sons.com,Donnelly and Sons
Parthenia Strosin I,(522) 175-7996,joannie.parker@Fadel.com,Fadel
Hunter Farrell II,976.565.3019,andrew.reilly@Stehr_and_Sons.com,Stehr and Sons
Norman Kunde,(018) 200-9088,mickey.monahan@Braun-Koelpin.com,Braun-Koelpin
Raul Thompson,(039) 029-8517,eugene.robel@Ruecker.com,Ruecker
Mrs. Babette Hauck,1-487-017-0010,adolph.ruecker@Bauch_LLC.com,Bauch LLC
Loreen Goldner,663.641.6425,marin.conroy@Ortiz.com,Ortiz
Maynard Frami,301-940-5122,sharyl.leannon@Schaden_LLC.com,Schaden LLC
Ms. Emely Harris,(077) 581-9437,winfred.hoppe@Gislason.com,Gislason
Na Lynch,677.451.3137,alida.mante@O'Keefe_LLC.com,O'Keefe LLC
Sanford Anderson,(698) 998-2524,napoleon.moen@Gaylord-Pacocha.com,Gaylord-Pacocha
Rufus Von V,226-093-9455,josh.dietrich@Gorczany.com,Gorczany
Harry Erdman,285.664.3490,valeri.pfannerstill@Kirlin_LLC.com,Kirlin LLC
Charita Osinski,791.408.2790,maurice.towne@Harber.com,Harber
Nichole Brakus,030-528-6522,kendrick.gottlieb@Hansen.com,Hansen
Paulita Morissette,915-823-3255,sammy.nicolas@Okuneva.com,Okuneva
Van Langosh MD,084-388-4267,alberto.wolff@Kertzmann_LLC.com,Kertzmann LLC
Ezekiel Casper,672-045-3270,daren.little@Cole-Jenkins.com,Cole-Jenkins
Trudi Dietrich,532-468-4283,ramiro.luettgen@Konopelski_Inc.com,Konopelski Inc
Keven Greenholt,105-040-0108,adeline.braun@Feest-Gleason.com,Feest-Gleason
Jannie Trantow,1-127-253-3426,era.macgyver@Russel-Lang.com,Russel-Lang
Barney Yost,1-115-926-0829,eugenio.carter@Boehm-Goodwin.com,Boehm-Goodwin
Junior Moore DDS,006-660-0817,shakia.dubuque@Parisian.com,Parisian
Toya Carroll,250.049.7649,leatha.stanton@Daniel.com,Daniel
Kasie Dare,(774) 844-7018,fredric.dubuque@Cole-Kuphal.com,Cole-Kuphal
Dorothy Mertz,454.559.0734,kasey.kessler@Hermiston-O'Reilly.com,Hermiston-O'Reilly
Miss Anne Bernhard,862-230-9218,helga.ledner@Murphy-Schoen.com,Murphy-Schoen
Porter Lakin,1-063-829-4100,quinn.mckenzie@Rutherford-Kutch.com,Rutherford-Kutch
Wonda Ziemann,(330) 916-4732,jocelyn.gutkowski@Thompson-Miller.com,Thompson-Miller
Bud Goodwin,451.772.6365,toya.kutch@Barton-Blick.com,Barton-Blick
Jeanetta Gottlieb Jr.,1-387-609-0276,cyndy.quitzon@White-Schimmel.com,White-Schimmel
Ileana Bauch,1-317-232-1713,allen.okon@Pouros.com,Pouros
Hyun Berge DDS,338.326.5491,doretha.moen@Spencer-Braun.com,Spencer-Braun
Noriko Barton,610.530.7245,dena.cole@Abshire-Morissette.com,Abshire-Morissette
Bobbie Hayes V,(905) 847-5749,jana.schiller@Collins_LLC.com,Collins LLC
Willy Hettinger I,(891) 082-2382,alex.lueilwitz@Kling.com,Kling
Cortez Sawayn,558.814.9204,carey.quigley@Shanahan-Hamill.com,Shanahan-Hamill
Jefferey Deckow,346.198.8968,mee.lowe@Ullrich_Inc.com,Ullrich Inc
Miss Rolf Lindgren,1-289-471-7278,jina.mante@Botsford-Smith.com,Botsford-Smith
Candance Gusikowski Sr.,1-493-427-3288,cecelia.bashirian@Emard-Lind.com,Emard-Lind
Tamatha Hansen MD,179.699.7163,annabelle.graham@Wyman-Grady.com,Wyman-Grady
Sol Reinger,(899) 159-5952,melia.veum@Collins-Weimann.com,Collins-Weimann
Ms. Ward McClure,103.521.3566,vivienne.larkin@Murazik-Grady.com,Murazik-Grady
Cristal Torp,837.041.4748,lanny.beatty@Pouros.com,Pouros
Scotty White,083.305.8942,mitch.wintheiser@Fisher_Inc.com,Fisher Inc
Leo Ruecker,450.612.4472,kenia.reichert@Stracke-Pagac.com,Stracke-Pagac
Elyse Little,(344) 290-6030,theresia.dubuque@Okuneva_Inc.com,Okuneva Inc
Dr. Avelina Abbott,937-257-9228,flora.predovic@Roob_Group.com,Roob Group
Ms. Stanley Keebler,1-549-463-1984,anton.rice@Bauch-Hartmann.com,Bauch-Hartmann
Elmira Stokes,1-697-387-9547,everette.romaguera@Olson.com,Olson
Miss Morgan Powlowski,035-656-8043,imelda.bernhard@Miller_and_Sons.com,Miller and Sons
Tricia Ferry MD,1-116-865-9015,sherman.parisian@Kessler_Group.com,Kessler Group
Wilbur Keebler,092.511.6558,wilfredo.haag@Sanford.com,Sanford
Rosalina Schulist,1-577-815-1827,josue.hyatt@Bailey.com,Bailey
Ms. Wilburn Lynch,1-655-093-7751,kati.jones@Fritsch.com,Fritsch
Felipa Morar,1-685-412-9368,keturah.bins@Mills_LLC.com,Mills LLC
Sheilah McLaughlin,(544) 493-5690,shelley.luettgen@Durgan.com,Durgan
Tanner Block,1-107-917-5976,sherryl.ritchie@Herman-Roob.com,Herman-Roob
Mauro Weber,(680) 869-8702,reyna.ward@Runolfsdottir.com,Runolfsdottir
Keri Roberts III,1-495-415-8779,mercedes.corwin@Lockman-Spencer.com,Lockman-Spencer
Marcelo Langosh,829.550.3489,darron.schimmel@Hermann_LLC.com,Hermann LLC
Danial Haag,622-355-3169,angella.ernser@Mertz-Denesik.com,Mertz-Denesik
Luisa Brown,728.320.7090,lucius.keebler@Wehner.com,Wehner
Shad Collier,(907) 970-6055,janelle.haley@Friesen-Kuhic.com,Friesen-Kuhic
Tobias Parisian DVM,699.244.3161,edmond.walker@Erdman.com,Erdman
Victor Pouros,757-350-1107,amanda.mcglynn@Collins-Hettinger.com,Collins-Hettinger
Ellsworth Botsford,141-131-1270,duncan.wiegand@Schneider_Group.com,Schneider Group
Benjamin Frami,1-183-754-1856,rueben.streich@Doyle_Inc.com,Doyle Inc
Lavonia Bergstrom,(422) 772-4764,rayford.konopelski@Jakubowski.com,Jakubowski
Ms. Pierre Hane,1-594-249-4193,mauricio.emard@Jacobi_LLC.com,Jacobi LLC
Mr. Gene Kunde,1-535-921-7391,yoko.crist@Collier.com,Collier
Clark Kulas IV,978-417-2522,damien.koch@Kerluke-Jones.com,Kerluke-Jones
Shanice Ullrich IV,1-000-479-5266,sharleen.shanahan@Muller_and_Sons.com,Muller and Sons
Diedra Grady PhD,1-119-598-2462,chris.trantow@Lemke-Ryan.com,Lemke-Ryan
Cary Koch,060-913-8667,sheridan.stroman@Marquardt-Lubowitz.com,Marquardt-Lubowitz
Mrs. Zachariah Schaefer,(867) 971-7367,yessenia.cummerata@Leannon_LLC.com,Leannon LLC
