Ms. Susy Wolf,1-189-095-6414,marcos.kunde@Schimmel-Nicolas.com,Schimmel-Nicolas
Criselda Yundt,(284)349-5843,isaias.pfeffer@Gutkowski.com,Gutkowski
Tilda Wintheiser,046-385-5105,katia.johnston@Dell.com,Dell
Bernadine Simonis,1-960-712-0828,jerrold.stoltenberg@Beats.com,Beats
Cayla Goyette,(477)999-1395,jerome.oconnell@Grant.com,Grant
Shawn Witting,391-193-4373,jonathan.parisian@Rohan-Grimes.com,Rohan-Grimes
Mario Schaefer,1-906-233-7049,chauncey.wolff@DuBuque.com,DuBuque
Sol Shields,1-751-286-8578,lanny.wisozk@Samsung.com,Samsung
Brock Zieme,651-531-9981,carline.waters@Moen.com,Moen
Delores Tillman,1-665-483-5652,james.willms@Graham.com,Graham
Elane Lehner,1-548-821-4781,meaghan.jakubowski@Nolan-Tillman.com,Nolan-Tillman
Mr. Adolfo Welch,964.784.1753,lindy.dicki@Schmidt_LLC.com,Schmidt LLC
Kimberli Hackett,425-305-9637,leonie.greenholt@Sony.com,Sony
Velda Abernathy,844-996-9947,abraham.bogan@Keebler-Lang.com,Keebler-Lang
Dalia Schinner,(388)242-4727,margareta.langosh@Becker.com,Becker
Adam VonRueden,(576)800-2554,chun.grimes@GoPro.com,GoPro
Octavio Bradtke,644.538.5786,francene.shanahan@Purdy_Inc.com,Purdy Inc
Kevin Kovacek,924-460-2121,pamela.davis@Christiansen.com,Christiansen
Matthew Sauer,165.298.9449,caleb.hamill@Mraz_Inc.com,Mraz Inc
Korey Dickinson,(321)670-5147,adrian.lindgren@Stiedemann.com,Stiedemann
Cornell Mante,1-273-143-7639,andy.langworth@Dell.com,Dell
Jewel Walker,214.178.7757,claude.heller@Beats.com,Beats
Rubin Rice,(580)548-6698,jillian.lindgren@Mante-Shields.com,Mante-Shields
Savannah DuBuque,788-399-9581,wilmer.berge@Hegmann-Price.com,Hegmann-Price
Beverley Lehner,(734)489-1951,grant.rutherford@Dickinson.com,Dickinson
Cyrus Walter,1-693-885-1536,mohammed.pacocha@Sporer.com,Sporer
Kizzy Lubowitz Sr.,(775)664-8843,floyd.weimann@Schneider-Emmerich.com,Schneider-Emmerich
Hellen Smith,(745)713-7224,trey.corkery@Apple.com,Apple
Josephine Feest,211.350.6311,chris.gusikowski@Beats.com,Beats
Lanita Jacobson,(654)851-8096,mayme.yundt@Weber-Kuvalis.com,Weber-Kuvalis
