Angelita Boehm,1-071-454-2536,leanne.ruecker@Wolff-Funk.com,Wolff-Funk
Maggie Zulauf I,1-142-115-1590,kerrie.funk@Oberbrunner-Schamberger.com,Oberbrunner-Schamberger
Khalilah Heathcote,703.264.0170,aletha.franecki@Koepp-Mante.com,Koepp-Mante
Jc Runolfsdottir II,213-312-6110,shawna.bechtelar@Admiral.com,Admiral
Maud Friesen,814-440-2725,kristeen.cassin@Schuppe.com,Schuppe
Dr. Alison Boehm,845.953.9232,nathanial.collier@Heidenreich_and_Sons.com,Heidenreich and Sons
Wendi Brown IV,626.566.1257,nathan.walsh@KitchenAid.com,KitchenAid
Elroy Pagac Jr.,420.462.7139,fletcher.cummings@Wisoky_Group.com,Wisoky Group
Xiao Lubowitz,543-750-5185,rosamond.jacobson@Morar_and_Sons.com,Morar and Sons
Kyong Stokes,(450) 843-1840,bradford.prosacco@Moore-Douglas.com,Moore-Douglas
Leeanne Rath Jr.,1-495-297-9783,laticia.berge@Harber-Dickens.com,Harber-Dickens
Delila Bernhard,891.044.2326,justin.kuhic@Block-Kemmer.com,Block-Kemmer
Quiana Altenwerth,1-399-705-8702,edmundo.murray@Amana.com,Amana
Rachael Hickle,057.038.5548,felix.shanahan@Waters.com,Waters
Monroe Brakus,(217) 671-4821,anna.little@Bogan_Group.com,Bogan Group
Thora Jakubowski,(745) 210-5138,mora.bahringer@Electrolux.com,Electrolux
Louella Torphy MD,1-881-918-1877,mui.breitenberg@Franke.com,Franke
Mr. Larraine Labadie,883-705-0344,veta.price@Heidenreich_Inc.com,Heidenreich Inc
Desire Pouros,1-494-603-6657,leigh.denesik@Legros_LLC.com,Legros LLC
Damian Doyle,013.655.0656,judson.hermann@Samsung.com,Samsung
Epifania Schowalter III,497-040-7352,ione.paucek@Spencer.com,Spencer
Mr. Santos D'Amore,1-983-002-2039,dirk.moen@Will-Dicki.com,Will-Dicki
Hai Orn,(156) 630-8964,anna.tromp@Willms.com,Willms
Elisa Oberbrunner,883.966.4105,cameron.mueller@Admiral.com,Admiral
Rick Lockman,(030) 858-7548,noelia.legros@Sharp.com,Sharp
Tom Kohler,224.523.5633,buck.daniel@Howell_and_Sons.com,Howell and Sons
Freddy Nitzsche,882-929-9867,rickey.bernier@Dach_Group.com,Dach Group
Nga Price,1-213-980-1712,lino.kilback@Marks_and_Sons.com,Marks and Sons
Landon Kunze,384-591-7214,kenneth.kiehn@KitchenAid.com,KitchenAid
Astrid Lowe Jr.,1-448-392-9751,ivan.wolff@Romaguera_Group.com,Romaguera Group
Alanna Veum,1-545-286-3563,odilia.sawayn@Russel_Inc.com,Russel Inc
Evelyn Cummings,499-485-9410,darron.gaylord@Samsung.com,Samsung
Quincy Jast,(825) 278-1855,roxanna.ankunding@KitchenAid.com,KitchenAid
Wilson Kuhic Sr.,(511) 895-8963,jan.fisher@Bode-Emmerich.com,Bode-Emmerich
Mckenzie Heller,058-172-3785,pattie.hodkiewicz@Amana.com,Amana
Corene Collier,511-140-0791,mirta.howell@KitchenAid.com,KitchenAid
Eleonor Mayert,678-374-7860,adelaide.wiegand@Blue_Star.com,Blue Star
Anabel Maggio,850.085.9648,teresita.abbott@IKEA.com,IKEA
Jasper Cormier,(574) 191-4834,herb.ledner@IKEA.com,IKEA
Jaymie Moen,153.725.7508,veda.frami@Friesen.com,Friesen
Whitney Little,952.132.1075,josef.collins@Amana.com,Amana
Candie Altenwerth IV,(033) 353-2447,manuel.johns@Runte.com,Runte
Salvador Reilly,(498) 427-0878,arnoldo.cormier@Bauch.com,Bauch
Sol Stokes,1-264-821-8462,lauralee.fahey@Connelly_Inc.com,Connelly Inc
Ms. Harry Lebsack,(898) 870-8013,aracely.weissnat@Hand-Schroeder.com,Hand-Schroeder
Christin Russel,(328) 322-0852,martin.heidenreich@Stehr.com,Stehr
Brenna Metz,229.400.8976,jeromy.waters@Davis-O'Conner.com,Davis-O'Conner
Andrew Durgan,283.230.6795,rick.dach@Samsung.com,Samsung
Johnson Lang,128.277.7518,danae.yost@Stark_and_Sons.com,Stark and Sons
Hee Bartell,041.407.3165,robena.corkery@Electrolux.com,Electrolux
Corene Grady,(552) 943-0030,dorinda.quitzon@Bosch.com,Bosch
Leatrice Donnelly,(761) 088-5571,bobbie.blick@Balistreri-Jones.com,Balistreri-Jones
Marcelene Rogahn IV,548.010.6839,annelle.abernathy@LG.com,LG
Dr. Mariah Fahey,714-763-3319,lieselotte.walter@Siemens.com,Siemens
Hiroko Mitchell,(882) 786-6172,cristopher.corwin@Siemens.com,Siemens
Bibi Huels III,462-946-3563,leroy.parker@Wunsch.com,Wunsch
Kam Deckow,967-984-8169,erinn.feest@Whirlpool.com,Whirlpool
Jed D'Amore,(443) 222-3139,bud.daniel@Parisian_and_Sons.com,Parisian and Sons
Kraig Murazik,530.464.2841,chung.hoeger@Breitenberg_Inc.com,Breitenberg Inc
Ocie Abbott,1-867-961-1277,emery.marquardt@Rempel.com,Rempel
Edris Collins,1-283-838-4468,thurman.oberbrunner@Swift.com,Swift
Larry Kirlin,393-991-5998,katia.bailey@Osinski.com,Osinski
Sid Feeney IV,504.812.7899,asia.hoeger@IKEA.com,IKEA
Dion Ortiz,152.919.8515,dion.nader@Dickinson-Schneider.com,Dickinson-Schneider
Dalton Kessler PhD,(044) 067-0509,lorette.breitenberg@Boyle_Group.com,Boyle Group
Latonia Macejkovic,(477) 466-0843,dale.jacobson@Balistreri_Group.com,Balistreri Group
Jefferson Franecki DVM,1-977-692-0573,cheree.bogisich@Conn-Cummerata.com,Conn-Cummerata
Long Gutkowski,652-710-6189,rick.balistreri@Siemens.com,Siemens
Darwin Buckridge,1-691-353-2435,fanny.bailey@Franke.com,Franke
Miss Bryant Feest,165.643.5256,dee.moen@Sharp.com,Sharp
Valentine Ratke III,1-948-335-2905,allan.huels@Stark_LLC.com,Stark LLC
Ms. Chad Hammes,611-410-1999,evan.graham@Blue_Star.com,Blue Star
Raymond Kunze,362.308.1809,wm.schowalter@Weber_and_Sons.com,Weber and Sons
Philip Lowe,(426) 038-2657,terri.price@Amana.com,Amana
Elyse Ebert,(600) 362-3664,marlene.reynolds@Barton.com,Barton
Simon Block Jr.,997-311-4241,loida.johnston@Blue_Star.com,Blue Star
Emmanuel Ritchie,108-322-5743,lazaro.luettgen@Klocko-Mosciski.com,Klocko-Mosciski
Mrs. Rico Parker,620.417.4629,vincenzo.medhurst@Siemens.com,Siemens
Alyce Dicki,1-626-952-5862,teresita.russel@Fagor.com,Fagor
Douglas Gleichner,109-750-6068,mohammad.paucek@Blue_Star.com,Blue Star
Fumiko Jacobs,363-395-4645,tessie.goodwin@McCullough.com,McCullough
Latricia Franecki,1-784-809-8793,margarito.heidenreich@Bartell.com,Bartell
Sandy Hayes Jr.,(590) 790-6133,dominic.leuschke@Franke.com,Franke
Armand Smith,(281) 290-8483,rayford.bins@Bosch.com,Bosch
Azucena Keebler,968-826-9005,kristofer.rowe@Hammes.com,Hammes
Raleigh Bogan,1-729-892-4931,ranae.dibbert@Siemens.com,Siemens
Dr. Herman Orn,(761) 272-5757,cesar.vonrueden@KitchenAid.com,KitchenAid
Hellen Von,(236) 649-9403,shanell.farrell@Franke.com,Franke
Miss Noel Hansen,1-965-137-4388,saul.rolfson@IKEA.com,IKEA
Diann Morar V,1-394-781-9736,rob.watsica@IKEA.com,IKEA
Miss Harriet Price,141-220-8537,pearle.sawayn@Hessel.com,Hessel
Shirley Moore IV,1-890-409-5569,cathy.klein@Herzog.com,Herzog
Florencio Rolfson V,105.285.0239,dee.reilly@Samsung.com,Samsung
Mina Labadie,116.289.3578,dee.leuschke@Koelpin.com,Koelpin
Chi Yundt,806-833-2279,janna.swaniawski@Kling-Legros.com,Kling-Legros
Dr. Cornelius Sauer,680.580.5145,guy.crona@Blanda_and_Sons.com,Blanda and Sons
Willard Feil,1-231-883-7302,margarito.nicolas@Beatty_Inc.com,Beatty Inc
Jerrell Rice,1-081-110-1039,gilbert.friesen@West-Rodriguez.com,West-Rodriguez
Rasheeda McClure V,699-051-4871,samantha.berge@Bogisich-Hilpert.com,Bogisich-Hilpert
Catrina Turcotte,(581) 620-3042,arlie.gibson@Harber-Kassulke.com,Harber-Kassulke
Merrill Hegmann,(657) 243-1284,cassie.schamberger@KitchenAid.com,KitchenAid
Marcos Moen DDS,1-459-874-1236,quinn.mraz@Bosch.com,Bosch
Barbera Dickinson,1-106-205-2219,ashley.koelpin@Rath_and_Sons.com,Rath and Sons
Seth Heller,740-486-1873,lavonia.oberbrunner@Amana.com,Amana
Mrs. Candi Jerde,018.079.6443,adele.christiansen@Morissette-Jakubowski.com,Morissette-Jakubowski
Zack DuBuque,122-392-1033,jeffrey.bergnaum@LG.com,LG
Mrs. Gia Bruen,1-418-474-4571,foster.deckow@Fagor.com,Fagor
Renaldo Nienow,870.582.7887,ayako.gaylord@Admiral.com,Admiral
Hyacinth Goodwin Jr.,(555) 929-4865,malvina.frami@LG.com,LG
Granville Windler,595-690-0251,david.rohan@West_Inc.com,West Inc
Brittany Reynolds,678-337-3475,alexandria.barton@Krajcik.com,Krajcik
Taylor Kuphal,1-460-152-7900,rayford.bruen@Fagor.com,Fagor
Marilu Nikolaus,(871) 627-3875,moises.yost@Blue_Star.com,Blue Star
Antonio Reynolds,004.208.2789,shawn.nitzsche@Prohaska.com,Prohaska
Millard Metz,915.954.9573,kimi.bartoletti@Pfannerstill.com,Pfannerstill
Kathi Doyle,846.204.0421,isreal.koepp@Littel_and_Sons.com,Littel and Sons
Chase Kris,(109) 858-5207,cletus.stracke@Fagor.com,Fagor
Wiley Hill DVM,1-593-473-1611,salvador.welch@Luettgen.com,Luettgen
Alec Hammes,786-358-9409,jona.skiles@Fagor.com,Fagor
Dave Harvey,505-028-8975,nelle.bins@KitchenAid.com,KitchenAid
Virgilio Grant II,535-070-3449,avery.harvey@Haag.com,Haag
Mr. Daphine Olson,997.393.8413,floyd.glover@Amana.com,Amana
Penny O'Kon,(537) 453-4664,carmelita.swaniawski@Lind_Inc.com,Lind Inc
Ms. Gertha Rodriguez,433.915.5259,alicia.langworth@Lakin_Inc.com,Lakin Inc
Raymundo Jacobi Sr.,1-430-231-1352,johnson.jerde@Amana.com,Amana
Numbers Sporer,301-164-9412,louie.feest@McDermott.com,McDermott
Jade Kuhn,1-758-479-3015,tashina.dicki@Blue_Star.com,Blue Star
Genoveva Sawayn,558.198.7278,versie.lowe@Brekke_and_Sons.com,Brekke and Sons
Cortez Gislason,227-637-8745,dinah.rempel@Gislason_Group.com,Gislason Group
Lenny Armstrong,1-173-164-2966,leonardo.mcclure@Siemens.com,Siemens
Miss Ty Becker,1-432-197-7990,bryce.rolfson@Cremin.com,Cremin
Dr. Julietta Sauer,779-456-9997,inga.reilly@Franke.com,Franke
Lanelle Hane,(024) 198-5455,micheal.mcdermott@McClure-Senger.com,McClure-Senger
Arianna Mraz,(588) 502-9888,erasmo.leffler@Fadel_Inc.com,Fadel Inc
Rosendo Ruecker,1-643-099-4953,von.fahey@Amana.com,Amana
Rafaela Skiles,(141) 311-5781,sindy.jaskolski@Reilly-Abshire.com,Reilly-Abshire
Lyle Welch,1-648-006-5292,tonita.wilkinson@Anderson.com,Anderson
Lakeisha O'Kon,(682) 033-5893,jayna.hegmann@Cartwright_LLC.com,Cartwright LLC
Derick Schultz,271.101.9775,florence.friesen@Blue_Star.com,Blue Star
Romeo Marvin,100-821-4551,darrick.gleichner@Hills.com,Hills
Gabriela Goodwin,428-743-9130,cinda.hill@Romaguera_Group.com,Romaguera Group
Mr. Salvador McLaughlin,092.739.1848,sebastian.ebert@Raynor_Group.com,Raynor Group
Shira Hodkiewicz,856-115-0747,belinda.labadie@Connelly.com,Connelly
Ambrose Kassulke DVM,(195) 009-7974,vernita.morar@Dickinson.com,Dickinson
Miss Mindi Terry,1-819-080-6254,issac.oconner@Pfeffer-Mayert.com,Pfeffer-Mayert
Matt Tillman,1-438-157-8347,maisie.durgan@Electrolux.com,Electrolux
Enedina Wiza,(728) 891-4344,trevor.hegmann@Pfeffer.com,Pfeffer
Ms. Cordie Kulas,323.396.1073,aldo.lockman@Ernser.com,Ernser
Donnell Cole Jr.,(018) 224-8505,joel.funk@IKEA.com,IKEA
Dr. Carlos Crona,297-844-2164,alica.murphy@Adams_and_Sons.com,Adams and Sons
Ronny Bailey,996-219-4953,bobbie.stanton@IKEA.com,IKEA
Lillian Wisoky Sr.,1-206-339-1254,karoline.prohaska@Carroll.com,Carroll
Jed Kuhlman,086.422.3865,francesco.dibbert@Mertz.com,Mertz
Weldon Hand,(950) 426-2618,erasmo.runolfsdottir@Admiral.com,Admiral
Murray McLaughlin Sr.,1-246-889-2447,ozzie.russel@Blue_Star.com,Blue Star
Jeanie Wilderman,174-015-0832,andrew.fritsch@Kihn.com,Kihn
Patricia Smitham,310.285.5051,chara.feest@Bosch.com,Bosch
Rickey Turner,826-732-8286,hillary.stanton@Franke.com,Franke
Chung Marquardt,1-070-699-3856,penelope.schoen@Siemens.com,Siemens
Angel Mertz,801-335-8512,bryan.bins@Reilly_Group.com,Reilly Group
Wenona Schimmel,497-375-0204,todd.koss@Balistreri.com,Balistreri
Marylee Abshire PhD,(177) 223-6837,cecille.schmidt@White-Waelchi.com,White-Waelchi
Rolanda Baumbach,916-214-7924,marci.shields@Blue_Star.com,Blue Star
Valentina Carter II,266-382-4015,russ.hammes@Whirlpool.com,Whirlpool
Zoila Witting,320-000-9334,bridgett.herman@Hermiston-Crooks.com,Hermiston-Crooks
Lindsey Walsh,1-227-745-0135,rogelio.white@Olson-Mills.com,Olson-Mills
Hee Harvey,1-162-815-2609,rueben.jacobs@Franke.com,Franke
Joye Pagac,558-892-9318,claude.cruickshank@Konopelski_Group.com,Konopelski Group
Marcene Friesen,831.130.7436,cleo.bins@Braun-Sauer.com,Braun-Sauer
Ernest Kuhic MD,(721) 064-5686,sherri.murray@Electrolux.com,Electrolux
Theo Barrows IV,(940) 568-5546,telma.miller@Siemens.com,Siemens
Mrs. Shelby Veum,398.509.6228,cesar.ondricka@D'Amore_LLC.com,D'Amore LLC
Lawrence Olson Sr.,(982) 252-2174,shu.moen@Blue_Star.com,Blue Star
Ms. Everett Corkery,1-997-457-2074,reatha.jast@KitchenAid.com,KitchenAid
Merle Quitzon,1-887-877-1308,denis.farrell@Bosch.com,Bosch
Mary Kautzer,1-718-363-7784,britt.satterfield@IKEA.com,IKEA
Mr. Toshia Schumm,852.578.4894,dave.larkin@Turner.com,Turner
Rosita Windler,266.086.1720,miki.reichel@Amana.com,Amana
Maira Swaniawski,137-120-3964,emiko.lind@Sharp.com,Sharp
Aron Stoltenberg,(133) 040-3237,sal.jerde@Sauer.com,Sauer
Jerome Goyette,404.801.5913,cody.rohan@Turcotte_Group.com,Turcotte Group
Ms. Daron Dickinson,363-868-1174,felisha.bogan@Siemens.com,Siemens
Dr. Wei Mraz,282-970-4396,mervin.collins@Emard.com,Emard
Mr. Kira Bergstrom,646-550-8059,lauri.lubowitz@Boyer.com,Boyer
Deon VonRueden,(124) 029-3623,maura.hodkiewicz@Botsford-Glover.com,Botsford-Glover
Miss Adolph Towne,681-474-2653,melony.haag@LG.com,LG
Guy Schinner,1-545-791-0658,graham.walsh@Harvey-Mertz.com,Harvey-Mertz
Phillip Raynor,806.540.2927,branden.auer@Boehm.com,Boehm
Lashay Brown,343.860.3756,frankie.wolff@KitchenAid.com,KitchenAid
Matt Cruickshank,(718) 060-6994,eula.wuckert@Samsung.com,Samsung
Marin Barton,235-642-6593,raye.daniel@Auer-Connelly.com,Auer-Connelly
Edith Kunze,869-945-0488,sona.gottlieb@Johnson.com,Johnson
Domenica Satterfield,210.759.2852,daron.harber@McLaughlin-Lowe.com,McLaughlin-Lowe
Mrs. Jaye Sporer,267.291.1854,sacha.ondricka@Bosch.com,Bosch
Mitch Raynor I,109-474-7981,evelina.huel@Mitchell-Brekke.com,Mitchell-Brekke
Wilfredo Upton,1-566-175-8356,cruz.bauch@Electrolux.com,Electrolux
Ossie Zemlak,003.001.0929,chance.robel@Samsung.com,Samsung
Zada Conroy,(544) 048-4056,maude.ebert@Considine_and_Sons.com,Considine and Sons
Patricia Langosh,1-509-650-3343,lissette.klein@Kuhn_LLC.com,Kuhn LLC
Elisabeth Von,252.399.6326,lela.schinner@Will.com,Will
Audrea Hamill,1-086-948-6224,antwan.auer@Siemens.com,Siemens
Zona Barton,1-856-521-2634,alonso.koelpin@Leffler_and_Sons.com,Leffler and Sons
Brendon Glover,1-418-622-5142,mitchel.schimmel@Waelchi.com,Waelchi
Lizbeth Homenick,397.279.1892,forrest.rodriguez@Samsung.com,Samsung
Juanita Abbott PhD,1-547-863-1066,stewart.swaniawski@Fagor.com,Fagor
Waldo Borer,057-267-9117,dorthea.altenwerth@Turcotte.com,Turcotte
Mr. Johnathon Crona,1-735-527-0632,hilario.rolfson@Admiral.com,Admiral
Clarita Haley,999-995-2149,ezekiel.bernier@Kuhn_LLC.com,Kuhn LLC
Gilberto Monahan,398-501-9736,maye.erdman@Sharp.com,Sharp
Cyril Tremblay Sr.,873-638-0990,carmelo.homenick@Electrolux.com,Electrolux
Cinda Okuneva Jr.,1-969-210-1808,zona.ernser@Reinger_Group.com,Reinger Group
Ms. Karolyn Jakubowski,227.974.7760,vashti.bins@Siemens.com,Siemens
Leonardo Feeney I,163-286-8642,tyron.mcdermott@Collier-Aufderhar.com,Collier-Aufderhar
Cassandra Ruecker,635-003-2648,charita.gulgowski@Parker_LLC.com,Parker LLC
Eusebia Metz,(507) 444-6796,monty.ferry@Siemens.com,Siemens
Miss Roosevelt Jones,332-080-6027,sarai.haag@Weber_Inc.com,Weber Inc
Shakira Mante,1-431-582-6534,neil.torphy@IKEA.com,IKEA
Anisha Nikolaus,1-431-731-2527,jesse.orn@Amana.com,Amana
Kori Quitzon III,1-214-098-7245,jan.mann@Kohler.com,Kohler
Cathey Nicolas,910-900-3844,kieth.kerluke@Cormier.com,Cormier
Tracey Wisozk IV,1-059-166-0416,norman.mckenzie@LG.com,LG
Kaylee Wolff PhD,(610) 250-6944,marcela.romaguera@Sharp.com,Sharp
Brad Erdman,(114) 856-7753,rick.brown@Siemens.com,Siemens
Tom Pacocha,816.319.5239,lynell.green@Samsung.com,Samsung
Mrs. Raleigh Lakin,(535) 269-0511,elias.thiel@KitchenAid.com,KitchenAid
Jared Veum,1-270-085-1129,kenia.oconner@Heidenreich-Wiegand.com,Heidenreich-Wiegand
Colton Pfeffer,(906) 451-6522,delora.shields@Bosch.com,Bosch
Catrina Lindgren,(518) 334-3094,keenan.brown@Blue_Star.com,Blue Star
Wayne Klein IV,(478) 251-4907,hulda.price@Sharp.com,Sharp
Dr. Cherri Hayes,(143) 579-5507,trinidad.moore@Bosch.com,Bosch
Linette Dach PhD,338-402-9335,lorenzo.lindgren@KitchenAid.com,KitchenAid
Ben Klein,(298) 983-6487,olinda.kunze@Conroy.com,Conroy
Alta Turcotte,393.272.6020,susannah.durgan@Whirlpool.com,Whirlpool
Mr. Leslie Erdman,(911) 954-5452,tommye.runolfsdottir@Fagor.com,Fagor
Marget Heller,(854) 146-0591,andy.miller@Whirlpool.com,Whirlpool
Cleveland Witting,(610) 109-7347,javier.carter@Kuphal-Hermiston.com,Kuphal-Hermiston
Ayana Green,184-908-0721,antonio.considine@Kling.com,Kling
Lenard Altenwerth,131-737-5705,ernestina.ullrich@Gleason.com,Gleason
Thomas Rau,1-930-159-6004,rosalinda.stamm@Reichel-Bernier.com,Reichel-Bernier
Wayne Bechtelar,(488) 586-7793,shella.weimann@Stoltenberg.com,Stoltenberg
Mrs. Lorenzo Nolan,781.998.0608,jed.kassulke@IKEA.com,IKEA
Mr. Elizabeth Altenwerth,302.342.6957,buster.gislason@Windler.com,Windler
Holly Dare,332.436.6508,cameron.green@LG.com,LG
Thad Ondricka DDS,146-910-6912,roberto.stark@Siemens.com,Siemens
Manie Doyle MD,150-105-0117,ruben.schultz@Grimes.com,Grimes
Rueben O'Keefe,1-636-921-1376,thaddeus.mante@Kiehn-Durgan.com,Kiehn-Durgan
Jamaal Sawayn,090.292.3875,nelson.cartwright@IKEA.com,IKEA
Clifford Johnson,(974) 615-4548,cassey.olson@Lindgren-Koch.com,Lindgren-Koch
Erik Stoltenberg,318.828.6749,rosario.klocko@Bernier_Inc.com,Bernier Inc
Brendon Mayer,1-577-573-2686,tomas.hermann@Treutel.com,Treutel
Jerry Spencer,(007) 539-5051,mammie.buckridge@Labadie.com,Labadie
Clemencia Pagac,613-987-3180,lazaro.dietrich@Kuhic_LLC.com,Kuhic LLC
Miss Refugio Goldner,(931) 548-4461,dillon.adams@Krajcik_LLC.com,Krajcik LLC
Antoine Walker,(404) 798-4207,juanita.grady@Amana.com,Amana
Thao Reynolds,1-020-070-4071,benjamin.frami@Bosch.com,Bosch
Xochitl Legros Jr.,521-979-8620,cristi.goldner@Nitzsche.com,Nitzsche
Tennie Hauck I,776.045.7455,alfreda.ward@Electrolux.com,Electrolux
Robbie Dooley,(972) 338-9290,marvin.gleichner@LG.com,LG
Annis Lehner,1-733-193-9259,arlen.senger@Hessel.com,Hessel
Esteban Bins,1-662-754-8609,glynda.leannon@Wisoky.com,Wisoky
Shanta Blick,(334) 157-9658,mary.jenkins@Sharp.com,Sharp
Kenny Roberts,(208) 332-3435,harvey.satterfield@Hahn.com,Hahn
Jefferson Monahan MD,732.726.0052,parker.botsford@Lindgren_and_Sons.com,Lindgren and Sons
Marsha Bins,(527) 009-0125,madie.kirlin@Siemens.com,Siemens
Jarred Cummings,1-513-126-7496,violet.yundt@Blue_Star.com,Blue Star
Michale Tromp,531.531.6890,jerry.tillman@Siemens.com,Siemens
Dr. Hortensia Bechtelar,1-867-915-5169,donny.mann@Hegmann_and_Sons.com,Hegmann and Sons
Rigoberto Schmeler,662-020-9467,donetta.vandervort@Sharp.com,Sharp
Earline Feeney,169.140.7326,deane.hane@Bosch.com,Bosch
Mrs. Alaine Medhurst,654-583-8473,lenny.dubuque@Amana.com,Amana
Dr. Elinor Bahringer,1-977-545-6677,jude.connelly@Kerluke-Sporer.com,Kerluke-Sporer
Hollis Goodwin,251-900-4910,rosa.lockman@LG.com,LG
Levi Crooks,(202) 724-8116,stacey.wolf@Mertz_and_Sons.com,Mertz and Sons
Dwayne Heaney,(474) 104-6333,lowell.howell@KitchenAid.com,KitchenAid
Bethany Quigley,(019) 958-3465,cyrus.prohaska@KitchenAid.com,KitchenAid
Gale Ledner,1-531-343-9681,jacquetta.streich@LG.com,LG
Laurie Funk,578.638.2010,jalisa.ernser@Fagor.com,Fagor
Francine Graham DVM,045.294.4041,rogelio.davis@Lang_Group.com,Lang Group
Kelsie Koepp,956-981-7741,jenice.stehr@Heidenreich-Gerhold.com,Heidenreich-Gerhold
Ayesha Jacobi MD,1-213-071-9190,robbie.nolan@O'Kon.com,O'Kon
Taren Blick,(368) 196-2608,rachal.morissette@Fagor.com,Fagor
Paris Marvin,709.456.7174,virginia.murphy@Samsung.com,Samsung
Mrs. Lanelle Schaden,(092) 196-8919,sammie.roob@Electrolux.com,Electrolux
Carol Bernhard,(001) 243-8357,maria.frami@Swaniawski.com,Swaniawski
Dr. Sana Heaney,1-106-405-1363,patty.kemmer@Bernhard.com,Bernhard
Shirley Koch MD,363.830.9394,chi.champlin@Blue_Star.com,Blue Star
Mrs. Katia Langworth,1-506-048-9823,roderick.walsh@Mayer-Anderson.com,Mayer-Anderson
Dr. Cameron DuBuque,077-219-7927,kevin.bins@Admiral.com,Admiral
Dwayne Bechtelar,1-848-806-9140,rosendo.stokes@Sharp.com,Sharp
Renna Jakubowski I,639.628.3853,reinaldo.batz@Hane-Kohler.com,Hane-Kohler
Brenton Walsh,(235) 865-8690,isiah.torphy@Schuppe-Reichel.com,Schuppe-Reichel
Russ Kautzer,(548) 867-9984,lori.white@Russel.com,Russel
Burl Gutmann Jr.,(482) 882-2125,gail.rau@LG.com,LG
Mr. Tawana Nicolas,837-190-9609,harold.osinski@Lebsack.com,Lebsack
Ms. Sandi Graham,1-346-411-6634,devin.torp@Schmitt.com,Schmitt
Josiah Ryan,1-043-385-4585,royal.watsica@Samsung.com,Samsung
Marjory Romaguera,1-395-858-5912,frank.kovacek@Admiral.com,Admiral
Leonardo Lemke,033.341.7286,leandro.gaylord@Ullrich.com,Ullrich
Shannon Veum,(375) 707-6231,georgene.cummings@Wilderman_and_Sons.com,Wilderman and Sons
Rubin Beahan,467.589.0357,lawrence.strosin@Siemens.com,Siemens
Mrs. Sung Koch,104-925-5705,sybil.weimann@McKenzie-Grant.com,McKenzie-Grant
Daron Mraz,396.481.9386,iesha.ferry@Bauch.com,Bauch
Nguyet Dare,149-430-1841,enda.schumm@Fagor.com,Fagor
Mr. Tameka Bernier,(567) 589-3926,maximo.swaniawski@Emmerich_Inc.com,Emmerich Inc
Joesph Dach,994.982.6510,lorinda.strosin@Amana.com,Amana
Joan Hills,(697) 153-1188,angelina.johns@Carroll-Dach.com,Carroll-Dach
Cherri Kutch PhD,(890) 729-4078,adelina.shields@Zboncak-Dicki.com,Zboncak-Dicki
Antoine Raynor,(641) 148-8610,federico.barton@Fagor.com,Fagor
Luigi Little,(600) 966-1131,dario.brekke@Rath.com,Rath
Eleanor Rowe MD,1-952-417-1607,analisa.runte@Blue_Star.com,Blue Star
Shanon Hilpert,(381) 919-1473,wanita.marquardt@Samsung.com,Samsung
Heath Torphy,457-357-7818,edelmira.leannon@Feil-Simonis.com,Feil-Simonis
Chasidy Orn,260.212.4215,randolph.dibbert@Jenkins_LLC.com,Jenkins LLC
Wilhelmina Hoeger,928-851-6156,darrick.padberg@Marquardt-Leannon.com,Marquardt-Leannon
Lois Koch,1-456-378-7361,catrina.schuster@Sanford_LLC.com,Sanford LLC
Paulene Bayer,(999) 641-5396,brain.bahringer@Fagor.com,Fagor
Lala Breitenberg,1-640-313-8469,simonne.wisoky@Bosch.com,Bosch
Albina Sawayn,303-714-8752,charlene.bahringer@Amana.com,Amana
Tora Cormier,1-311-994-7077,morris.wunsch@Cartwright_Inc.com,Cartwright Inc
Deonna Schuster,469-570-6679,deshawn.carroll@Feil.com,Feil
Winford Connelly,(421) 472-2793,zofia.stracke@Pacocha_LLC.com,Pacocha LLC
Mitchel Rowe,504.074.1064,shirley.klein@Franke.com,Franke
Rod Leffler,560.503.3962,andria.russel@Boyle-Lubowitz.com,Boyle-Lubowitz
Dr. Marcella Kautzer,298-910-9764,duane.von@Admiral.com,Admiral
Marlo Trantow,(922) 083-3562,lakesha.rolfson@Leannon.com,Leannon
Shayna Schaefer DDS,104-888-3007,martin.senger@Quigley-Cole.com,Quigley-Cole
Cliff Windler,252.755.8622,tyron.christiansen@KitchenAid.com,KitchenAid
Yasmin Leuschke,1-400-155-4926,avery.goodwin@Koepp_LLC.com,Koepp LLC
Claretta Kling,375-823-3029,tommy.lockman@Batz.com,Batz
Maurice Labadie,022.386.1302,neville.lindgren@LG.com,LG
Chanel Crooks,(014) 736-9695,raye.wilderman@Berge_and_Sons.com,Berge and Sons
Marlo Walker,1-121-673-8506,lucinda.gorczany@Hilpert_Inc.com,Hilpert Inc
Izola Labadie,058-921-2749,genevieve.batz@KitchenAid.com,KitchenAid
Miss Shery Kemmer,(301) 351-2303,isaac.von@Whirlpool.com,Whirlpool
Santo Pagac,400.439.3186,renato.connelly@Von.com,Von
Miss Bennett O'Hara,1-468-772-2941,lucio.denesik@Fagor.com,Fagor
Shirley Johnston,622-278-2127,aisha.dare@Hoeger_Inc.com,Hoeger Inc
Barney Terry,1-640-604-2331,jamal.schmidt@Whirlpool.com,Whirlpool
Malorie Pfannerstill,696-301-0347,val.mueller@Fagor.com,Fagor
Elias Ritchie II,1-380-541-8043,catheryn.bauch@Moore-Bosco.com,Moore-Bosco
Mrs. Wilber Quitzon,693-033-0483,leandro.borer@Samsung.com,Samsung
Jaye Lueilwitz,161-055-4613,charles.nitzsche@Admiral.com,Admiral
Miss Wilbert Walker,487.977.1961,lourie.yundt@Amana.com,Amana
Brendan Kuvalis MD,(142) 734-9085,latrice.ledner@Blue_Star.com,Blue Star
Lavone Morar,309.871.3755,margery.fisher@Franke.com,Franke
Phylicia Kunze MD,1-940-160-9430,della.bins@Blue_Star.com,Blue Star
Jaime Schulist,632.592.6004,justin.greenfelder@Boehm_LLC.com,Boehm LLC
Mr. Pablo Hartmann,142.462.2164,jeannie.purdy@Electrolux.com,Electrolux
Sammy Sanford Jr.,986-791-6344,otis.runolfsson@Admiral.com,Admiral
Chante Turcotte,868-082-2097,kelli.harvey@Greenfelder_LLC.com,Greenfelder LLC
Armand Marquardt,059-269-3895,luis.zboncak@Auer_Inc.com,Auer Inc
Sean Cummings,023-838-8952,jefferson.veum@Fagor.com,Fagor
Palmer Rutherford,1-098-942-6635,tonia.monahan@Siemens.com,Siemens
Lavonna Hills III,396-297-0978,alicia.buckridge@Becker_and_Sons.com,Becker and Sons
Brandy Kreiger,(721) 003-1748,johnsie.bergnaum@Witting-Gutkowski.com,Witting-Gutkowski
Debroah Huels,(330) 778-9640,jan.kunde@Electrolux.com,Electrolux
Twanna Lesch,156-065-4885,tuan.dubuque@Samsung.com,Samsung
Hyman Veum,923.574.0856,marlin.borer@Blue_Star.com,Blue Star
Vannessa Kilback DVM,590-374-2018,mariela.kuhn@IKEA.com,IKEA
Angeles Hintz,(817) 916-5645,mike.turcotte@Hintz-Larson.com,Hintz-Larson
Bonita Kub,327.555.5996,lloyd.pouros@Franke.com,Franke
Nellie Daugherty,933-831-7401,harlan.carter@Electrolux.com,Electrolux
Miss Ericka Rodriguez,(440) 117-3526,alonzo.cremin@Amana.com,Amana
Jonathan Blanda DVM,046-923-5998,david.feest@Sharp.com,Sharp
Dr. Timothy Farrell,443.941.1282,larue.runte@Admiral.com,Admiral
Corrin Goodwin,773.248.8594,dane.bashirian@Okuneva-Russel.com,Okuneva-Russel
Elliott Durgan,(244) 587-8288,winifred.upton@Admiral.com,Admiral
Danyell Abshire,1-674-960-7712,dick.langosh@Jerde.com,Jerde
Mrs. Elmo Olson,786-674-8283,grady.howell@Gerhold-Wyman.com,Gerhold-Wyman
Elden Abernathy PhD,1-842-956-2197,wallace.stamm@Bartoletti-Auer.com,Bartoletti-Auer
Jazmin Rowe,1-092-052-3085,bonnie.pouros@Franke.com,Franke
Lorene Marks,576-130-7131,winston.ziemann@KitchenAid.com,KitchenAid
Magaly Beier Sr.,(134) 998-6923,lai.shields@Electrolux.com,Electrolux
Tom Hills,1-616-653-3448,sanford.breitenberg@Samsung.com,Samsung
Dr. Sherill MacGyver,006.592.3148,shannon.robel@Koelpin-Borer.com,Koelpin-Borer
Renee Pouros,075.593.7253,brinda.okeefe@Schmeler-Beahan.com,Schmeler-Beahan
Alayna Walsh,494.115.3342,kristofer.conroy@Gutmann-Runolfsdottir.com,Gutmann-Runolfsdottir
Lakesha McLaughlin,259.925.1081,estell.ortiz@LG.com,LG
Johnson Hoeger,131-468-5120,wei.denesik@Conroy_Group.com,Conroy Group
Al Ledner,(079) 193-8110,william.rippin@Fagor.com,Fagor
Ms. Shirlene Yost,(118) 989-9405,annabell.altenwerth@IKEA.com,IKEA
Homer Ernser,(878) 466-1070,joanie.von@Schoen-Emmerich.com,Schoen-Emmerich
Gerry Carroll,652.430.2401,don.welch@KitchenAid.com,KitchenAid
Toby Will,1-484-794-9638,maude.thiel@Mills_Inc.com,Mills Inc
Douglas King Sr.,513.198.4800,loretta.lynch@Sharp.com,Sharp
Sophie Nicolas I,(021) 386-1501,carisa.gerhold@Bosch.com,Bosch
Bryanna Howe V,694.876.8179,marlin.purdy@Blue_Star.com,Blue Star
Raymundo Dibbert,583.658.8933,sage.mcclure@Electrolux.com,Electrolux
Brenton Robel,058.385.1005,elvia.conn@Cummings_LLC.com,Cummings LLC
Velva Blick,1-910-259-5873,cecily.ledner@Electrolux.com,Electrolux
Ettie Rolfson,473.810.2578,rickie.reilly@Cremin.com,Cremin
Kenna Shanahan III,(097) 352-1465,dorine.schimmel@Crona.com,Crona
Bryce Zemlak,436-292-6492,donna.kirlin@Franke.com,Franke
Adolph Prosacco,1-159-228-0375,joe.effertz@Hickle-Hegmann.com,Hickle-Hegmann
Edward Emmerich,712.142.6239,mui.hoeger@Franke.com,Franke
Chu Bradtke,183.619.9945,hiram.bogan@Bauch-Auer.com,Bauch-Auer
Cherlyn Donnelly,(714) 650-6961,phyllis.harris@Blue_Star.com,Blue Star
Sari Cole,352.663.8920,travis.harvey@Howe-Morar.com,Howe-Morar
Lawerence Welch,(917) 462-4074,annabelle.dibbert@Electrolux.com,Electrolux
Adrien Denesik,139.918.1893,numbers.dach@Bosch.com,Bosch
Miss Matthew Wyman,312.442.4509,taisha.graham@Fagor.com,Fagor
Jaclyn Zboncak,1-584-692-3689,sherilyn.huels@Reynolds_and_Sons.com,Reynolds and Sons
Kesha White,(848) 677-4178,angelo.luettgen@Rogahn-Douglas.com,Rogahn-Douglas
Wei Kemmer I,(382) 862-0509,tracey.schaefer@Lowe-Kilback.com,Lowe-Kilback
Mr. Candy Marquardt,391.003.5910,werner.borer@Gerlach-Kshlerin.com,Gerlach-Kshlerin
Rosario Howe,533-293-2707,kendall.altenwerth@Bosch.com,Bosch
Tula Ryan,974-020-2446,meda.strosin@IKEA.com,IKEA
Ms. Cordia Conn,(515) 468-0004,larry.crooks@Samsung.com,Samsung
Errol Bins,1-047-461-3678,mirta.beatty@Altenwerth-Murray.com,Altenwerth-Murray
Mason Feil,1-903-018-3439,deangelo.kilback@Amana.com,Amana
Ms. Mack Pagac,599.651.2237,brandon.kris@Electrolux.com,Electrolux
Chet Kertzmann Sr.,(519) 682-1281,masako.casper@Blue_Star.com,Blue Star
Nicolas Haag III,549-632-7994,antione.streich@Bernier-Langworth.com,Bernier-Langworth
Mr. Gennie McLaughlin,992-149-7706,rosella.gibson@Little_Group.com,Little Group
Ms. Nigel Orn,938.174.7947,casey.nader@Durgan_Inc.com,Durgan Inc
Johnie Towne II,732-162-5026,tameika.mante@Langworth_LLC.com,Langworth LLC
Wm McCullough V,687.379.7531,elois.green@Wuckert.com,Wuckert
Maple Deckow,(066) 254-8560,stephania.kunze@Whirlpool.com,Whirlpool
Della Brekke,(831) 071-4137,kermit.kozey@Welch.com,Welch
Mr. Sarai Kilback,1-080-247-6378,chase.krajcik@Samsung.com,Samsung
Herminia White PhD,(983) 525-7781,salome.smith@Koelpin_Group.com,Koelpin Group
Tod Crist,938.305.1379,carie.murazik@Cartwright-Gleason.com,Cartwright-Gleason
Toshiko Pfannerstill,810-037-4134,ingrid.moore@Bernhard.com,Bernhard
Lamonica Casper,613-481-8378,syble.senger@Blue_Star.com,Blue Star
Lanie Krajcik,118-831-4929,jeanine.ward@Amana.com,Amana
Granville Brekke,883.546.8786,joy.dibbert@D'Amore_LLC.com,D'Amore LLC
Kim Littel,1-458-940-0944,cira.kozey@Admiral.com,Admiral
Allegra White,(140) 826-9613,fermin.kihn@Amana.com,Amana
Kaycee Hansen,492-493-8720,tod.lind@Schuster.com,Schuster
Jodee Dickinson PhD,732.193.8721,piedad.beatty@Blue_Star.com,Blue Star
Mrs. Magdalene Jacobi,1-202-083-4477,denese.simonis@Funk_Inc.com,Funk Inc
Wendell Stanton,1-215-215-6477,russ.walker@Beer.com,Beer
Maurice Rosenbaum MD,144-218-9222,johnnie.goyette@Glover_and_Sons.com,Glover and Sons
Margaret Konopelski,(684) 389-8926,mathilda.abernathy@Herman.com,Herman
Yolonda Goldner II,723-827-4265,azucena.williamson@Wintheiser_Inc.com,Wintheiser Inc
Ms. Arla Lockman,1-956-842-8316,monroe.mcdermott@Admiral.com,Admiral
Rosalba Grant DVM,(133) 778-3649,nelida.gaylord@Christiansen_and_Sons.com,Christiansen and Sons
Jermaine Rath,719.951.6330,porfirio.stark@Admiral.com,Admiral
Antonetta Kunze,1-981-072-5287,wilbert.berge@Blue_Star.com,Blue Star
Osvaldo Herzog,1-852-698-9717,dalton.dibbert@Streich-Stoltenberg.com,Streich-Stoltenberg
Yer Heathcote MD,1-970-208-1432,warren.mohr@LG.com,LG
Nigel Little,(179) 292-6200,homer.mckenzie@Blue_Star.com,Blue Star
Al Schroeder,(643) 066-4345,clare.thompson@Electrolux.com,Electrolux
Tabitha Bashirian,071-721-8352,claris.kulas@Gislason-Gleason.com,Gislason-Gleason
Frankie Greenfelder,1-242-169-5214,naoma.walker@Tremblay_Inc.com,Tremblay Inc
Lazaro Ebert,1-553-706-1378,trenton.bosco@Electrolux.com,Electrolux
Mrs. Erasmo Witting,(601) 064-7600,jamar.schinner@Wisoky_Group.com,Wisoky Group
Domenic Connelly V,(717) 962-4764,cuc.feeney@Nitzsche.com,Nitzsche
Lane Gerlach Jr.,(471) 555-6312,moises.schuster@Sawayn_Inc.com,Sawayn Inc
Mrs. Jon Shanahan,(558) 243-7341,melinda.daniel@Barrows.com,Barrows
Lemuel Bechtelar,630.499.5157,bob.runte@Cartwright.com,Cartwright
Jules Corkery,360-783-5460,blaine.kuvalis@LG.com,LG
Dennise Fadel III,(660) 406-2531,dusty.lueilwitz@Price.com,Price
Wai Spencer,980-900-4051,cherrie.schmidt@Murray.com,Murray
Lindsey Torp,873-145-4462,raphael.schaefer@Heller.com,Heller
Lee Dach,322.507.3069,sanjuanita.fahey@Torp_LLC.com,Torp LLC
Allene Keeling,1-161-041-5992,alona.legros@Samsung.com,Samsung
Dr. Zenaida Prosacco,428-282-8159,gayle.ratke@Friesen-Stanton.com,Friesen-Stanton
Lamont Flatley,547.922.7911,jere.roberts@Rogahn-Nicolas.com,Rogahn-Nicolas
Mr. Damion Stamm,(370) 608-6173,damian.robel@Siemens.com,Siemens
Anneliese Hyatt,1-025-456-1132,katharyn.cartwright@Admiral.com,Admiral
Brain Larson,1-050-773-6465,jonathan.schmidt@Herman_Group.com,Herman Group
Cletus Bruen,984-450-1419,darron.ryan@Sharp.com,Sharp
Ludivina Jacobi,(423) 338-1395,esteban.durgan@Blue_Star.com,Blue Star
Mr. Jonna Gibson,1-808-753-4468,valeria.mann@Bergstrom.com,Bergstrom
Cristopher Cruickshank,1-536-583-2374,levi.parisian@IKEA.com,IKEA
Mrs. Deanna Denesik,1-080-690-9131,moses.ondricka@Hilpert-Krajcik.com,Hilpert-Krajcik
Clinton Crona,535-329-8513,teodoro.kub@Collier_Group.com,Collier Group
Porfirio Ledner,710.792.2752,lavern.reinger@Sharp.com,Sharp
Cherelle Price MD,351.729.6720,foster.walker@Conn_Group.com,Conn Group
Kimbery Kertzmann IV,834.318.5209,charise.feil@McClure-Sanford.com,McClure-Sanford
Hilton Schmidt,703.069.6087,sal.tromp@Fagor.com,Fagor
Val Farrell IV,1-135-511-7767,malik.rosenbaum@Abernathy.com,Abernathy
Bradford McGlynn,(867) 225-7491,frieda.lueilwitz@Admiral.com,Admiral
Thanh Yost,1-876-083-0914,junita.reinger@Whirlpool.com,Whirlpool
Chung Morar,(590) 544-1030,emerson.balistreri@Franke.com,Franke
Von Windler,1-448-211-4723,devin.walsh@Renner_Inc.com,Renner Inc
Ms. Velma Murray,143-836-7382,marlin.kuhic@Yost_LLC.com,Yost LLC
Hisako Gulgowski Jr.,1-677-070-2990,jere.ziemann@LG.com,LG
Daryl Kling,1-724-191-0492,donn.bergnaum@Lindgren-Hickle.com,Lindgren-Hickle
Mrs. Porfirio Kertzmann,471-808-5022,wilmer.hackett@Blue_Star.com,Blue Star
Mr. Roselee Abbott,1-556-753-2649,carson.mclaughlin@Blue_Star.com,Blue Star
Dr. Hector Dicki,(958) 978-5982,dillon.wiegand@IKEA.com,IKEA
Morton Rodriguez,546.197.0390,george.gutkowski@Blue_Star.com,Blue Star
Rudy Schmitt,301-304-7581,cory.grant@Franke.com,Franke
Miss Shiloh Watsica,(825) 055-6294,obdulia.lockman@Hoeger_Inc.com,Hoeger Inc
Ethelene Rice,1-008-903-8050,hector.stamm@Hickle.com,Hickle
Ramonita Greenholt,(155) 971-4992,priscilla.king@Samsung.com,Samsung
Jodi Batz,031-642-0783,betty.schumm@KitchenAid.com,KitchenAid
Carmen Greenfelder PhD,1-054-656-3980,wei.hettinger@Rutherford-Spinka.com,Rutherford-Spinka
Merilyn Bahringer,868.527.6647,sharen.mertz@Volkman_and_Sons.com,Volkman and Sons
Louann Dicki,1-220-831-2753,bert.rowe@Samsung.com,Samsung
Tory Conroy,550.099.4853,clement.reynolds@Schamberger-Bednar.com,Schamberger-Bednar
Kenna Tromp,336.093.7037,alline.paucek@Blue_Star.com,Blue Star
Louetta MacGyver,1-632-933-2449,dallas.mosciski@Bosch.com,Bosch
Alissa Russel,318.277.3772,franklin.trantow@Herman-Osinski.com,Herman-Osinski
Edmundo Moore,733-622-7083,eddy.hammes@Siemens.com,Siemens
Caitlyn Mayert II,(039) 176-7518,shaun.oconner@Skiles.com,Skiles
Dr. Stacee Predovic,832-312-0002,brant.hane@Samsung.com,Samsung
Cathrine Schuppe,387-020-8604,ward.huel@Bosch.com,Bosch
Fausto Stanton DDS,1-575-518-2649,tisha.schmidt@Beatty.com,Beatty
Dr. Mickey Schumm,015.619.6057,lane.fritsch@Blue_Star.com,Blue Star
Vonnie Gleason,(450) 239-8999,daron.turner@Blue_Star.com,Blue Star
Kurtis Sanford,1-535-125-6817,quincy.goldner@Mills.com,Mills
Mr. Glenda Upton,835-008-4770,lessie.yundt@Murphy.com,Murphy
Adena Williamson,(734) 075-3023,quyen.dietrich@McCullough.com,McCullough
Carl Hand,075.989.8928,lester.turner@Bosch.com,Bosch
Tiffani Klein,1-362-502-4496,joella.zboncak@Stehr.com,Stehr
Misti Kautzer PhD,(879) 543-4363,madge.fisher@Emard-Feil.com,Emard-Feil
Julio Parisian II,723-638-1138,ema.howe@Sharp.com,Sharp
Tereasa Lowe DDS,(689) 355-2872,carma.grant@Admiral.com,Admiral
Shad Ebert,649.858.6008,valentine.damore@Whirlpool.com,Whirlpool
Miss Eugenio Wiegand,395-639-5552,ezra.crooks@Heidenreich_Inc.com,Heidenreich Inc
Leonora Davis,664-011-8456,sulema.fadel@Schaden.com,Schaden
Ocie Doyle,932.516.4103,leif.hintz@Conn.com,Conn
Kai Sanford,964-139-8947,elliott.schmitt@Mertz.com,Mertz
Miss Enoch Schaden,(370) 154-9511,heriberto.wiza@Admiral.com,Admiral
Sidney Lehner,589.055.1887,adan.goyette@Sharp.com,Sharp
Alden Ratke,1-901-645-8559,scottie.padberg@Schmitt-Hermann.com,Schmitt-Hermann
Mrs. Matha Hodkiewicz,691-427-9088,selene.lindgren@Franke.com,Franke
Edmond Lubowitz,(801) 038-1493,vincenza.deckow@KitchenAid.com,KitchenAid
Tomasa Fahey,956.005.8676,sasha.yundt@Ryan.com,Ryan
Truman Schumm,419-466-1486,tomiko.bradtke@Samsung.com,Samsung
Mr. Shanae Purdy,227.608.5773,shirley.orn@Stroman_LLC.com,Stroman LLC
Ida Kemmer,341-869-6572,garth.senger@Keeling-Weimann.com,Keeling-Weimann
Ms. Cherlyn Abshire,142.176.1516,lionel.nicolas@KitchenAid.com,KitchenAid
Cortez Blick,1-028-606-2947,jesenia.kling@Gulgowski-Grant.com,Gulgowski-Grant
Rana Funk,666-670-7286,douglas.strosin@Stoltenberg_and_Sons.com,Stoltenberg and Sons
Jewell Durgan,(968) 509-2558,pearlene.skiles@KitchenAid.com,KitchenAid
Deanna Franecki,(362) 913-9680,elliot.bernhard@Samsung.com,Samsung
Dong Kemmer,(946) 617-6746,yesenia.rowe@Siemens.com,Siemens
Ernie Johnston,634-072-4279,terrie.mitchell@Franke.com,Franke
Walker McClure II,1-647-078-8924,nicola.ruecker@Whirlpool.com,Whirlpool
Dr. Dianna Hudson,789-146-4657,corrie.bernier@Fagor.com,Fagor
Dalton Bednar,(008) 718-8746,charley.harvey@Christiansen-Roberts.com,Christiansen-Roberts
Landon Macejkovic,(080) 541-0075,keith.osinski@IKEA.com,IKEA
Mr. Luke Hilpert,740.858.6609,nicolas.towne@Dooley-Ziemann.com,Dooley-Ziemann
Jae Ratke,261-295-5624,rhonda.emmerich@Pfeffer-Runolfsdottir.com,Pfeffer-Runolfsdottir
Elijah Gerlach,723-022-3489,mauro.graham@IKEA.com,IKEA
Sang Flatley V,560.360.0718,laureen.braun@KitchenAid.com,KitchenAid
Sam Feeney,286-415-7710,toney.ortiz@Electrolux.com,Electrolux
Kazuko Breitenberg,(998) 697-9232,vito.stehr@Wisoky_and_Sons.com,Wisoky and Sons
Buster Bode,306-820-1698,seymour.bartell@Samsung.com,Samsung
Mrs. Gerry Hauck,(306) 869-8199,hermine.bahringer@KitchenAid.com,KitchenAid
Moses Blick,(421) 594-0265,priscilla.waelchi@Franke.com,Franke
Arnulfo Durgan,474-126-6147,raelene.mante@O'Reilly_LLC.com,O'Reilly LLC
Rosamaria Friesen,1-185-552-6876,fausto.wintheiser@Murphy-Olson.com,Murphy-Olson
Miss Clarence Hirthe,959.826.8219,twanna.white@Admiral.com,Admiral
Lizzie Reinger,(941) 803-4934,gordon.hodkiewicz@Electrolux.com,Electrolux
Heike Dietrich,1-856-537-7144,lula.gleason@Heller-Hermann.com,Heller-Hermann
Francina Walter,066.739.7070,odell.mckenzie@Amana.com,Amana
Hiroko McCullough PhD,644.134.4784,claude.simonis@Amana.com,Amana
Cassandra Johnston,742-427-5753,erich.sporer@Volkman_and_Sons.com,Volkman and Sons
Mrs. Alvaro Hintz,079.065.8767,enriqueta.hudson@Bartoletti-Marquardt.com,Bartoletti-Marquardt
Thurman Wolff,760-606-4344,marvis.morar@Padberg.com,Padberg
Laquita McClure,1-794-282-3474,rodrigo.green@Frami_and_Sons.com,Frami and Sons
Douglas Conroy MD,1-740-712-7733,kiana.mitchell@McDermott-Murazik.com,McDermott-Murazik
Marty Rutherford,611-716-1542,brigitte.zulauf@Borer_LLC.com,Borer LLC
Ms. Guy Greenholt,1-522-871-7300,shirley.bins@Amana.com,Amana
Davis Little,533.782.8573,jeanelle.lind@Konopelski.com,Konopelski
Hong Kemmer DVM,360-895-1912,evelina.jones@IKEA.com,IKEA
Carmelo Anderson,958.028.1517,bennie.okuneva@Blue_Star.com,Blue Star
Weldon Johns Jr.,(492) 722-1334,mitzi.anderson@Klein-Kreiger.com,Klein-Kreiger
Ayanna Feest,(633) 308-4663,michell.harris@LG.com,LG
Jimmy Bogisich,172.262.1451,cordell.gutmann@KitchenAid.com,KitchenAid
Ulysses Bernhard,412.566.5573,roslyn.towne@Morissette_LLC.com,Morissette LLC
Irvin Okuneva,617.081.0054,krystina.harvey@Wilderman_LLC.com,Wilderman LLC
Leontine Crooks III,967.235.4357,cristobal.lowe@Wunsch-Powlowski.com,Wunsch-Powlowski
Albert Hintz,546.372.3510,stevie.hermiston@Greenfelder_and_Sons.com,Greenfelder and Sons
Signe Moen,588-100-5195,amber.mohr@Volkman-Renner.com,Volkman-Renner
Elinore Cummerata,(923) 360-4144,lovetta.berge@Franke.com,Franke
Denis Ziemann,1-548-071-9111,sharee.berge@McCullough-Schumm.com,McCullough-Schumm
Harry Morissette,1-379-852-6930,shawana.deckow@Fagor.com,Fagor
Robert Williamson,185.282.3031,forest.treutel@Whirlpool.com,Whirlpool
Miss Mireya Shields,(293) 665-0976,shaneka.heller@Sharp.com,Sharp
Viki Boehm V,(332) 984-1799,jana.botsford@Kuvalis-Walker.com,Kuvalis-Walker
Nicolas Padberg,394.827.0116,marvella.abshire@Bosch.com,Bosch
Lurline O'Kon,1-719-221-1087,chante.braun@Denesik.com,Denesik
Valeri Hansen DDS,(903) 747-2911,debbra.lynch@Balistreri_Inc.com,Balistreri Inc
Joan Greenfelder,1-770-697-2925,nathanael.klein@Kerluke-Abshire.com,Kerluke-Abshire
Ms. Lupe Senger,351.384.6287,joie.johnston@KitchenAid.com,KitchenAid
Cristen Green,114-613-7060,clarence.price@IKEA.com,IKEA
Mrs. Quinn O'Keefe,(649) 717-7848,drew.zulauf@Franke.com,Franke
Mrs. Brant Cormier,(191) 516-5917,rosendo.bernier@Fagor.com,Fagor
Raymond Heathcote,1-645-513-5393,dorsey.schmeler@Nolan.com,Nolan
Miss Jolie Goyette,1-845-252-7008,an.lehner@Admiral.com,Admiral
Delmer Lesch,(493) 750-6669,samira.wisozk@Olson-Lindgren.com,Olson-Lindgren
Sheldon Rodriguez Sr.,(042) 697-0934,merrill.schinner@Rutherford.com,Rutherford
Miss Kasey Towne,(898) 797-5545,laree.larson@LG.com,LG
Thomasine Huel,611-536-4656,cornell.kautzer@Electrolux.com,Electrolux
Owen Connelly,(683) 953-4214,adolfo.homenick@Siemens.com,Siemens
Ned Rowe,(837) 448-8164,wilton.oreilly@Samsung.com,Samsung
Harry Sporer,(280) 145-2484,anissa.krajcik@KitchenAid.com,KitchenAid
Margot Boyer,(830) 174-4435,larissa.moore@Nienow-Anderson.com,Nienow-Anderson
Ismael Dibbert,065.403.0149,piper.reinger@Rutherford_and_Sons.com,Rutherford and Sons
Rubye Satterfield,628.888.1635,denice.cormier@Admiral.com,Admiral
Max Rippin PhD,530.787.8979,lowell.schinner@LG.com,LG
Murray Kreiger,(673) 460-9996,sean.mcdermott@Siemens.com,Siemens
Mohamed Schiller V,971-058-9356,yong.kuphal@Admiral.com,Admiral
Ms. Roberto Goyette,346-585-0312,annabell.yundt@Heidenreich_and_Sons.com,Heidenreich and Sons
Kandi Wisozk V,283-669-6927,precious.anderson@Blue_Star.com,Blue Star
Berry Steuber MD,830-882-8886,josh.mcglynn@Luettgen-Roberts.com,Luettgen-Roberts
Mose White,176-487-7087,alexia.kerluke@Admiral.com,Admiral
Dr. Glayds Okuneva,265.822.6791,roman.cummings@Siemens.com,Siemens
Romana Brakus,576.453.7733,federico.ullrich@Electrolux.com,Electrolux
Luis Gulgowski,850-133-9866,bao.veum@Bergstrom.com,Bergstrom
Augustine Zemlak,(420) 095-8741,rupert.swaniawski@Fagor.com,Fagor
Miss Elvin Littel,450-319-9618,jesus.kilback@Casper-Corkery.com,Casper-Corkery
Barbra McCullough,677.416.1960,tynisha.jerde@Bode-Dickinson.com,Bode-Dickinson
Cesar Douglas I,(381) 855-7406,dolores.waelchi@Nitzsche-Barton.com,Nitzsche-Barton
Mrs. Joel Klocko,1-172-253-9734,shyla.stoltenberg@Upton-Gleichner.com,Upton-Gleichner
Miss Lucienne Zulauf,(302) 265-6337,candelaria.macgyver@Emard_LLC.com,Emard LLC
Armando Kautzer,1-502-608-5795,gavin.schowalter@KitchenAid.com,KitchenAid
Beverlee Heathcote,366-292-1281,manuela.corkery@Stamm-Nader.com,Stamm-Nader
Suanne Dare,1-830-812-8681,ray.pollich@Smitham-Mann.com,Smitham-Mann
Ms. Frank Gleichner,(547) 102-3657,ima.mann@Amana.com,Amana
Neville Gerhold,(357) 483-0455,cliff.littel@Price_Inc.com,Price Inc
Ebonie Ebert,268-296-6463,remedios.hermiston@Fagor.com,Fagor
Waneta Doyle,1-068-257-0634,wyatt.ritchie@IKEA.com,IKEA
Marc Walter MD,(555) 961-2859,usha.stark@Siemens.com,Siemens
Chang Satterfield,013-433-3028,bonny.hayes@Carroll_LLC.com,Carroll LLC
Cesar McDermott,012-480-6156,joe.kilback@Mills.com,Mills
Mrs. Shanelle Rodriguez,358.954.6455,reginald.jast@Samsung.com,Samsung
Jacquie Nicolas Sr.,1-245-711-1692,leida.boehm@LG.com,LG
Dr. Emmie Tillman,(578) 464-4539,pedro.gottlieb@Electrolux.com,Electrolux
Joana Hane,043-027-5778,gino.gulgowski@Nader.com,Nader
Florrie Braun,(417) 426-9385,raisa.mclaughlin@Blue_Star.com,Blue Star
Luna Murray,949.389.5500,eloy.kassulke@Dibbert.com,Dibbert
Jude Lynch,569-242-3485,bennett.wisoky@McCullough_LLC.com,McCullough LLC
Craig Davis,545.600.9835,dannie.glover@Reynolds-Schultz.com,Reynolds-Schultz
Ira Collier,(719) 332-0409,ike.waelchi@Ebert-Johnston.com,Ebert-Johnston
Rufus Grant,265.728.6203,deshawn.little@O'Keefe_Group.com,O'Keefe Group
Sharell Friesen,494.249.4629,mose.powlowski@Fagor.com,Fagor
Dominick Batz DVM,1-050-925-9255,esmeralda.johnson@Herzog-Hessel.com,Herzog-Hessel
Mrs. Lino Hodkiewicz,1-014-414-7877,eartha.baumbach@Wunsch-Dietrich.com,Wunsch-Dietrich
Mr. Nathanael Toy,701-785-3748,gabriele.reilly@Fagor.com,Fagor
Ramon Swaniawski,1-245-520-2866,naoma.walter@Wolff_and_Sons.com,Wolff and Sons
Abraham Wuckert,1-939-796-9796,terence.bashirian@Bosch.com,Bosch
Laveta Renner PhD,1-659-934-3553,deena.kemmer@Franke.com,Franke
Ronald Parisian,1-339-868-4325,thurman.sauer@Schamberger-Larkin.com,Schamberger-Larkin
Melaine Mayer,632-926-4736,zack.kihn@Hettinger_Inc.com,Hettinger Inc
Mrs. Eden Hegmann,013.438.5354,camille.schaden@Siemens.com,Siemens
Ms. Jc Ernser,(883) 060-6077,joshua.ward@O'Connell-Kuhic.com,O'Connell-Kuhic
Oliver Hoppe,(973) 662-6176,rosaura.robel@IKEA.com,IKEA
Miss Lin Friesen,837-090-7636,lenna.rowe@Borer.com,Borer
Fermina Gottlieb,1-047-992-3144,iola.kautzer@Denesik.com,Denesik
Vanda Green,(421) 440-5785,dewayne.brekke@Electrolux.com,Electrolux
Dr. Lyle Lynch,792-007-7470,reyes.rath@LG.com,LG
Son Barrows III,1-920-179-6562,buster.wolff@Spencer_and_Sons.com,Spencer and Sons
Bernardina Botsford,938-748-8596,willodean.zboncak@Electrolux.com,Electrolux
Burton Schowalter I,308.015.7809,caitlyn.rath@Samsung.com,Samsung
Francesco Kuphal,471.656.2340,lena.hayes@Braun_and_Sons.com,Braun and Sons
Rod Fisher,(023) 561-6590,gerda.dietrich@Satterfield.com,Satterfield
Milford Schmitt,1-702-027-0467,eugene.cole@KitchenAid.com,KitchenAid
Santos McClure IV,1-792-817-7795,karleen.lakin@Maggio-Rath.com,Maggio-Rath
Mr. Emmanuel Rosenbaum,867.991.6076,gerri.johnson@Sharp.com,Sharp
Miss Aleen Murray,344-227-0419,randy.kilback@KitchenAid.com,KitchenAid
Lester Mann,782.882.4037,numbers.west@Amana.com,Amana
Michel Moen,(443) 589-2699,maryanna.mraz@Walker.com,Walker
Jimmie Labadie DVM,923-687-7315,leonila.sipes@Mraz_Group.com,Mraz Group
Lazaro Yost PhD,1-998-786-8774,jamar.dubuque@Bosco_LLC.com,Bosco LLC
Marcelo Torphy III,(273) 378-7336,tiffany.oberbrunner@Fagor.com,Fagor
Sondra Gerhold,166.285.7287,delbert.huels@Sharp.com,Sharp
Lucrecia Larkin,210.019.3197,ira.mitchell@Franke.com,Franke
Jaunita Hagenes,1-500-302-8376,delmar.nikolaus@Siemens.com,Siemens
Edwardo Waters II,1-985-033-6456,marcos.labadie@Fagor.com,Fagor
Teodoro Bradtke,(032) 921-3598,carina.spencer@Rice-Kutch.com,Rice-Kutch
Mrs. Laureen Cummerata,672-968-7014,laure.marvin@Kutch-Hammes.com,Kutch-Hammes
Ruth Windler II,1-483-707-4162,daron.runolfsdottir@Admiral.com,Admiral
Major O'Connell V,(145) 628-9221,erin.fritsch@Bednar_and_Sons.com,Bednar and Sons
Nona Koch,(564) 957-7834,robbie.bartell@Hammes.com,Hammes
Kayce Homenick V,(838) 968-5058,tessie.effertz@Electrolux.com,Electrolux
Alden Lehner,861.020.8221,karen.rolfson@Runte-Beer.com,Runte-Beer
Kenisha Wisoky,(192) 936-6518,noble.nikolaus@Admiral.com,Admiral
Timothy Schoen,458.801.0780,william.johnson@LG.com,LG
Barton Stiedemann,(303) 524-1337,reyes.terry@Fagor.com,Fagor
Germaine Von,150-083-3037,earle.nitzsche@Samsung.com,Samsung
Billy Kovacek,1-547-398-7281,chrissy.mcdermott@Samsung.com,Samsung
Regena McDermott,176-831-8523,leigh.okuneva@Admiral.com,Admiral
Charisse Beatty,348.594.0367,howard.berge@Nienow.com,Nienow
Domonique Willms,(523) 129-9552,coreen.mraz@Mayer_Group.com,Mayer Group
Christin Senger,(272) 338-7363,kristel.graham@Lockman.com,Lockman
Mrs. Edison Thompson,040.899.4679,jae.schaefer@Samsung.com,Samsung
Katerine Frami,011.523.0939,genny.schroeder@Whirlpool.com,Whirlpool
Olevia D'Amore,005-285-4857,maisie.bechtelar@Franke.com,Franke
Thanh Kautzer II,1-596-539-1968,pauletta.pacocha@Fagor.com,Fagor
Valery Hickle,927.993.1929,dannie.leuschke@Franke.com,Franke
Claude Kessler,384.951.8613,lucas.price@Electrolux.com,Electrolux
Miss Elijah Bergstrom,783-028-8313,demarcus.zulauf@Franke.com,Franke
Palma Sporer PhD,530.705.8979,tashia.lang@Greenholt.com,Greenholt
Shannon Terry,576-205-9667,ambrose.mccullough@Franke.com,Franke
Verline Cormier,1-872-037-3713,erick.collier@Whirlpool.com,Whirlpool
Rico Wolf,(242) 844-5279,jerald.carter@LG.com,LG
Albina Wisoky,1-091-920-2538,mariel.herzog@Siemens.com,Siemens
Annita Carroll,977.213.8932,milo.braun@Samsung.com,Samsung
Nathan O'Conner,625.777.6363,teddy.erdman@Gibson-Doyle.com,Gibson-Doyle
Yasmin Hane,1-501-239-6277,brendon.hintz@IKEA.com,IKEA
Katharine Hauck,295-713-8858,mikel.ziemann@Sharp.com,Sharp
Blake Ziemann,1-735-428-6010,hwa.pacocha@Blue_Star.com,Blue Star
Emmett West,1-865-726-0714,barry.daniel@Moore-Rice.com,Moore-Rice
Raymundo Gulgowski,1-886-688-8963,mollie.bailey@Heathcote-DuBuque.com,Heathcote-DuBuque
Frankie Cummerata,009.289.7560,bobby.tillman@IKEA.com,IKEA
Walker Dooley PhD,1-571-432-4831,vicki.gottlieb@Bosch.com,Bosch
Juana Schmitt DDS,762.323.3434,marna.heaney@LG.com,LG
Jarrod Gleichner,161.379.5784,cliff.becker@Kertzmann-Harris.com,Kertzmann-Harris
Lessie Brown IV,998.963.8572,tresa.west@Siemens.com,Siemens
Wesley Yost,1-401-163-8768,darrell.wolff@Quitzon-Predovic.com,Quitzon-Predovic
Adaline Hudson,(127) 634-1360,luis.cruickshank@Windler-McDermott.com,Windler-McDermott
Gonzalo Schamberger,1-586-097-0739,lanell.orn@Daugherty-McGlynn.com,Daugherty-McGlynn
Doreatha Kozey Jr.,353.193.7428,dillon.conn@Marquardt_LLC.com,Marquardt LLC
Miss Mervin Romaguera,315.546.9763,arlen.heidenreich@Lind-McKenzie.com,Lind-McKenzie
Lance Kuhlman,1-486-975-7790,francesco.towne@Sharp.com,Sharp
Chassidy Kihn,(843) 508-5675,mandi.torp@Admiral.com,Admiral
Terry Olson,869-430-1683,nicolas.blanda@Wilkinson_Inc.com,Wilkinson Inc
Dale Renner,(471) 505-5963,janeen.spencer@Jacobs-Nolan.com,Jacobs-Nolan
Chrissy Jacobson,614.133.4218,rutha.ryan@Blue_Star.com,Blue Star
Keith Wiza III,747.205.5811,chan.streich@IKEA.com,IKEA
Domitila Wyman,(798) 691-6657,leonore.schowalter@Crona_Group.com,Crona Group
Bradford Hermiston,790-272-7614,lewis.stark@Admiral.com,Admiral
Jewel McGlynn,050.623.3930,claude.jakubowski@LG.com,LG
Bonnie Gaylord,(460) 181-7181,felton.boyer@KitchenAid.com,KitchenAid
Elise Fadel,(681) 645-4282,trevor.bins@Sipes_Group.com,Sipes Group
Vannesa Ritchie,191-234-2918,antione.bradtke@Fagor.com,Fagor
Joie Gottlieb,(032) 026-5028,randall.morar@Effertz-Boyer.com,Effertz-Boyer
Scot Fisher,1-530-631-3548,tosha.ratke@Amana.com,Amana
Collin Kuhic,1-865-971-5076,hildegarde.brekke@Grady-Jerde.com,Grady-Jerde
Mrs. Nikita Sanford,990-423-6586,brenton.schowalter@Franke.com,Franke
Henriette Dicki,588-814-0252,mel.waters@Blue_Star.com,Blue Star
Margy Jones,338.581.9805,lesley.wolff@Sharp.com,Sharp
Junior Dickens,(886) 459-3419,ahmed.veum@Electrolux.com,Electrolux
Shirleen Hudson DVM,557.216.4558,gemma.schaefer@LG.com,LG
Hayden Christiansen,(525) 003-8550,marisol.bosco@Lesch_and_Sons.com,Lesch and Sons
Jackie Champlin II,1-099-577-1347,joan.goodwin@Bosch.com,Bosch
Cyrus O'Conner V,506-420-6457,humberto.gorczany@Admiral.com,Admiral
Ms. Yung D'Amore,(080) 210-5137,adrienne.hintz@Mosciski-Bruen.com,Mosciski-Bruen
Carmelo Cronin I,1-129-540-2299,hiram.mcdermott@Jones-Zemlak.com,Jones-Zemlak
Shelton Denesik,220-850-5921,phillip.christiansen@Dickens_Group.com,Dickens Group
Lavern Rosenbaum,626-603-8035,hollis.dare@Admiral.com,Admiral
Shantae Fisher IV,442-117-9107,traci.ohara@Franke.com,Franke
Constance Goldner,1-641-176-1523,kathaleen.heathcote@Corwin_and_Sons.com,Corwin and Sons
Ms. Evie Howe,953-433-7872,larraine.hartmann@Admiral.com,Admiral
Soila Homenick,359.956.3142,dewitt.heidenreich@Bartell_Inc.com,Bartell Inc
Roxanna Schiller DVM,266-406-8054,jose.miller@Franke.com,Franke
Merle Cummerata,1-999-362-9734,allen.jast@Ward.com,Ward
Chloe Grant,100.616.8149,malcolm.reilly@Vandervort.com,Vandervort
Cyril Erdman,1-776-116-1762,candis.ritchie@Hodkiewicz-Abbott.com,Hodkiewicz-Abbott
Verline Labadie I,(678) 991-2155,dallas.beatty@Stiedemann_Group.com,Stiedemann Group
Ms. Mohammad Veum,1-176-019-9290,benita.morissette@LG.com,LG
Vernon McClure,(058) 603-8384,yolanda.steuber@KitchenAid.com,KitchenAid
Cornell VonRueden,432.046.8482,floria.bednar@Fagor.com,Fagor
Emory O'Keefe,(506) 139-3907,nada.glover@Samsung.com,Samsung
Taylor Williamson,(317) 540-5703,cindy.mckenzie@Schuppe_Inc.com,Schuppe Inc
Mrs. Cythia Carroll,(418) 616-5899,dino.sipes@Bosch.com,Bosch
Dr. Roderick Bruen,297-561-1782,dannie.murazik@Amana.com,Amana
Floyd Schuppe II,(668) 730-9314,donn.jacobi@Electrolux.com,Electrolux
Miss Dreama Howell,1-923-000-0205,angie.dare@Whirlpool.com,Whirlpool
Jamar Bernier,655.924.1416,sammie.gusikowski@Legros.com,Legros
Reginald Considine Jr.,(513) 860-9184,wilton.purdy@Dickinson_Inc.com,Dickinson Inc
Elfrieda McKenzie,054-370-0663,dion.rohan@IKEA.com,IKEA
Sima D'Amore II,095-333-3624,raymond.marks@Amana.com,Amana
Mrs. Malcom Huels,1-110-958-4518,tommie.gutkowski@Franke.com,Franke
Bradly Thompson,1-976-668-2458,graham.paucek@Dibbert.com,Dibbert
Whitney Kilback,1-250-881-3928,sharla.leannon@Bosch.com,Bosch
Miss Nicolle Abernathy,1-722-851-0302,bret.jaskolski@Sharp.com,Sharp
Charles Ferry,(373) 077-6455,pablo.lubowitz@Huels_LLC.com,Huels LLC
Dr. Anneliese Carter,479.300.8296,loyd.larson@Samsung.com,Samsung
Wilfred Mante,1-846-707-2188,risa.christiansen@Blue_Star.com,Blue Star
Gail Wilkinson,104.867.6384,dante.herzog@Wehner-Luettgen.com,Wehner-Luettgen
Olin Hand Sr.,215-810-9250,rudy.johnson@Siemens.com,Siemens
Elton Keeling,(285) 104-6070,jamila.lehner@Hane.com,Hane
Emerson Fahey,552.140.8670,lannie.jacobson@Bashirian-Stamm.com,Bashirian-Stamm
Rosendo Jenkins,263.783.7306,les.quigley@Dibbert.com,Dibbert
Collin Leffler,222.408.1582,deb.halvorson@KitchenAid.com,KitchenAid
Bea Huel,637.309.0020,laquanda.baumbach@Electrolux.com,Electrolux
Angelo Berge Sr.,890-940-9392,christiane.satterfield@Siemens.com,Siemens
Sudie Russel,347.130.7065,tyrone.welch@LG.com,LG
Kaci Russel,487-402-0547,shelton.cassin@Fagor.com,Fagor
Natalie Crooks,1-254-078-1241,sharolyn.marquardt@Davis.com,Davis
Catalina Cummings Sr.,682.245.3351,samuel.koss@Bosch.com,Bosch
Tenisha Kuhlman,539-121-4664,tom.sipes@Cummings.com,Cummings
Freddy Kihn,942-562-5349,ezequiel.willms@Cremin.com,Cremin
Jerold King,(782) 461-6155,guillermo.bartoletti@Whirlpool.com,Whirlpool
Mrs. Cleta Dibbert,(320) 705-7669,walter.huels@LG.com,LG
Pamelia Dach IV,(671) 298-6573,zetta.hane@Bauch-Hackett.com,Bauch-Hackett
James Borer,276.529.2234,shantae.muller@Whirlpool.com,Whirlpool
Thomas Schmeler,520-669-3185,gregory.kreiger@Franke.com,Franke
Anneliese Spencer,(374) 408-0893,margarita.blanda@Samsung.com,Samsung
Mr. Eldridge Schimmel,(406) 422-6845,blondell.gusikowski@IKEA.com,IKEA
Stanton Conroy,233-846-4557,kerry.kreiger@Bosch.com,Bosch
Alecia Conroy V,845.393.1324,nathaniel.kozey@Mueller.com,Mueller
Javier Kunde,605.815.1926,richelle.harvey@Samsung.com,Samsung
Carma Padberg,048-650-4415,mi.green@Blue_Star.com,Blue Star
Adele Berge,1-894-995-2566,ronna.sawayn@Schumm_and_Sons.com,Schumm and Sons
Raul Ernser,(859) 844-3264,edda.feeney@IKEA.com,IKEA
Francisco Schiller,402-775-8366,israel.considine@O'Hara.com,O'Hara
Gwenn Littel,(958) 988-0991,ricardo.hickle@LG.com,LG
Mrs. Carmen Kassulke,881.418.0380,michale.lubowitz@Heathcote_Group.com,Heathcote Group
Fritz Walsh,(519) 445-8690,kristyn.collins@Electrolux.com,Electrolux
Clair Nicolas I,(782) 745-6539,carolee.daniel@Bosch.com,Bosch
Asa Rosenbaum,689.506.5544,kenia.gerlach@Blue_Star.com,Blue Star
Kiersten Graham,(409) 496-3786,herschel.boyer@Ziemann.com,Ziemann
John Schumm,(031) 662-9270,celena.tillman@Amana.com,Amana
Lessie Kris,343-045-2774,ninfa.rau@Admiral.com,Admiral
Laurie Dach,666.071.1145,shaunda.kemmer@Whirlpool.com,Whirlpool
Gus Wilkinson,989-615-0169,tuan.dach@Tremblay.com,Tremblay
Marguerita Rempel,743-712-3528,brittney.johns@Rutherford.com,Rutherford
Cleo Erdman,1-125-815-0729,candis.macejkovic@Orn.com,Orn
Raina Maggio,1-065-049-4436,eleanor.jacobson@Samsung.com,Samsung
Elvin Koch,1-890-256-3196,jarvis.gusikowski@Bosch.com,Bosch
Dirk Ryan,(195) 523-9040,ezekiel.larkin@Crooks_LLC.com,Crooks LLC
Miss Perry Goodwin,1-020-510-1119,carlos.schneider@Hartmann_Group.com,Hartmann Group
Bryan Ryan,1-677-793-0746,bo.tremblay@Keebler_Group.com,Keebler Group
Ms. Julienne Nitzsche,1-493-384-5245,samuel.kutch@Brakus_Group.com,Brakus Group
Rudolf Beer Jr.,1-914-688-5086,ethelyn.boyer@Blue_Star.com,Blue Star
Kassie Pfannerstill,(734) 425-0982,allan.swaniawski@Blue_Star.com,Blue Star
Ellis Friesen DDS,720-092-1715,brendan.gottlieb@Funk-Fritsch.com,Funk-Fritsch
Tereasa Grady,(401) 210-9573,terry.white@Senger_LLC.com,Senger LLC
Odis Morar Sr.,(101) 129-8912,nellie.cummings@Bosch.com,Bosch
Gabriella Rice,428.953.9152,cedric.maggio@Swift.com,Swift
Gerry Tremblay,565-927-6728,faye.olson@Hackett_Group.com,Hackett Group
Dudley Corwin,1-966-472-3673,my.macejkovic@Bosch.com,Bosch
Lizette Cole,359-179-2580,carolynn.jacobi@O'Kon-Upton.com,O'Kon-Upton
Brendon Schmitt,1-305-694-4803,parker.reilly@Dooley.com,Dooley
Duncan Parisian V,1-034-781-2115,jody.stark@Sharp.com,Sharp
Lynn Wolff I,(544) 515-0897,tanner.funk@Kling_LLC.com,Kling LLC
Karolyn Durgan,(005) 392-6566,tracey.harber@Hammes_Group.com,Hammes Group
Henry Kovacek,965.370.4205,amada.bernhard@Fagor.com,Fagor
Velda Price Sr.,596-323-6224,eda.kuhlman@Rempel.com,Rempel
Kendra Macejkovic,907-409-7876,jodie.green@Bradtke-O'Conner.com,Bradtke-O'Conner
Glenn Metz III,(857) 912-9363,taryn.schuster@Johnson-Cremin.com,Johnson-Cremin
Laurette Littel,260.161.5647,luke.kunde@Reichert.com,Reichert
Mr. Kimiko Purdy,(725) 277-5316,rodney.kassulke@KitchenAid.com,KitchenAid
Devora Purdy,182.594.4563,raphael.gutkowski@Crona.com,Crona
Mrs. Kyung Dare,233.938.3698,tobie.conroy@Amana.com,Amana
Leonor Upton PhD,646-078-6883,osvaldo.roberts@Fagor.com,Fagor
Lisabeth Gibson,096-127-2339,hallie.turcotte@Bednar_Inc.com,Bednar Inc
Quentin Howe,340.847.5749,louise.watsica@Leannon_Inc.com,Leannon Inc
James Hagenes,700.689.9818,eugenia.reichert@Franke.com,Franke
Sammy Kreiger,(968) 593-2018,danette.huel@Samsung.com,Samsung
Rosalie Balistreri,(891) 983-7824,erick.howe@KitchenAid.com,KitchenAid
Ms. William MacGyver,(212) 016-7079,hobert.homenick@Franke.com,Franke
Ashli Borer Sr.,385.860.5741,karie.kreiger@Siemens.com,Siemens
Amado Dibbert MD,(267) 146-4739,dion.turcotte@Samsung.com,Samsung
Miss Vicente Marks,954.326.4529,ghislaine.welch@Zemlak.com,Zemlak
Son Boyer,(458) 244-6290,vince.schumm@Sporer_Inc.com,Sporer Inc
Raphael Kuvalis,885-651-0645,dot.schuppe@Rodriguez_LLC.com,Rodriguez LLC
Leon Gibson,220.728.0014,rachell.halvorson@Siemens.com,Siemens
Marcellus Kohler,144.786.2829,manuela.nolan@Amana.com,Amana
Mrs. Filiberto Krajcik,574.720.9188,keneth.larkin@Crooks_Inc.com,Crooks Inc
Lacey Bayer,1-017-391-2396,marcel.kovacek@Bosch.com,Bosch
Lavern Borer,411.842.2455,vernice.von@Green-Wyman.com,Green-Wyman
Verla Macejkovic,(655) 703-6937,jeffery.wyman@Franke.com,Franke
Theron Nader,(489) 443-0363,ian.gottlieb@Armstrong-Bayer.com,Armstrong-Bayer
Nicholle Howe,(173) 062-4273,shirleen.sawayn@Schaden-Hintz.com,Schaden-Hintz
Annie Bechtelar,1-785-667-7484,cornelius.walter@LG.com,LG
Glinda Grimes,1-263-446-0850,claire.boehm@Siemens.com,Siemens
Mariel Bergstrom,(073) 472-2446,lucretia.jenkins@Siemens.com,Siemens
Dr. Carmelita Hansen,866-608-1106,carroll.bayer@Littel.com,Littel
Carlton O'Conner,(260) 837-3244,fletcher.parker@Samsung.com,Samsung
Naomi Beatty,748-823-0309,clement.beatty@Fagor.com,Fagor
Junior Carroll Jr.,709.425.4646,vaughn.pacocha@Hegmann.com,Hegmann
Phyllis Cormier,1-836-349-3741,marleen.nicolas@Samsung.com,Samsung
Houston Koss,(972) 713-4505,hilaria.stokes@IKEA.com,IKEA
Humberto Smitham,1-591-968-1118,wade.jacobi@Siemens.com,Siemens
Mr. Rodrigo Weber,1-587-197-7208,armand.prohaska@IKEA.com,IKEA
Terrance Weissnat,188-314-4640,vaughn.corkery@Franke.com,Franke
Hank Yundt,180-150-5856,louann.harber@Siemens.com,Siemens
Brian Zulauf,003.656.0101,lashell.watsica@Feest-Bartell.com,Feest-Bartell
Mrs. Corazon Grady,970-167-6327,patrice.ortiz@Franke.com,Franke
Bethann Brown,959-168-4862,dusti.goyette@Blue_Star.com,Blue Star
Demetra Bins,367-043-0991,paris.feil@Lemke.com,Lemke
Billy Kertzmann,306-470-4541,noel.fadel@Volkman.com,Volkman
Olin Stokes,(907) 286-3845,dewitt.bergstrom@Fagor.com,Fagor
Miss Gerry Schmitt,796-320-5186,gertrude.schiller@Samsung.com,Samsung
Devorah Boyer IV,301-787-4660,bao.quigley@Nader-Aufderhar.com,Nader-Aufderhar
Dana Hilpert,1-415-226-0529,leroy.howe@Prosacco-Ortiz.com,Prosacco-Ortiz
Alphonse Lang,690-625-9623,angelita.towne@Haley.com,Haley
Gilberto Fahey,1-588-970-8327,glen.sanford@Breitenberg-Weissnat.com,Breitenberg-Weissnat
Tommy Kuphal,699.724.3820,pansy.stehr@Boyle_and_Sons.com,Boyle and Sons
Karisa Gleichner,1-431-967-3926,mari.veum@Admiral.com,Admiral
Jimmie O'Connell,1-010-887-5884,oliver.morar@Kirlin.com,Kirlin
Mrs. Corina Koepp,(443) 852-8970,elia.mcdermott@Macejkovic-Kreiger.com,Macejkovic-Kreiger
Mr. Carisa Schinner,1-483-422-4865,carmelo.gerhold@Whirlpool.com,Whirlpool
Doreen Daugherty,377.609.6531,bernard.sporer@Homenick.com,Homenick
Jackson Cremin,1-725-560-4553,bryce.harber@Sharp.com,Sharp
Ms. Tony Mann,(934) 367-1574,harlan.hettinger@Pouros.com,Pouros
Lazaro Ortiz Jr.,(697) 456-9028,kanesha.murazik@Fagor.com,Fagor
Dr. Christiane Rodriguez,840.952.1360,erin.ernser@Amana.com,Amana
Troy Terry,1-769-925-7322,jarvis.rau@Bosch.com,Bosch
Maximo Hand,1-523-201-3513,hassan.labadie@Halvorson-Macejkovic.com,Halvorson-Macejkovic
Miss Latosha Sawayn,159.270.4011,horacio.shields@Hansen-Fadel.com,Hansen-Fadel
Erick Smitham,1-998-053-8304,edgardo.auer@Samsung.com,Samsung
Nolan Abbott,521.704.7942,ann.keebler@Lind_and_Sons.com,Lind and Sons
Odis Moen,(763) 854-4738,leo.larkin@Whirlpool.com,Whirlpool
Gaylord Rodriguez DDS,431-899-6151,tona.barton@Waelchi_Inc.com,Waelchi Inc
Miss Otto Sauer,452-318-9434,rufus.harris@Electrolux.com,Electrolux
Kellye Rath,1-117-861-4647,vanesa.farrell@Simonis_and_Sons.com,Simonis and Sons
Maxie Bailey,000.819.4607,claude.weimann@Gleason.com,Gleason
Mitchell Bosco I,1-465-020-9327,burton.bradtke@Gleichner.com,Gleichner
Elaina Mertz,789.077.6586,jona.bruen@Schuppe-Crooks.com,Schuppe-Crooks
Harley Schowalter Sr.,412.269.4705,rosalind.brekke@Jaskolski.com,Jaskolski
Ronna McKenzie,(900) 404-2267,arnold.wisoky@Kutch-Thiel.com,Kutch-Thiel
Bryce Hamill,(214) 071-6500,annabell.parisian@IKEA.com,IKEA
Mrs. Katherina Armstrong,(757) 925-3104,lora.nienow@Admiral.com,Admiral
Troy Predovic,1-950-337-5170,jackie.von@Hoeger.com,Hoeger
Oscar Botsford,1-511-858-3545,chong.marquardt@Bosco_Inc.com,Bosco Inc
Andrea Schiller,794.833.8470,hosea.mraz@Whirlpool.com,Whirlpool
Dr. Genevie Hill,124.568.7217,martina.hyatt@Franke.com,Franke
Silas Jakubowski,013-699-3879,trisha.lebsack@Breitenberg-Breitenberg.com,Breitenberg-Breitenberg
Scottie Reilly,100-641-1785,karren.collier@Blue_Star.com,Blue Star
Ms. Melissa Brown,750.004.1334,hilario.bashirian@Considine.com,Considine
Dr. Birgit Cruickshank,(048) 816-5002,karole.jakubowski@Ward_Group.com,Ward Group
Lawrence Donnelly,591.559.9236,albert.ward@Rosenbaum-Spinka.com,Rosenbaum-Spinka
Kaleigh O'Keefe,002.188.6348,denyse.denesik@Samsung.com,Samsung
Cassy Heller,017.132.1380,anderson.predovic@Blue_Star.com,Blue Star
Herschel Jones,345-420-2415,alphonso.kihn@Samsung.com,Samsung
Maynard Littel MD,(360) 744-2978,marcene.lueilwitz@Amana.com,Amana
Arthur Ondricka,051.456.8502,wyatt.ratke@Whirlpool.com,Whirlpool
Kristofer Beier,569-076-3727,ivonne.conroy@Kerluke_Inc.com,Kerluke Inc
Mr. Melodee Harvey,456.523.9957,corrin.ferry@Admiral.com,Admiral
Waldo Dickinson,(612) 701-4823,anjanette.bergstrom@Balistreri.com,Balistreri
Porter Hane,(611) 234-2836,myrtice.bartoletti@Howe_Inc.com,Howe Inc
Marion Jast,448-223-8127,abdul.baumbach@Sharp.com,Sharp
Edgardo Fahey,1-230-214-4835,bree.collins@Orn-Hamill.com,Orn-Hamill
Kirk Weimann,083-443-7232,brett.kohler@Kuphal-Rowe.com,Kuphal-Rowe
Dr. Derrick Kautzer,1-517-134-1901,lola.romaguera@Electrolux.com,Electrolux
Dominick Beier II,348-001-8882,rene.abshire@Samsung.com,Samsung
Tandra Mitchell,1-644-093-3563,nathanial.turcotte@Schmitt.com,Schmitt
Orville Luettgen,1-074-726-4780,magaret.christiansen@Luettgen-Cruickshank.com,Luettgen-Cruickshank
Gustavo O'Kon,614-643-2789,jae.beer@Amana.com,Amana
Nam Mraz,830.987.5768,nathanial.gerlach@Jenkins_LLC.com,Jenkins LLC
Hans Abbott,(343) 508-0069,aron.huel@Siemens.com,Siemens
Ms. Jerrell Lockman,128.192.7702,ramonita.hill@Lesch-McCullough.com,Lesch-McCullough
Julietta Ritchie,1-437-472-4500,harmony.runte@Gibson_LLC.com,Gibson LLC
Ms. Loria Gibson,1-139-603-7287,marianna.quitzon@Gutmann_LLC.com,Gutmann LLC
Doyle Koepp,950-311-9195,garfield.wehner@Siemens.com,Siemens
Dr. Adolph Barrows,876-799-0430,levi.thiel@Sharp.com,Sharp
Lela Upton,1-576-835-5590,tosha.kris@Ondricka-Rath.com,Ondricka-Rath
Tomiko Runte DVM,058-246-5914,amada.damore@Senger_Inc.com,Senger Inc
Lynn Feest Jr.,1-016-475-9409,lisha.brekke@Labadie.com,Labadie
Burl Kuhn,1-634-416-8679,brent.corwin@LG.com,LG
Miss Candra Feest,185-438-3358,karl.batz@Blue_Star.com,Blue Star
Dr. Cassi Adams,602.956.2496,lon.nienow@Admiral.com,Admiral
Yong Gutmann,216.800.5628,donnie.gusikowski@Barton.com,Barton
Loren Bechtelar,854.550.7702,tory.kunde@Von_LLC.com,Von LLC
Rikki Kuhic,815-559-0827,jamel.kub@Witting_and_Sons.com,Witting and Sons
Alexa Lindgren,233.584.1678,louvenia.turner@Kemmer.com,Kemmer
Doyle Gorczany,(782) 815-2942,george.stamm@Fritsch_and_Sons.com,Fritsch and Sons
Burt Rippin DVM,241-858-7944,claire.kozey@Mraz.com,Mraz
Evelin Russel,655-871-1978,salvador.hagenes@Ernser-Krajcik.com,Ernser-Krajcik
Prince Champlin Jr.,(613) 632-5859,sherwood.dickens@Siemens.com,Siemens
Janean Casper,(543) 816-2536,kyle.bosco@Walsh_Inc.com,Walsh Inc
Marc Reinger,630.323.3207,brett.reichert@Halvorson.com,Halvorson
Sharron Auer,1-489-035-1617,leslie.fisher@Aufderhar_Group.com,Aufderhar Group
Carlotta Kautzer,1-020-581-5222,jaleesa.frami@Schmidt-Bauch.com,Schmidt-Bauch
Emmanuel Rogahn,618-990-0870,rhoda.boyle@Rowe.com,Rowe
Hortense Gutkowski,(174) 453-6950,javier.mcdermott@Mertz.com,Mertz
Frank Kuhlman,1-362-224-6350,jerome.murray@Franke.com,Franke
Morton Rolfson DDS,835-445-4452,roscoe.marks@Runolfsson_Group.com,Runolfsson Group
Mrs. Fermin Vandervort,(263) 582-7410,stanton.parisian@Fagor.com,Fagor
Renna Kunze IV,1-244-284-4294,jed.sanford@Hoppe-Stiedemann.com,Hoppe-Stiedemann
Russ Halvorson,924-927-6783,kyle.jacobi@Samsung.com,Samsung
Saundra Gorczany,749.606.4443,dalia.rath@Reynolds.com,Reynolds
Steven Blick,776-481-4985,christine.pacocha@MacGyver.com,MacGyver
Joel Kirlin,792.758.8283,ann.will@KitchenAid.com,KitchenAid
Joel Gusikowski,1-377-083-5500,warren.beier@Franke.com,Franke
Matilde Dooley PhD,1-227-784-0652,celeste.jacobi@Yost-Keeling.com,Yost-Keeling
Providencia Oberbrunner,(449) 266-0915,tamika.willms@Amana.com,Amana
Pat Lynch,061.364.8268,annette.wintheiser@Electrolux.com,Electrolux
Dexter Dooley,1-589-605-0242,patricia.borer@Hills.com,Hills
Wilber Kuphal,017.479.7853,felicita.jacobson@Cartwright_and_Sons.com,Cartwright and Sons
Ms. Lillian Boyle,869.696.4726,leeann.prohaska@Jones_and_Sons.com,Jones and Sons
Jamison Smitham Sr.,(455) 166-7087,hai.bednar@Samsung.com,Samsung
Kristopher Price,1-666-230-5065,alva.runte@Blue_Star.com,Blue Star
Willian Heaney,134.481.9923,jeane.gutmann@Bernier.com,Bernier
Nikole DuBuque Sr.,174.234.3261,emmie.mraz@Admiral.com,Admiral
Else Rogahn,354-988-7483,marg.abshire@Balistreri-Treutel.com,Balistreri-Treutel
Francisco Bayer III,1-667-518-5786,felice.johnson@Whirlpool.com,Whirlpool
Lannie Jacobson,(756) 260-8939,mahalia.lesch@Amana.com,Amana
Jamar Hegmann IV,1-157-538-6106,delphia.bernhard@Dibbert_Group.com,Dibbert Group
Tyrone Lynch,794-219-0947,odessa.johns@Deckow.com,Deckow
Rickie Jones Sr.,(413) 671-6671,taisha.simonis@Bosch.com,Bosch
Rod Harris V,(386) 995-4752,earnestine.roob@Admiral.com,Admiral
Leo Carroll,1-483-503-0348,eduardo.dicki@Breitenberg-Daniel.com,Breitenberg-Daniel
Ms. Deloras Hane,619-658-5925,leslee.schulist@Adams_Inc.com,Adams Inc
Miss Damien Lueilwitz,(468) 900-1291,jared.beer@Swift-O'Reilly.com,Swift-O'Reilly
Dr. Matt Hayes,175.645.8187,giuseppe.king@Admiral.com,Admiral
Mose Reinger,848.833.5280,frances.olson@Emard-Kreiger.com,Emard-Kreiger
Newton Ledner DVM,(310) 465-4960,palma.moore@Fagor.com,Fagor
Sudie Harber,841.036.9535,jordon.corwin@Stiedemann_and_Sons.com,Stiedemann and Sons
Mr. Thad Murray,568.331.5787,yulanda.hill@Quitzon.com,Quitzon
Ms. Mel Miller,(245) 198-1910,pete.larkin@Berge.com,Berge
German Bogan PhD,(767) 405-1014,sandy.bauch@Samsung.com,Samsung
Jerry Swaniawski Sr.,170-940-5757,alva.windler@Jerde_Inc.com,Jerde Inc
Ellis Bartell,182-970-8267,kristy.towne@Kuhic.com,Kuhic
Dayna Legros,1-596-677-2531,laverna.conroy@Frami-West.com,Frami-West
Carmelia Rosenbaum,(433) 580-3956,douglas.boehm@Beier_LLC.com,Beier LLC
Ryan Langworth,1-874-446-8161,paulina.cronin@KitchenAid.com,KitchenAid
Miss Curtis Frami,1-976-393-4304,george.moore@Beahan.com,Beahan
Dr. Russ Schinner,633-467-6673,randolph.sanford@Nikolaus.com,Nikolaus
