Iva Ritchie,1-969-231-3877,george.luettgen@Sony.com,Sony
Blake Lueilwitz DVM,106.837.0455,michal.shields@Apple.com,Apple
Jack Mohr,333-095-1186,wayne.gleichner@Donnelly.com,Donnelly
Johnathan Hammes,1-952-048-5247,crystal.fay@Franecki.com,Franecki
Dixie Rau,(357)907-0404,dion.gulgowski@DAmore-Wuckert.com,D'Amore-Wuckert
Elliot Bartoletti,746.644.3401,waylon.beahan@Sanford.com,Sanford
Percy Mayer,(875)579-3773,alayna.hoppe@Harris_LLC.com,Harris LLC
Miss Ronny Glover,(632)364-5779,laverne.franecki@Dell.com,Dell
Shery Koepp,(567)303-7418,chance.tillman@Schaden_Group.com,Schaden Group
Carson Satterfield,771-787-4332,lita.beahan@Wiza-Becker.com,Wiza-Becker
Kanisha Streich,118.047.4246,monserrate.emard@Bartell-Bartell.com,Bartell-Bartell
Mrs. Aline Emard,(022)847-6341,lucio.beatty@LG.com,LG
Andrew Schiller,(450)242-9359,gus.kertzmann@Hyatt.com,Hyatt
Barton Pfeffer,574-139-2549,jamee.abbott@Kshlerin_Inc.com,Kshlerin Inc
Victor Wyman II,(092)950-4613,alphonso.spinka@Hermiston_and_Sons.com,Hermiston and Sons
Mr. Jean Grant,526.417.5512,israel.turcotte@Smitham_Group.com,Smitham Group
Ms. Harold Smitham,1-757-677-6914,ashlee.bode@Wilderman-Sawayn.com,Wilderman-Sawayn
Mr. Steve Rolfson,1-657-880-1707,manuel.langworth@Kuhlman-Bartoletti.com,Kuhlman-Bartoletti
Rosaura Braun,(680)390-2315,riley.boyer@Sanford-DAmore.com,Sanford-D'Amore
Jesse Nolan,(277)167-8337,keitha.schuster@Kreiger_Inc.com,Kreiger Inc
