Shantay Kuhic Sr.,585.048.2980,carlton.murray@Anderson_and_Sons.com,Anderson and Sons
Ms. Fabian Feil,562.262.1294,yer.marquardt@Frami.com,Frami
Li Kertzmann,1-108-723-3967,chante.stiedemann@Balistreri-Prohaska.com,Balistreri-Prohaska
Korey Feeney Sr.,(944) 457-1845,spencer.hermann@Simonis-Wilderman.com,Simonis-Wilderman
Rayford Considine,1-206-391-3918,lester.christiansen@Grant_LLC.com,Grant LLC
Andrew Baumbach,440.593.8966,renaldo.auer@Ondricka.com,Ondricka
Bud Moen,1-440-466-3443,xavier.bednar@Klein-Ratke.com,Klein-Ratke
Harland Kovacek,(979) 245-3965,akiko.reichel@Ziemann.com,Ziemann
Shaunna Rath Jr.,182-342-7404,donnie.brown@Rolfson-Swaniawski.com,Rolfson-Swaniawski
Evon Ritchie,265-549-2072,carter.adams@Hickle_Group.com,Hickle Group
Charles Boehm,(895) 751-5502,bess.mckenzie@Schowalter.com,Schowalter
Syreeta O'Keefe,318.350.3550,lewis.towne@Welch-Strosin.com,Welch-Strosin
Ms. Zoila Wilderman,039-526-5770,china.harvey@Yundt-Feil.com,Yundt-Feil
Gerry Nikolaus,1-366-714-9201,landon.farrell@Watsica_and_Sons.com,Watsica and Sons
Sammy Pouros,928.351.7771,lane.mills@Pfeffer.com,Pfeffer
Glen Rolfson,(345) 023-4013,jefferson.weimann@Breitenberg-Spinka.com,Breitenberg-Spinka
Mr. Jerlene Skiles,395-644-1004,jene.howell@Grant-O'Connell.com,Grant-O'Connell
Angella Bartoletti,(365) 280-3517,major.swaniawski@Huels.com,Huels
Meridith Hagenes V,1-555-148-2582,derrick.veum@Hilpert_LLC.com,Hilpert LLC
Charisse Gulgowski,(348) 896-2565,geri.kirlin@Kerluke.com,Kerluke
Elmira Bergnaum,026.960.6211,sanford.koelpin@Bruen-Goyette.com,Bruen-Goyette
Mrs. Bethel Smitham,(674) 673-4250,stevie.kuhic@Orn-Rau.com,Orn-Rau
Josef Daniel,139-587-6910,karima.will@Rolfson.com,Rolfson
Lyndia Anderson,1-983-259-9469,deane.runolfsdottir@Hartmann.com,Hartmann
Ms. Rosena Stiedemann,(265) 989-8144,shirley.oconnell@Hand-Effertz.com,Hand-Effertz
Mr. Kimbra Upton,326.113.3063,shirl.pacocha@Walker.com,Walker
Nicol Langosh,(264) 654-0486,rubin.barrows@Welch-Dietrich.com,Welch-Dietrich
Dr. Yvonne Koss,1-332-231-9110,royce.walsh@O'Kon.com,O'Kon
Hilton Tremblay,046-650-2383,benedict.zemlak@Schoen_Group.com,Schoen Group
Jefferey Bauch,970.286.2493,rolando.cassin@O'Reilly_Group.com,O'Reilly Group
Elanor Corkery DVM,707-910-5387,emilio.mosciski@Smitham.com,Smitham
Vicente Heaney V,122.037.6627,neda.rath@Walker-Haley.com,Walker-Haley
Morton Hoeger PhD,(785) 797-2972,domitila.von@Littel.com,Littel
Amanda Lemke,626-618-6350,macy.ruecker@Lehner.com,Lehner
Reinaldo Funk III,1-276-099-5160,orlando.beahan@Yost_and_Sons.com,Yost and Sons
Miss Crystal Bahringer,(718) 241-0143,doris.marks@Becker_Inc.com,Becker Inc
Janean Weimann,(242) 549-7041,jacob.hoppe@Ritchie-Medhurst.com,Ritchie-Medhurst
Tyler Hodkiewicz,527-652-7613,dante.lueilwitz@McLaughlin_and_Sons.com,McLaughlin and Sons
Shaun Schowalter,(396) 782-5656,jordan.oberbrunner@Rowe_LLC.com,Rowe LLC
Tamisha Lehner,(462) 772-9558,rudy.hudson@O'Keefe-Hansen.com,O'Keefe-Hansen
Janeen Witting,316-904-6062,geralyn.emmerich@King.com,King
Gus Heller,333.905.3584,ulysses.wisozk@White_LLC.com,White LLC
Dr. Rutha Waters,(574) 284-8612,tommie.ward@Morar.com,Morar
Son Spinka,(387) 138-4300,meghan.klein@Goyette.com,Goyette
Mrs. Kerrie Crist,1-140-283-9485,lacy.hammes@Leffler.com,Leffler
Valentine Deckow,1-321-500-1641,lashonda.kovacek@Emard-Thompson.com,Emard-Thompson
Mrs. Ardath Hartmann,(198) 442-4785,ian.little@Wehner_Group.com,Wehner Group
Sonia Brown,1-050-042-6581,pamila.flatley@Goyette-Olson.com,Goyette-Olson
Hong Brakus Sr.,1-331-415-7045,rheba.kuphal@Stark_Group.com,Stark Group
Clayton Von,1-836-411-1501,theodora.mclaughlin@Raynor_and_Sons.com,Raynor and Sons
Carrol Rice,338-263-1093,pete.kuphal@Lesch_LLC.com,Lesch LLC
Hassan Torp IV,301.284.1743,gail.gibson@Prohaska.com,Prohaska
Rosario Haag,582-336-1825,yajaira.boehm@McLaughlin_Group.com,McLaughlin Group
Kent Bernier,010-155-9024,nickolas.deckow@Farrell.com,Farrell
Brett Jenkins,1-514-105-3213,jonathon.schaefer@Rutherford_and_Sons.com,Rutherford and Sons
Emanuel Gusikowski,(752) 303-4809,phyllis.hettinger@Jacobi-Haag.com,Jacobi-Haag
Michale Gibson,157-312-9053,nancee.hartmann@Wehner-Satterfield.com,Wehner-Satterfield
Magen Ferry,069-754-0194,grant.dooley@Hermann-Bednar.com,Hermann-Bednar
Mr. Inger Schuppe,1-956-015-5211,lan.waelchi@Konopelski.com,Konopelski
Barb Morissette,1-654-023-5752,maximo.fadel@Lubowitz.com,Lubowitz
Ernie Will,1-253-356-9929,verdie.renner@Renner-Hirthe.com,Renner-Hirthe
Marge Schultz,1-712-432-9753,lachelle.batz@Gutkowski-Nolan.com,Gutkowski-Nolan
Clifford Prohaska III,433-327-8421,leonard.torp@Glover.com,Glover
Jaimie Wuckert,196-324-4221,arnita.kilback@Kris-Gorczany.com,Kris-Gorczany
Shirley Stehr PhD,627.005.6030,ismael.howell@Rohan_Inc.com,Rohan Inc
Alessandra Dietrich V,443-996-4182,arnulfo.smitham@White_and_Sons.com,White and Sons
Meridith Pfannerstill,807.281.8806,rico.bode@Schowalter.com,Schowalter
Mr. Emiko Mueller,465.614.4799,phillip.armstrong@Gutkowski-Abbott.com,Gutkowski-Abbott
Russ Cartwright,(660) 337-9709,gaston.kunde@Wolf.com,Wolf
Carmine Lang,227.916.3174,nancy.labadie@Ruecker_LLC.com,Ruecker LLC
Autumn Conroy I,1-441-412-6482,kam.kautzer@Klocko-Koepp.com,Klocko-Koepp
Bethel Bogisich,1-535-621-1323,liza.dooley@Koepp.com,Koepp
Taryn Labadie,379.806.2290,freeman.ritchie@O'Reilly-Runte.com,O'Reilly-Runte
Burl O'Hara,914.282.7170,charmain.fritsch@Berge-Mueller.com,Berge-Mueller
Hans Goyette,(355) 243-3226,howard.fay@Heidenreich-Hahn.com,Heidenreich-Hahn
Martin Walsh,(926) 375-6885,marget.durgan@Huel_Group.com,Huel Group
Wes Bartoletti,(382) 945-3236,sina.johnston@Haley_LLC.com,Haley LLC
Shanita Powlowski,1-890-532-4504,marybelle.toy@Lakin_and_Sons.com,Lakin and Sons
Tashia Will,1-790-946-3183,dorathy.koch@Schneider_Group.com,Schneider Group
Esteban Hoeger IV,1-859-984-5563,wes.feest@Jacobi.com,Jacobi
Tonia VonRueden,821-857-2111,billie.jerde@Roberts-Schultz.com,Roberts-Schultz
Emile Goodwin V,1-971-103-5655,randolph.medhurst@Farrell_Inc.com,Farrell Inc
Joan McKenzie,1-508-242-4217,imelda.kreiger@O'Keefe-Gislason.com,O'Keefe-Gislason
Jeffrey Stokes,689-923-8474,neal.larson@Kautzer.com,Kautzer
Merle Bashirian,1-199-962-5260,cicely.heller@Bernier_Group.com,Bernier Group
Wade Reichel,662-595-7357,douglas.graham@Schuster-Funk.com,Schuster-Funk
Willodean Goyette,070.170.2641,debbie.beier@Ebert-Kuhn.com,Ebert-Kuhn
Ana Osinski,003.363.2999,kathlene.hodkiewicz@Wilkinson-Pfannerstill.com,Wilkinson-Pfannerstill
Pasquale Tromp,1-847-312-7641,timmy.johnston@Windler.com,Windler
Miss Roman Beahan,(646) 474-4559,traci.rodriguez@Nicolas_and_Sons.com,Nicolas and Sons
Erin Orn,(663) 057-4583,louisa.harris@Franecki_Group.com,Franecki Group
Ms. Cristobal Rolfson,(154) 410-0380,odell.jenkins@Hirthe.com,Hirthe
Ji Jacobson,487-026-5337,emil.mcdermott@Johnson.com,Johnson
Garnet Nicolas,494-292-6207,felton.medhurst@Boyer.com,Boyer
Woodrow Hodkiewicz,1-915-288-9191,alina.kassulke@Howell-Vandervort.com,Howell-Vandervort
Paulene Price,(582) 550-9824,santa.baumbach@Deckow-Leffler.com,Deckow-Leffler
Efrain Denesik,(560) 210-6979,cassandra.jerde@Kutch.com,Kutch
Cathi Kutch,1-000-084-2857,clarissa.beahan@Kshlerin-Heller.com,Kshlerin-Heller
Vern Schaden MD,(564) 106-9826,rosario.mcdermott@Collier_LLC.com,Collier LLC
Mack Nader MD,449-314-2344,roberto.kreiger@Schumm-Runolfsson.com,Schumm-Runolfsson
Margherita Gleason V,1-012-564-4037,zackary.becker@Pfannerstill.com,Pfannerstill
Leon Denesik IV,1-778-448-2254,leo.hermiston@Murray_LLC.com,Murray LLC
Francis Goldner,622-008-7788,rickey.schultz@Gleason-Howe.com,Gleason-Howe
Sheree Pacocha,807-143-8529,carline.rau@Schulist_Group.com,Schulist Group
Miss Arden Hermann,1-931-389-4945,angelita.oconner@Kuvalis_LLC.com,Kuvalis LLC
Fredrick Hauck,1-036-001-5683,garland.carroll@Luettgen.com,Luettgen
Mrs. Ji Gottlieb,(119) 561-6034,vito.boehm@Wuckert-Wilderman.com,Wuckert-Wilderman
Pei Barrows,149.513.8726,rigoberto.crooks@Dickinson-Mills.com,Dickinson-Mills
Luann Larson,1-326-807-7325,albertina.christiansen@Will.com,Will
Kylee Mitchell,702-013-5034,patti.cummerata@Hettinger.com,Hettinger
Harold Bode DVM,458-631-5137,roseanna.hodkiewicz@Reilly.com,Reilly
Judson Satterfield,241.535.4817,noah.kemmer@Boehm-Reichel.com,Boehm-Reichel
Temple Thiel,(518) 695-3710,lyndsay.hessel@Kuphal.com,Kuphal
Ronnie Predovic,140.390.3037,chang.osinski@Mayer-Hirthe.com,Mayer-Hirthe
Nestor Steuber I,1-839-502-5079,virgil.crona@Halvorson_Inc.com,Halvorson Inc
Salley Gleichner,1-301-655-3054,eve.harber@McKenzie_Group.com,McKenzie Group
Bernarda Schuppe,835.081.1678,sid.wiza@Goldner-Metz.com,Goldner-Metz
Ward Howe,(245) 440-6912,viva.davis@Langworth.com,Langworth
Queenie Prohaska,204-328-5582,branden.bradtke@Boyer.com,Boyer
Dr. Estela Kessler,000-654-1791,willy.oconnell@Runte_and_Sons.com,Runte and Sons
Dr. Hipolito Heaney,1-715-710-6443,kristyn.ziemann@Adams_and_Sons.com,Adams and Sons
Huong Bahringer,(040) 900-3474,trevor.dicki@Bogan-Towne.com,Bogan-Towne
Miss Jenniffer Ferry,715-477-5340,evette.frami@Fritsch_and_Sons.com,Fritsch and Sons
Marybelle Bruen,804.860.0386,cheryll.fisher@Abernathy_and_Sons.com,Abernathy and Sons
Arlene McKenzie,(207) 003-6780,chad.yundt@Tremblay_Group.com,Tremblay Group
Carey Kshlerin,793.779.6744,ernest.predovic@Ankunding.com,Ankunding
Liane Jacobson,805-732-9402,wally.rippin@Effertz-Friesen.com,Effertz-Friesen
Charlyn Bernier,888.892.9397,yesenia.little@Russel_Inc.com,Russel Inc
Fransisca Rolfson,(684) 413-0958,laurette.wuckert@Smith-Mohr.com,Smith-Mohr
Billy Jacobi,(560) 930-9756,gustavo.gleason@Weimann.com,Weimann
Danyelle Terry III,806-225-8758,minh.dibbert@Purdy-Pacocha.com,Purdy-Pacocha
Ted Smith,955.107.7359,emmanuel.donnelly@Pacocha-Crooks.com,Pacocha-Crooks
Cecily Weimann,(660) 468-6336,leon.schneider@Braun.com,Braun
Dina Marks,101-207-0539,clifton.fahey@Mohr-Krajcik.com,Mohr-Krajcik
Herman Bogan DDS,(157) 437-4363,tamie.bernier@Hodkiewicz.com,Hodkiewicz
Donnell Prosacco,(364) 933-8231,melaine.fay@Schumm_LLC.com,Schumm LLC
Stacey Kulas,(511) 186-1110,anjanette.ziemann@Hettinger.com,Hettinger
Edmond Morar,409-368-9634,clarisa.hahn@Mann_LLC.com,Mann LLC
Christy Thompson,1-736-121-2637,shavonne.harris@Hettinger-Oberbrunner.com,Hettinger-Oberbrunner
Delsie Gerhold,066.764.2569,paz.kuphal@Ernser-Pfannerstill.com,Ernser-Pfannerstill
Troy Heller,(653) 372-3509,pierre.schiller@Frami-Berge.com,Frami-Berge
Denver Bergnaum,(494) 223-1397,elena.rutherford@Goyette.com,Goyette
Buster Hessel I,829.364.8342,connie.kozey@Mraz_and_Sons.com,Mraz and Sons
Anika Pouros DDS,034-253-7707,sherie.reichert@Runte_and_Sons.com,Runte and Sons
Sherron Kerluke,1-871-061-9886,nakita.gusikowski@Schmidt.com,Schmidt
Miss Bette Glover,(129) 785-1558,noble.kuhlman@Spinka_LLC.com,Spinka LLC
Maryrose Hartmann Sr.,856-848-2181,jacques.heaney@Reilly_and_Sons.com,Reilly and Sons
Jonah Emard,501-313-3585,milda.wyman@Rohan_and_Sons.com,Rohan and Sons
Zack Pacocha,(142) 006-2279,ronald.hilpert@Buckridge-Anderson.com,Buckridge-Anderson
Hilary Howe,291.712.0528,grace.hahn@Vandervort.com,Vandervort
Antoine DuBuque,788.096.7365,shaunna.abernathy@Hegmann-Murray.com,Hegmann-Murray
Mr. Kylee Mertz,345-571-7965,erminia.block@Bosco.com,Bosco
Christine Kozey I,460-203-0969,albert.volkman@Ruecker.com,Ruecker
Eli Braun PhD,1-891-529-5952,glynis.mcclure@Hackett.com,Hackett
Azalee Koelpin,991.155.3132,sofia.wiegand@Rodriguez-Pouros.com,Rodriguez-Pouros
Jamie Hegmann,1-472-933-6145,bart.gutmann@Lakin_Group.com,Lakin Group
Harris Abbott,(555) 349-0863,alecia.lebsack@Reichert.com,Reichert
Ned Kiehn,1-135-622-8817,riva.schultz@Turcotte-Howe.com,Turcotte-Howe
Rossana Predovic,(191) 478-1588,lennie.osinski@Will-Bernier.com,Will-Bernier
Burt Champlin,1-144-355-7248,reita.larson@Koss.com,Koss
Karrie Bogisich,534-602-6720,clarence.purdy@Yost_LLC.com,Yost LLC
Milagros Hintz,(155) 612-7275,andree.hartmann@Stracke_LLC.com,Stracke LLC
Ariel Doyle,657-650-6871,karrie.toy@Gottlieb.com,Gottlieb
Terrilyn Moen,1-071-389-8197,jasper.feest@Bernier_Group.com,Bernier Group
Vinnie Murphy,1-660-825-4753,jessika.dooley@Powlowski_and_Sons.com,Powlowski and Sons
Millie Mertz,(926) 801-2093,melani.veum@McGlynn.com,McGlynn
Archie Pfeffer,(910) 399-4025,jamison.streich@McCullough_Inc.com,McCullough Inc
Shawn Grady,395.785.0283,julio.rodriguez@Brekke.com,Brekke
Sang Gerlach,260-298-8152,ramonita.marvin@Gutkowski-Spencer.com,Gutkowski-Spencer
Dustin Stamm,(604) 128-9041,rachael.jakubowski@Cronin.com,Cronin
Barrett Rath,(264) 760-8052,prince.terry@King_and_Sons.com,King and Sons
Lynwood Kshlerin,(580) 580-9298,jimmy.mitchell@Wunsch_Inc.com,Wunsch Inc
Ralph Quigley,473-306-6382,cleo.moen@Wintheiser_Inc.com,Wintheiser Inc
Keva Hahn,065.160.0125,cora.hegmann@Stoltenberg_LLC.com,Stoltenberg LLC
Cesar Predovic,1-673-985-0949,gemma.mclaughlin@Beatty_LLC.com,Beatty LLC
Maritza Doyle,1-570-080-7511,fredric.fay@Wehner-Halvorson.com,Wehner-Halvorson
Evan Doyle,084-844-1580,al.pfannerstill@Schneider_Inc.com,Schneider Inc
Dr. Dominic Okuneva,540-806-9021,tyson.shanahan@Rosenbaum-Rohan.com,Rosenbaum-Rohan
Jimmie Graham,799-301-8020,philomena.jones@Erdman-Batz.com,Erdman-Batz
Mirtha Kilback,724-965-5756,tracie.halvorson@Heathcote-Osinski.com,Heathcote-Osinski
Billie Nitzsche IV,1-721-792-8249,dudley.cruickshank@Hettinger_Inc.com,Hettinger Inc
Dorathy Collins,301-277-0865,nora.huels@Emard-MacGyver.com,Emard-MacGyver
Ms. Hilario Halvorson,243-551-2474,dessie.effertz@Farrell-Kutch.com,Farrell-Kutch
Aubrey O'Keefe,1-390-671-7121,derrick.farrell@Lakin.com,Lakin
Leslie O'Connell V,(941) 620-9042,ulrike.stroman@Beatty.com,Beatty
Ivana Yost PhD,580-314-0501,alexander.boyle@Hintz.com,Hintz
Wynell Padberg,105.686.6334,eldridge.berge@Rempel.com,Rempel
Jarrett Upton,029.566.4226,darleen.turcotte@Carroll.com,Carroll
Becky Torp,885.851.5752,iesha.lehner@Fay-Feest.com,Fay-Feest
Miss Divina Dickinson,410-553-9450,santiago.gerhold@Spencer-Ullrich.com,Spencer-Ullrich
Derick Graham,(519) 774-4126,chiquita.walker@Ward.com,Ward
Marty Hermiston,1-054-515-0348,parthenia.bosco@Green_Inc.com,Green Inc
Terry Kessler Sr.,(976) 842-5953,samual.kessler@Leannon_Inc.com,Leannon Inc
Roberto Doyle MD,(277) 089-5542,soraya.boyer@Kuhic.com,Kuhic
Margery Graham,(916) 828-8442,rico.hermiston@Schuster_LLC.com,Schuster LLC
Mr. Issac Daugherty,(897) 894-8613,quinn.kris@Weber.com,Weber
Alfredo Russel,1-830-440-8794,josephina.maggio@Goldner_and_Sons.com,Goldner and Sons
Euna Upton,(831) 204-0277,kari.mclaughlin@Fisher.com,Fisher
Johnson Towne,(418) 563-0846,timothy.botsford@Brakus-Runolfsson.com,Brakus-Runolfsson
Wonda Kozey,207.661.8966,hassie.huels@Turner.com,Turner
Milo Olson,1-691-853-7542,carmelo.oconner@Ankunding.com,Ankunding
Mr. Edgar Zemlak,424.850.8452,cristopher.heathcote@Pfannerstill.com,Pfannerstill
Michel Gottlieb,1-692-027-9587,dusty.rolfson@Greenfelder-Simonis.com,Greenfelder-Simonis
Dr. Shavonda Tremblay,082-592-5311,renda.gottlieb@Spinka-Mosciski.com,Spinka-Mosciski
Marine Olson,(669) 931-7846,racheal.feeney@Schinner.com,Schinner
Mitchel Schaden,(878) 028-8461,raymon.hansen@West_and_Sons.com,West and Sons
Pedro Stehr,384.321.5930,reginald.goyette@Bergnaum.com,Bergnaum
Ashley Greenholt,092-243-3689,gertha.nienow@Hermann.com,Hermann
Rodrigo Crooks,967-804-8807,tyson.mclaughlin@Prosacco.com,Prosacco
Isaiah Dietrich,658.924.6471,arron.klocko@Koepp-O'Reilly.com,Koepp-O'Reilly
Xiao Graham,(039) 672-5713,chante.streich@Lubowitz-Hane.com,Lubowitz-Hane
Mrs. Jerrell Daniel,(556) 915-9425,reiko.gulgowski@Strosin_LLC.com,Strosin LLC
Tawana Watsica,443.798.4524,alva.oconnell@Haley_Group.com,Haley Group
Eliza Spencer Sr.,080-920-8065,tarra.dicki@Kris.com,Kris
Maida Nicolas,261-188-8501,lynn.sporer@Bartell-McGlynn.com,Bartell-McGlynn
Roberto Schuppe,771.906.4812,ezequiel.gleichner@Littel-Wilderman.com,Littel-Wilderman
Geraldo Huel V,1-023-757-0737,leeann.gusikowski@Luettgen.com,Luettgen
Marco Mitchell MD,(921) 629-5860,fern.williamson@Fay.com,Fay
Bud Hudson,1-927-786-1395,dalila.kertzmann@Crooks_LLC.com,Crooks LLC
Wyatt Kreiger Jr.,530.164.1254,rocio.schneider@Bruen.com,Bruen
Kraig Hessel,(755) 670-7434,nicolle.zulauf@Hauck.com,Hauck
Dino Erdman,1-997-225-9692,pauletta.lesch@Turcotte.com,Turcotte
Darnell Kohler,569.643.8270,vickey.champlin@Wilkinson.com,Wilkinson
Zina Abbott,(640) 839-2430,wilford.becker@Zulauf-Parisian.com,Zulauf-Parisian
King Veum,239-526-8925,mei.cartwright@Runolfsdottir.com,Runolfsdottir
Modesta Leannon,404.432.0572,corinne.mckenzie@Johns_Inc.com,Johns Inc
Miss Mitsue Mayer,035-298-4847,patricia.hodkiewicz@Hilpert.com,Hilpert
Marcelo Labadie,311-002-8825,kurtis.kautzer@Lesch.com,Lesch
Jackie Sanford,239-845-4279,lester.shields@Conn-Rutherford.com,Conn-Rutherford
Evia Cronin,213.040.5519,ernestine.kunde@Herzog-Jerde.com,Herzog-Jerde
Neta Gerhold,706-192-6940,madge.gleichner@Shields.com,Shields
Bradley Jacobson PhD,554.207.1583,anne.strosin@Stoltenberg-Emmerich.com,Stoltenberg-Emmerich
Ernie Mitchell,802-689-1184,cordie.bogan@Bauch.com,Bauch
Lelah Leuschke Sr.,082-188-3829,paulina.oconnell@Haley-Schamberger.com,Haley-Schamberger
Miss Jarred Hickle,(784) 769-1595,bernita.kris@Conroy-Morissette.com,Conroy-Morissette
Alejandro Howe,117.163.5607,long.stoltenberg@Keebler-Stiedemann.com,Keebler-Stiedemann
Cordia Koelpin V,(389) 556-1396,winfred.kris@VonRueden_Inc.com,VonRueden Inc
Kacey Hintz,153.617.9812,guadalupe.muller@Koepp_LLC.com,Koepp LLC
Shaun Willms,(782) 477-2075,vito.russel@Stoltenberg_Inc.com,Stoltenberg Inc
Tomiko Blick,403.497.2058,clyde.lowe@Buckridge_Group.com,Buckridge Group
Pei Hahn,285-922-1902,rudolph.hilpert@Kautzer_Inc.com,Kautzer Inc
Dorsey Flatley,221.238.8833,alison.douglas@Thompson.com,Thompson
Monroe Herman,992-972-4538,renda.strosin@Crooks_LLC.com,Crooks LLC
Matha Torphy,(010) 735-9395,diego.brakus@Funk-Prosacco.com,Funk-Prosacco
Cecil Becker,(661) 934-3731,gertude.gleichner@Nader_LLC.com,Nader LLC
Miss Tari Leffler,466-614-1266,anthony.nitzsche@Miller_Inc.com,Miller Inc
Arnold Erdman,864-529-6511,veola.tremblay@Crooks.com,Crooks
Lauren Bogan,357-485-0007,jamila.labadie@Abernathy.com,Abernathy
Sarai Conn,955.573.3795,freddie.kreiger@Bogan.com,Bogan
Ms. Byron Cartwright,611.615.7866,moises.heidenreich@Armstrong_Inc.com,Armstrong Inc
Reinaldo Spencer,1-586-478-0511,stephen.wilderman@Schultz.com,Schultz
Aurelio Osinski PhD,(893) 182-2466,allyn.mcclure@Konopelski_LLC.com,Konopelski LLC
Mr. Justina Upton,(342) 182-4951,long.wilderman@Moore-Kilback.com,Moore-Kilback
Mrs. Laurice Upton,016-838-0367,frank.heaney@Kirlin-Rempel.com,Kirlin-Rempel
Stacey Kuhic,1-326-152-8474,ross.bergstrom@Fay_Inc.com,Fay Inc
Tyler Tillman,(698) 903-3397,kelly.feest@Lockman_Group.com,Lockman Group
Celinda Leannon,1-052-573-3432,donella.rowe@Wuckert-Goyette.com,Wuckert-Goyette
Napoleon White MD,416-136-9982,alpha.rohan@Turner-Kulas.com,Turner-Kulas
Veronika Haag,(476) 893-2453,anton.murazik@Hill.com,Hill
Ileen Kassulke,(901) 666-8066,jessi.sanford@Prosacco.com,Prosacco
Octavia Hand,824-812-3559,damien.maggio@O'Conner_Inc.com,O'Conner Inc
Dalene Harris,(910) 595-4508,jayne.turner@Schinner_and_Sons.com,Schinner and Sons
Jimmie Bashirian II,1-182-920-3856,rochel.ferry@Littel.com,Littel
Siobhan Anderson,1-401-568-9942,jess.dickinson@Torp.com,Torp
Angelo Auer Jr.,218-530-7446,irena.keebler@O'Kon_Group.com,O'Kon Group
Mikel Wolff,343.539.0568,bonny.bode@Kunde.com,Kunde
Dorene Lang,963.700.8097,miles.gusikowski@Kub.com,Kub
Buford Hoppe,945.889.7349,mandi.hilpert@Wilderman_LLC.com,Wilderman LLC
Malcolm Crooks MD,(185) 647-7111,rodrigo.corkery@Hegmann_Inc.com,Hegmann Inc
Ethelyn Lueilwitz,245.724.6289,manual.kshlerin@Gutmann.com,Gutmann
Jake O'Connell,(063) 079-2711,ida.blick@Runolfsson_Group.com,Runolfsson Group
Connie Fay,102.018.0271,sherman.schiller@Lesch-Yundt.com,Lesch-Yundt
Cherly Howell,974.767.1476,jovan.morar@Ryan.com,Ryan
Hiram Mills II,516-588-9670,bebe.haley@Glover.com,Glover
Scottie Denesik PhD,(338) 216-5464,luis.grimes@Maggio_Inc.com,Maggio Inc
Loren Homenick II,908-720-9426,darnell.halvorson@Hamill_and_Sons.com,Hamill and Sons
Sidney Kerluke,799-345-3717,willie.hodkiewicz@Hessel_and_Sons.com,Hessel and Sons
Wm Carter,1-520-534-7732,zaida.huel@Marks-Haley.com,Marks-Haley
Ms. Pok Hermiston,1-438-949-6886,ok.bradtke@Davis.com,Davis
Odell Kiehn,645.060.7225,tobias.romaguera@Hill.com,Hill
Fay Bosco,1-633-393-1487,owen.auer@Deckow-Heathcote.com,Deckow-Heathcote
Marcos Langosh,094-991-8368,katia.nienow@Stoltenberg_Inc.com,Stoltenberg Inc
Scottie Cummerata,898-999-0729,rodrick.schaefer@DuBuque_Group.com,DuBuque Group
Fermin Bogisich,1-711-817-5183,louvenia.adams@Treutel.com,Treutel
Wallace Walsh,953.945.5223,corey.collier@Kertzmann.com,Kertzmann
Junko Gleason,436.683.8946,abe.rempel@Hermiston.com,Hermiston
Rueben Wisoky,278.862.1489,lindsey.johnston@Heathcote.com,Heathcote
Trevor Ebert,1-141-532-5172,lyndon.johns@Wehner-Koepp.com,Wehner-Koepp
Stacey Stamm,(336) 399-7723,lilliam.rowe@Gulgowski-Hyatt.com,Gulgowski-Hyatt
Edgardo Schuppe II,500.040.2554,albertine.gottlieb@Bayer-Yundt.com,Bayer-Yundt
Garret West,(939) 279-7626,jone.oconner@Hermiston-Lakin.com,Hermiston-Lakin
Manual Bogan Jr.,1-996-709-3745,levi.zieme@Hyatt.com,Hyatt
Roscoe Runte,(375) 598-4106,erin.howe@Stracke-D'Amore.com,Stracke-D'Amore
Theo Hamill,941-622-6749,judy.mitchell@Hudson.com,Hudson
Miss Marylin Lebsack,608-958-8013,desirae.hammes@Kuvalis-Zieme.com,Kuvalis-Zieme
Shantae D'Amore,(138) 862-6271,lyda.morissette@Dickinson.com,Dickinson
Dalila Daugherty,1-881-300-5380,callie.jacobson@Altenwerth-Runte.com,Altenwerth-Runte
Alexander Grady,(252) 710-2684,tasha.anderson@Zboncak-Keebler.com,Zboncak-Keebler
Starla McClure,531-433-1024,arnoldo.hayes@Marquardt-Sporer.com,Marquardt-Sporer
Russ Feest,887-040-4991,trina.wyman@Rau_Inc.com,Rau Inc
Stan Bernhard Jr.,673-974-8984,eda.dubuque@Terry.com,Terry
Alexis Denesik,(709) 465-1254,bob.weimann@Jacobs.com,Jacobs
Dr. Eric Gerlach,(953) 026-9651,hunter.daugherty@Feil-Schamberger.com,Feil-Schamberger
Miss Jung Jerde,966.426.8663,porter.bailey@Bernier-Jacobi.com,Bernier-Jacobi
Woodrow Tremblay Sr.,(280) 459-9050,alfonzo.osinski@Rosenbaum_LLC.com,Rosenbaum LLC
Jacqueline Gibson,647.970.3512,estrella.mayert@Reilly-Berge.com,Reilly-Berge
Johnny Leffler Sr.,681.751.5701,derick.smith@Reilly-Feest.com,Reilly-Feest
Calista Price,1-768-015-6921,shemika.lemke@Crist_and_Sons.com,Crist and Sons
Moises Steuber,969.845.2533,kenya.boyer@Krajcik.com,Krajcik
Berenice Luettgen,995-778-8277,raphael.streich@Langosh_and_Sons.com,Langosh and Sons
Hermila Torp MD,(903) 410-7823,gaye.wolff@Hodkiewicz_Group.com,Hodkiewicz Group
Denisha Hirthe,354.174.1916,shayne.goldner@Beer-Mohr.com,Beer-Mohr
Melaine Raynor,589.404.7364,arnulfo.nikolaus@Collins-Zboncak.com,Collins-Zboncak
Damion Marks Sr.,377.974.4128,evia.hilpert@Wuckert.com,Wuckert
Dr. Rogelio Ortiz,987.845.2873,sandy.beatty@Will-Reinger.com,Will-Reinger
Antonia Hauck,1-802-704-1142,pedro.hilpert@Ernser_LLC.com,Ernser LLC
Marshall Kirlin,409-935-5494,lynwood.satterfield@Zieme-Watsica.com,Zieme-Watsica
Zachariah Spencer DVM,(249) 859-2265,kemberly.torphy@Bernier.com,Bernier
Jonie Turcotte,755-941-3557,debbra.schulist@Hilpert-Thiel.com,Hilpert-Thiel
Kattie Jenkins,481.900.6991,chad.grady@Hoeger-Lesch.com,Hoeger-Lesch
Elmira Dickinson,1-778-223-4886,mac.bogisich@Hand-Conn.com,Hand-Conn
Daniela Effertz,(293) 284-6885,tereasa.maggio@McKenzie.com,McKenzie
Gisele Johnson PhD,837-439-3375,shellie.bechtelar@Rogahn.com,Rogahn
Major Huels,776-876-0635,saul.hettinger@Sipes-Monahan.com,Sipes-Monahan
Ms. Hans Kuvalis,1-856-531-6893,julietta.steuber@Stoltenberg.com,Stoltenberg
Nelle Purdy,1-375-112-5415,elias.turner@Morar.com,Morar
Kali Dickens,1-024-513-2803,eduardo.wunsch@Leuschke_LLC.com,Leuschke LLC
Raphael Deckow,344-787-6651,carroll.weimann@Murray-Lang.com,Murray-Lang
Tobias Bashirian DVM,281.236.0235,johnny.farrell@Yost_and_Sons.com,Yost and Sons
Eli Mraz,(076) 591-8645,danae.parisian@Hodkiewicz_Inc.com,Hodkiewicz Inc
Sherise McKenzie,1-112-312-6177,russ.reynolds@Hoppe-Mills.com,Hoppe-Mills
Stacee Bogan,1-880-551-8202,sang.mraz@Johns_and_Sons.com,Johns and Sons
Dr. Denis Hackett,684-674-8751,patti.goldner@Feest-McKenzie.com,Feest-McKenzie
Ha Konopelski,360.002.6305,rubin.emard@Kilback.com,Kilback
Ms. Spencer Stanton,522-780-2025,shawna.turcotte@Walker.com,Walker
Ahmed Luettgen,1-324-314-6139,eldon.farrell@Weissnat_and_Sons.com,Weissnat and Sons
Nicholas Langworth,1-601-883-5400,lee.gutkowski@Marvin.com,Marvin
Sanora Stoltenberg,1-343-773-0768,asa.nitzsche@Denesik_LLC.com,Denesik LLC
Thomasena Aufderhar,856.685.2127,sabine.vandervort@Kilback_Inc.com,Kilback Inc
Ms. Aletha Will,232-097-1876,fred.bashirian@Considine_LLC.com,Considine LLC
Sona Spencer,(546) 310-6104,steve.littel@Turner_Inc.com,Turner Inc
Glenna Willms,129-980-1646,teena.schiller@Farrell.com,Farrell
Tasha Morar DVM,546.421.6246,carolee.ebert@Kertzmann_Group.com,Kertzmann Group
Dane Gibson,(251) 008-6880,phillip.kris@Zboncak_Inc.com,Zboncak Inc
Marcie Barrows,(558) 763-6547,dodie.becker@Homenick_and_Sons.com,Homenick and Sons
Ms. Merle Windler,165-445-6146,maximo.mclaughlin@Torphy-Collier.com,Torphy-Collier
Harris Ledner,253.679.2263,danilo.wisozk@Ferry.com,Ferry
Claude Torphy,619.847.5201,kasey.hintz@Rosenbaum.com,Rosenbaum
Brad Haley,999-361-0322,deedra.carroll@Crona_Group.com,Crona Group
Gaye Shanahan,854-239-1381,lowell.tromp@Feeney-Padberg.com,Feeney-Padberg
Rebeca McDermott,935-314-3074,giuseppe.jenkins@Heaney.com,Heaney
Mr. Iesha Howell,066.563.5315,mikaela.hessel@Kessler_Inc.com,Kessler Inc
Mr. Ola Bogisich,744.579.9096,bradley.torphy@Leuschke.com,Leuschke
Sindy Will,(437) 573-0346,denisha.grant@Goldner_Inc.com,Goldner Inc
Mr. Chauncey Blick,141-260-8664,remona.medhurst@Goodwin-Parisian.com,Goodwin-Parisian
Oren Donnelly,1-614-450-9166,linwood.littel@Gleason.com,Gleason
Katerine Rath,676.636.1861,leonie.gaylord@Grady.com,Grady
Carmine Cassin,(141) 846-2799,jonah.hackett@Legros.com,Legros
Ronnie King,1-506-792-9122,lynn.murphy@Simonis.com,Simonis
Kenia Hill III,861-152-4027,heriberto.wilkinson@Kutch.com,Kutch
Efrain Larkin,1-812-407-5125,blake.beatty@Buckridge-Stokes.com,Buckridge-Stokes
Adelia Bartell,1-009-091-0539,shani.upton@Schmidt-Bauch.com,Schmidt-Bauch
Sharron Goyette V,831.139.0606,alton.kuvalis@Rogahn_LLC.com,Rogahn LLC
Merle Towne,(592) 168-4723,doreen.walter@Huel-Hand.com,Huel-Hand
Miss Alla Kassulke,1-225-641-3459,carolin.kilback@Bradtke.com,Bradtke
Erasmo Zboncak Sr.,1-456-151-0533,lynsey.witting@Heaney_and_Sons.com,Heaney and Sons
Kyra Johns,538-041-3157,vance.bechtelar@Breitenberg-Marvin.com,Breitenberg-Marvin
Walter Little,1-968-076-5377,ralph.hauck@Schoen-Gerlach.com,Schoen-Gerlach
Joe Ebert,(679) 273-8088,isreal.king@Hane.com,Hane
Talia Mosciski III,1-520-407-7650,demarcus.dickinson@Hauck-Dare.com,Hauck-Dare
Lashunda Beatty DDS,940.684.5437,herbert.prosacco@Emmerich-Kovacek.com,Emmerich-Kovacek
Sharika Zboncak,1-089-398-9282,patti.fahey@Gusikowski_Group.com,Gusikowski Group
Yolando Walker,(346) 441-0134,lorena.rippin@Rath.com,Rath
Jaymie Botsford,(534) 077-9460,todd.erdman@Kassulke-Bashirian.com,Kassulke-Bashirian
Etta Dibbert,296-494-9380,arnold.kunde@McKenzie-Abbott.com,McKenzie-Abbott
Clara Adams,391.832.6173,terrell.denesik@Donnelly_and_Sons.com,Donnelly and Sons
Kourtney Stamm,434-410-9714,jewell.hegmann@Hand_and_Sons.com,Hand and Sons
Delicia Hahn,531-832-7142,shaun.kilback@Cole.com,Cole
Carlota Will,788-967-4739,vince.bailey@Mohr_Inc.com,Mohr Inc
Jetta Beer,115-784-3267,jamee.grady@Feil.com,Feil
Marget Gerhold,1-196-208-8011,lucile.schmeler@Lynch.com,Lynch
Clayton Hermiston,760-058-7112,anthony.durgan@Stanton.com,Stanton
Leslie Heller,784-219-7572,elmer.reinger@Effertz.com,Effertz
Nisha Smith,1-137-812-9340,arminda.stiedemann@Bogan.com,Bogan
Wally Murazik,(561) 064-4525,paulita.ryan@Howe-Hyatt.com,Howe-Hyatt
Benton Collins IV,083.844.4791,willa.okeefe@Murray_LLC.com,Murray LLC
Mr. Melvina Harber,1-936-369-4577,herbert.mante@Heidenreich-Reinger.com,Heidenreich-Reinger
Hee Klocko II,(644) 039-5737,sam.lesch@Legros.com,Legros
Rigoberto Thiel,943-957-2150,amos.rosenbaum@O'Connell_Group.com,O'Connell Group
Jarrett Smith,(796) 542-9218,joshua.olson@Hand_Group.com,Hand Group
Darius Kemmer,310-066-9669,eliana.carter@Beier_Inc.com,Beier Inc
Saul Monahan,1-084-780-2079,alvin.brakus@Predovic.com,Predovic
Dominick Walker,(999) 627-3327,li.jacobson@Schiller.com,Schiller
Ruben Orn,(201) 350-7770,jeanine.langworth@Hirthe_LLC.com,Hirthe LLC
Jan Flatley III,509.531.2632,sunday.cruickshank@Schoen-Emmerich.com,Schoen-Emmerich
Yoshie Strosin,592.069.1195,qiana.franecki@West_Group.com,West Group
Lasandra Kerluke,679.201.7092,demarcus.rogahn@Stehr-Bergnaum.com,Stehr-Bergnaum
Mrs. Tiffaney Heathcote,1-516-576-9495,houston.runolfsson@King_LLC.com,King LLC
Malik Hamill,(293) 386-7081,jerald.conroy@Stark-Nader.com,Stark-Nader
Isabel Bogisich,739-644-3870,guy.boyle@Rodriguez.com,Rodriguez
Clayton Schuppe,578.644.6788,doyle.klein@Hudson_Group.com,Hudson Group
Lorrine Bechtelar,(910) 969-9672,josue.hand@Hoppe-Mayert.com,Hoppe-Mayert
Eduardo Cronin,(447) 277-8593,jeffry.kirlin@Runte.com,Runte
Hattie Dickinson,898.612.3856,joycelyn.hand@Glover-Krajcik.com,Glover-Krajcik
Ms. Sharen Rempel,(932) 946-8609,jule.schiller@Kassulke.com,Kassulke
Elfreda Will,949-745-7988,enriqueta.barrows@Schmidt.com,Schmidt
Roman Wehner III,906-319-3702,julia.kemmer@Shields.com,Shields
Danille Langworth MD,1-155-745-1315,mary.hauck@Flatley-Blick.com,Flatley-Blick
Maxima Bernier,1-814-927-9554,robby.mohr@Rosenbaum.com,Rosenbaum
Mrs. Carroll Reichel,680.268.2182,tobias.hettinger@Dietrich-Nikolaus.com,Dietrich-Nikolaus
Dick Schneider,129.096.3018,sammy.trantow@Little.com,Little
Daren Treutel V,154-132-6358,eduardo.lowe@Beahan.com,Beahan
Grover O'Reilly,(920) 058-4516,allan.johns@Kris_and_Sons.com,Kris and Sons
Brice Rogahn,230.929.3347,stanford.willms@Hayes-Shields.com,Hayes-Shields
Clyde Fisher,323.853.3066,gertrude.mitchell@Jaskolski.com,Jaskolski
Florentino Hyatt,1-336-132-5141,connie.luettgen@Kunde-Tillman.com,Kunde-Tillman
Paz Kuhic,1-751-038-2722,melvin.gulgowski@Rau-Ward.com,Rau-Ward
Lyndsey Goodwin,617.205.9995,laurence.ernser@Jones-Haag.com,Jones-Haag
Rosy Skiles,240.067.4454,claribel.towne@Kovacek-Durgan.com,Kovacek-Durgan
Mauro Rodriguez,(581) 787-7851,porsha.graham@Bradtke.com,Bradtke
Mrs. Corey Cartwright,020.610.1127,dean.vandervort@Hamill_Group.com,Hamill Group
Dina Yost,499.693.3292,nam.weissnat@Cronin.com,Cronin
Dorsey Labadie,(789) 659-9932,melaine.stiedemann@Kirlin-Howe.com,Kirlin-Howe
Dannielle Will MD,405.129.5867,winnie.west@Herman.com,Herman
Quinton Roob,630-594-3641,simone.reinger@Swaniawski_Group.com,Swaniawski Group
Dr. Keila Roberts,891.902.3940,chris.reichel@Lesch.com,Lesch
Ivory Jacobson,409-076-1891,chi.ryan@Cartwright-Halvorson.com,Cartwright-Halvorson
Walker Grant,949-153-5039,lawerence.windler@Schultz_and_Sons.com,Schultz and Sons
Jean Bashirian,562-307-0135,wilhemina.blick@Lubowitz_LLC.com,Lubowitz LLC
Peter Braun,150-988-6067,adalberto.renner@Kuhlman-Sporer.com,Kuhlman-Sporer
Rickie Hill,663.986.7575,santo.carter@Franecki_and_Sons.com,Franecki and Sons
Mrs. Delbert Schamberger,469.545.2028,laci.dietrich@Reichert.com,Reichert
Mr. Eufemia Roob,807-113-1565,marla.walker@Fahey-Zemlak.com,Fahey-Zemlak
Lonna Jaskolski,669-208-2446,carl.fritsch@Terry_and_Sons.com,Terry and Sons
Mr. Darryl Boehm,985.390.1944,junior.parisian@Reichel-Kohler.com,Reichel-Kohler
Kymberly Ledner,682-047-5849,leonel.waters@Kuhn_and_Sons.com,Kuhn and Sons
Amanda Thompson Jr.,888-907-9329,ngoc.feil@Fahey_Inc.com,Fahey Inc
Gwyneth Krajcik,1-365-845-0797,galen.lueilwitz@Ebert-Predovic.com,Ebert-Predovic
Mr. Art Adams,062-394-3294,patricia.swift@Koss_Inc.com,Koss Inc
Javier Reichert,1-582-929-8410,edie.herzog@Yundt-Carter.com,Yundt-Carter
Brittni Hilpert,959-512-6285,ariel.hane@Koss_LLC.com,Koss LLC
Miss Dionne Dare,(315) 632-0626,dwana.kohler@Hirthe-Bahringer.com,Hirthe-Bahringer
Lamar Klocko V,040.878.5308,rey.pagac@Walsh-Rosenbaum.com,Walsh-Rosenbaum
Xavier Kiehn,892-750-2406,orlando.wilkinson@Kulas.com,Kulas
Miss Yuko Hegmann,(521) 824-7008,cornelius.keebler@VonRueden.com,VonRueden
Lucien Bosco,142.444.0141,randell.hane@Grady_Inc.com,Grady Inc
Neal Kovacek,028.776.6651,jeffrey.gerlach@Koepp-Graham.com,Koepp-Graham
Christopher Leuschke III,(676) 274-9531,silva.welch@Reynolds_Inc.com,Reynolds Inc
Ms. Dee Bins,473.042.8930,leonore.abbott@Koelpin_Group.com,Koelpin Group
Thea Erdman,559-457-0166,evan.gleichner@Lakin.com,Lakin
Madlyn Yost III,377.714.9495,travis.boyer@Mertz_and_Sons.com,Mertz and Sons
Solomon Schumm,662-553-3700,giuseppe.klocko@Ullrich_LLC.com,Ullrich LLC
Conrad Hackett,(037) 593-4383,austin.tromp@Trantow.com,Trantow
Bob Abshire,1-623-582-2322,taylor.feeney@Wehner.com,Wehner
Dierdre Will,(708) 240-8498,bud.bechtelar@Shanahan_LLC.com,Shanahan LLC
Lashawna Mertz,970-094-0645,sydney.rice@Quigley_Group.com,Quigley Group
Ms. Ronny Zboncak,851-597-1098,victoria.howell@Dooley.com,Dooley
Lucretia Mann,918-146-8978,ellsworth.lemke@Leannon-Durgan.com,Leannon-Durgan
Mrs. Astrid Torp,1-170-645-2067,willard.schmidt@Gaylord.com,Gaylord
Otis Klein,1-166-674-1009,wenona.macejkovic@Thiel.com,Thiel
Elin Stoltenberg,(727) 361-6167,aleshia.jerde@Leannon.com,Leannon
Nicholas McCullough,1-399-552-2498,wilmer.cassin@Johnson-Little.com,Johnson-Little
Lashonda Trantow,760.517.8511,hyun.mclaughlin@Mertz.com,Mertz
Denyse Jenkins,(608) 820-7132,richie.fay@Welch_and_Sons.com,Welch and Sons
Marshall Gutmann,915.836.3897,adolph.erdman@Boyer-Bahringer.com,Boyer-Bahringer
Alexis Bailey IV,004.827.6171,clinton.flatley@Rippin_LLC.com,Rippin LLC
Duane Wisoky,471.174.5275,val.dubuque@Sauer_LLC.com,Sauer LLC
Collin Rippin Sr.,073.847.3292,lucinda.turcotte@West_Group.com,West Group
Delphine Vandervort,(118) 581-4836,jerrold.dietrich@Turcotte.com,Turcotte
Osvaldo Mraz,239.456.2130,susy.wuckert@Mayert.com,Mayert
Ashanti Blanda,1-144-072-0683,brenton.sauer@Gleason.com,Gleason
Justine Feest,(339) 329-3238,ira.mclaughlin@Miller.com,Miller
Dr. Shad Rippin,(091) 134-5835,lon.williamson@Schiller_LLC.com,Schiller LLC
Shelley Kutch,230-126-9398,alethia.halvorson@Koelpin_LLC.com,Koelpin LLC
Latricia Beier,948-091-2368,joann.pagac@Paucek.com,Paucek
Derrick Orn,(476) 017-9631,nell.monahan@Torp.com,Torp
Bart Hilpert,(791) 946-7785,dane.schaden@Mayert-Orn.com,Mayert-Orn
Corazon Wuckert,(474) 505-7726,tom.waters@Kunze.com,Kunze
Branden Senger,839.119.2570,jene.kirlin@Sauer-Weber.com,Sauer-Weber
Ms. Conrad Terry,626-974-1350,lashawna.kirlin@Davis.com,Davis
Matthew Schaefer,(505) 383-5631,gerry.walter@Corwin-Cole.com,Corwin-Cole
Ivory Altenwerth DVM,803.170.7960,jamel.stamm@Nader_Group.com,Nader Group
Gia Kohler Sr.,1-235-214-5525,shaquana.kling@Witting.com,Witting
Renita Hilpert,(706) 107-1102,serita.schiller@Reinger.com,Reinger
Rozella Hoeger,(276) 430-5882,perry.simonis@Cronin-Schroeder.com,Cronin-Schroeder
Rayna Douglas,1-198-662-6761,marcene.roberts@DuBuque.com,DuBuque
Gilberto Howell,925.615.1690,clifton.barton@Steuber.com,Steuber
Odell Gerlach,1-467-822-6438,mignon.schuppe@Powlowski-Renner.com,Powlowski-Renner
Deedee Lehner,(377) 523-5555,yong.mueller@Hansen_Group.com,Hansen Group
Felix Herzog,685-185-5569,emmitt.kuhn@Runte_LLC.com,Runte LLC
Marta Casper,1-208-503-9171,sonny.macgyver@Balistreri_Group.com,Balistreri Group
Katerine Kiehn,(901) 463-0565,harland.hintz@Brakus-Littel.com,Brakus-Littel
Randy Hessel,(622) 795-1568,dexter.murphy@Wolff-Kassulke.com,Wolff-Kassulke
Liz Lesch Sr.,(997) 739-0847,raymonde.gutmann@Kozey_Inc.com,Kozey Inc
Terry Auer,492.350.3713,lyman.feeney@Ferry_Group.com,Ferry Group
Albertine Hammes,089-689-4372,lucienne.kshlerin@Spinka-Morissette.com,Spinka-Morissette
Romeo Hammes,1-936-742-0828,terrance.bogisich@Runte.com,Runte
Jeromy Greenfelder,(567) 199-5088,erlinda.crooks@Tromp.com,Tromp
Ian Crooks,705-527-5221,jeremiah.williamson@Rohan_and_Sons.com,Rohan and Sons
Vannessa Boyer,1-182-918-3538,eugenio.stehr@Towne_Group.com,Towne Group
Maren Torphy,1-571-301-0459,emelda.renner@Pollich-O'Connell.com,Pollich-O'Connell
Diann Nicolas,100-396-6067,humberto.borer@Senger-Durgan.com,Senger-Durgan
Casey Anderson,1-077-542-9330,julene.senger@Windler.com,Windler
Brice Huel,477-301-8944,myrtis.wisozk@Johnston-Rempel.com,Johnston-Rempel
Ms. Jaime Barrows,407.084.2383,davis.kihn@Robel.com,Robel
Modesto Wisoky,091.729.2929,vilma.ankunding@Gutkowski_Group.com,Gutkowski Group
Katherin Robel,1-632-381-1320,katheleen.heller@Koss-Dach.com,Koss-Dach
Charisse Anderson,(531) 980-3205,jerry.sawayn@Streich_Group.com,Streich Group
Dr. Carolynn Maggio,442-442-8935,tiara.sipes@Hamill-Cormier.com,Hamill-Cormier
Shela Miller MD,395.437.6924,bernadette.mayert@Rice.com,Rice
Patty Senger,1-566-309-1493,corrina.kuphal@Cole_Inc.com,Cole Inc
Arlen Cruickshank,221.290.7982,toney.kerluke@Abernathy.com,Abernathy
Bernie Wolf,538-543-5886,mauricio.lindgren@Orn_Group.com,Orn Group
Anne Mosciski,1-055-158-8496,laurie.halvorson@Reilly_and_Sons.com,Reilly and Sons
Marcel Harvey,801-782-4662,randy.carroll@Murray-Feil.com,Murray-Feil
Eulah Nikolaus,(933) 088-6455,bernardo.lowe@Romaguera_Inc.com,Romaguera Inc
Ms. Shirlee Klocko,1-245-586-9785,sigrid.braun@Klein_LLC.com,Klein LLC
Ellen Berge,800-651-7673,joannie.robel@Homenick_Inc.com,Homenick Inc
Angelo Jakubowski,712-836-1969,leanne.dubuque@Rolfson.com,Rolfson
Marcelino Cummings,644.294.0344,iraida.bernier@Johns-Towne.com,Johns-Towne
Odis Johnston,988.642.3658,gwyn.zboncak@Borer.com,Borer
Buck Terry,1-220-548-0106,winford.hilpert@Metz-Fritsch.com,Metz-Fritsch
Ivan Klein,(286) 692-7448,wilmer.pfannerstill@Schuster-Willms.com,Schuster-Willms
Jaunita Ebert,1-661-738-8042,lance.jenkins@Hill_and_Sons.com,Hill and Sons
Mr. Elijah Pfannerstill,297.926.5294,mohammed.kunze@Fadel.com,Fadel
Rosaura Rowe,(558) 897-1362,stephan.mitchell@Bode-Schoen.com,Bode-Schoen
Simon Ziemann IV,(257) 694-0910,danica.renner@Hodkiewicz.com,Hodkiewicz
Miki Bernhard,(086) 397-8295,vernie.kling@Gutkowski-Gibson.com,Gutkowski-Gibson
Lisa Mayer,1-834-089-6164,jerald.glover@Wintheiser-Gislason.com,Wintheiser-Gislason
Alia Hammes Sr.,1-977-268-5189,rubin.cummerata@Dickens.com,Dickens
Jamee Ledner,830.795.2356,lynwood.davis@Schulist.com,Schulist
Damon Grimes,(174) 566-1101,cameron.olson@Rath_Inc.com,Rath Inc
Edwin Sauer,1-299-347-4828,amos.yost@Johnston.com,Johnston
Gale Wyman,1-675-629-8741,alberto.walker@Pfeffer_Group.com,Pfeffer Group
Francesco Heller,584.279.8638,hilario.crooks@Haag.com,Haag
Pedro Wilderman,1-199-600-2795,randell.walsh@Marks_and_Sons.com,Marks and Sons
Sherell Abshire,247.106.7352,james.beier@Gusikowski.com,Gusikowski
Mireille Stanton,402.085.4366,gisela.collins@Bernier.com,Bernier
Ms. Roni Stroman,(049) 435-7928,humberto.kunde@Johnson-Schultz.com,Johnson-Schultz
Sunday Skiles,1-086-017-8023,allen.hermiston@Strosin-Halvorson.com,Strosin-Halvorson
Sal Murray,(407) 476-2072,ryan.conroy@Morar-Frami.com,Morar-Frami
Tien Boyle II,403-620-3461,mauro.upton@Feeney_Group.com,Feeney Group
Eli Nicolas,315-146-4587,chauncey.runte@Bergstrom.com,Bergstrom
Irving Quitzon DVM,(816) 117-7970,claudine.wyman@Christiansen_LLC.com,Christiansen LLC
Markus Oberbrunner V,958.331.2267,annalee.stracke@Lockman.com,Lockman
Ms. Dylan Baumbach,1-522-544-0192,heath.roob@Hayes_Group.com,Hayes Group
Jarrett Ward,397-982-2813,robin.lynch@Murphy.com,Murphy
Elden Bashirian IV,191.655.4212,warren.gerlach@Beer-Marks.com,Beer-Marks
Doyle Altenwerth,839.360.6448,regina.mccullough@Pfeffer.com,Pfeffer
Rona McLaughlin,111-722-8476,lorina.heathcote@Prosacco.com,Prosacco
Charley Franecki,278-960-5725,russ.hane@Little-Ortiz.com,Little-Ortiz
Kermit Towne,(237) 035-9521,colette.frami@Reynolds-Goodwin.com,Reynolds-Goodwin
Otto Littel MD,372.665.7316,lynwood.zboncak@Gulgowski_and_Sons.com,Gulgowski and Sons
Hipolito Lebsack,877-392-8231,manie.kub@O'Hara.com,O'Hara
Arletta Mante,688-775-9528,emil.cruickshank@Lehner.com,Lehner
Janel Larkin,(442) 739-1590,rolland.dach@Smitham_Group.com,Smitham Group
Ms. Clair Marvin,(924) 511-8592,shane.rutherford@Schaden_LLC.com,Schaden LLC
Dr. Edmundo Lang,(644) 323-4029,tierra.abernathy@Sanford-Douglas.com,Sanford-Douglas
Mr. Leonel Roob,1-798-647-6794,carol.klocko@Larkin.com,Larkin
Mr. Alfonzo Von,998.859.2406,ronald.brakus@Schuster_Group.com,Schuster Group
Ms. Cruz Littel,061.697.9366,camille.jakubowski@Bergnaum-Batz.com,Bergnaum-Batz
Raeann Rosenbaum,1-636-967-7980,valentina.kshlerin@Lehner_Inc.com,Lehner Inc
Noah Greenholt PhD,(426) 971-9037,ray.schuster@Haag-Ratke.com,Haag-Ratke
Felix Halvorson,008-055-7981,kathi.funk@Stracke_Inc.com,Stracke Inc
King Boehm,131.984.0184,chantelle.dicki@Swaniawski_Group.com,Swaniawski Group
Emmitt Russel DVM,862.099.1898,gus.kuhic@Larkin-Smitham.com,Larkin-Smitham
Sammie Cummerata,(941) 654-8272,cornelius.ritchie@Walker_Inc.com,Walker Inc
Bobby Conroy,271.841.0556,jacques.bednar@Hand.com,Hand
Allen Spinka,1-754-906-1573,adelia.harvey@Schmeler.com,Schmeler
Verena Nolan,1-800-165-5019,reuben.cummerata@Rodriguez-Beer.com,Rodriguez-Beer
Ashley Stoltenberg,1-332-051-2695,jospeh.hammes@Walker-Runolfsdottir.com,Walker-Runolfsdottir
Miss King Parisian,455.070.7171,sachiko.dickens@Frami-Runolfsson.com,Frami-Runolfsson
Sam Brakus V,215.052.9071,carl.durgan@Wisozk.com,Wisozk
Dave Legros,1-606-841-4463,flora.marks@Ruecker-Mosciski.com,Ruecker-Mosciski
Lidia Prohaska,346-237-0621,kurt.armstrong@Tremblay-Graham.com,Tremblay-Graham
Emile Bailey,1-886-409-2450,barton.macgyver@West.com,West
Dr. Lezlie Jakubowski,688.913.4448,shawn.monahan@McDermott.com,McDermott
Wilson Wintheiser,719.867.2699,kelly.bergstrom@Wyman_and_Sons.com,Wyman and Sons
Jordan Hoeger,1-038-238-0357,eliseo.fisher@Barton_and_Sons.com,Barton and Sons
Tracee Koch,1-936-167-1162,james.schaefer@Hills.com,Hills
Noella Kuhn,(414) 146-5374,darrick.stoltenberg@Effertz-Gleason.com,Effertz-Gleason
Jeremy Goyette DVM,067.258.8131,tereasa.vonrueden@Koch.com,Koch
Rey Weber,(895) 362-1911,lynwood.davis@Reynolds-Cassin.com,Reynolds-Cassin
Dave Predovic,156-392-2689,johnnie.walsh@Anderson-Harber.com,Anderson-Harber
Evan Hirthe,(068) 783-0826,roberto.schuppe@Barton-Adams.com,Barton-Adams
Ms. Raphael Hirthe,(637) 426-7368,daniel.osinski@Hills.com,Hills
Lizzie Kautzer,180.189.6344,emilio.hermann@Upton_and_Sons.com,Upton and Sons
Antonio Auer,1-049-833-2909,gil.jenkins@Hayes-O'Kon.com,Hayes-O'Kon
Rene Ondricka,051-788-1889,wesley.ortiz@Armstrong.com,Armstrong
Yolando Romaguera,705-160-9495,avis.parisian@Bechtelar-Schuppe.com,Bechtelar-Schuppe
Dr. Brianne VonRueden,1-840-740-4147,wilfredo.rutherford@Dickinson.com,Dickinson
Mose Kshlerin,1-777-698-7886,kati.muller@Larkin-Pollich.com,Larkin-Pollich
Leroy Batz,(082) 415-1949,sina.grady@Kulas-Romaguera.com,Kulas-Romaguera
Edyth Kutch,1-824-433-8233,kasandra.huel@Barrows.com,Barrows
Dr. Kacy Kuphal,1-253-546-8852,wendell.adams@Bayer_LLC.com,Bayer LLC
Rafael Armstrong,(555) 017-6417,melia.toy@Hessel-Heathcote.com,Hessel-Heathcote
Alphonso Hintz,(392) 700-1637,eloy.wuckert@Ziemann_Group.com,Ziemann Group
Roberta Schowalter,1-675-408-6518,leatha.smith@Stanton-Homenick.com,Stanton-Homenick
Laverne Lowe,1-280-983-6599,josiah.hilpert@Pouros-Bernhard.com,Pouros-Bernhard
Bernardo Morar,733.491.6743,sudie.trantow@Larson.com,Larson
Eliana Rowe,(955) 136-1097,ozzie.rutherford@Osinski_Group.com,Osinski Group
Stefania Gleichner,654.133.3489,percy.simonis@Weber-Jaskolski.com,Weber-Jaskolski
Osvaldo Conroy,226-719-6406,bart.nader@Gutkowski.com,Gutkowski
Kevin Welch,385.940.6441,charlotte.powlowski@Larkin_Group.com,Larkin Group
Shaunda Cummings III,854.883.6964,cristobal.beahan@Hirthe.com,Hirthe
Tera Dietrich,1-650-612-0209,ethan.ortiz@Wolf.com,Wolf
Earnest Kihn,(972) 858-3905,percy.swaniawski@Huel.com,Huel
Doretta Hermiston DVM,1-843-429-7614,joane.kautzer@Schoen_Inc.com,Schoen Inc
Ms. Kristyn Heathcote,(064) 799-1122,jordon.fay@Torp-Hoeger.com,Torp-Hoeger
Ms. Carie Terry,1-084-745-9897,benton.mayer@Gislason-Mayert.com,Gislason-Mayert
Haywood Kozey,367.421.1397,lewis.walker@Kihn_and_Sons.com,Kihn and Sons
Alexander Yost,728-751-1169,jessi.breitenberg@Smith_Group.com,Smith Group
Queen Cormier,400-689-5640,karie.ullrich@Breitenberg.com,Breitenberg
Ms. Wilson Fay,1-215-487-2942,addie.dach@Wilderman_Inc.com,Wilderman Inc
Rob Cremin,626.364.3716,roseanna.padberg@Wuckert-Frami.com,Wuckert-Frami
Mirella Cruickshank,1-717-343-3702,zulema.kuhlman@Witting_and_Sons.com,Witting and Sons
Cristal Shanahan,(866) 037-8716,terry.mosciski@Haag_Inc.com,Haag Inc
Darwin Cronin,1-649-307-3125,karma.toy@Streich-Heathcote.com,Streich-Heathcote
Un Runolfsson,386.149.0985,nelda.conroy@Schmidt_and_Sons.com,Schmidt and Sons
Josiah Bartell Jr.,(796) 185-3218,christiane.frami@Thiel-Fahey.com,Thiel-Fahey
Lewis Little,369.575.3199,neal.bogan@Nader-Schuppe.com,Nader-Schuppe
Mr. Fae Anderson,363.640.8578,leta.kerluke@Batz-Windler.com,Batz-Windler
Janae Wiegand,447.470.6012,elvina.schowalter@Sipes-Kihn.com,Sipes-Kihn
Alfonso Runolfsson III,1-602-094-5693,willy.daniel@Becker_and_Sons.com,Becker and Sons
Mrs. Jana Bartoletti,035-474-2305,rory.quitzon@Jaskolski-Mayer.com,Jaskolski-Mayer
Delora Miller IV,610-130-5796,zackary.grimes@Hoppe-Jerde.com,Hoppe-Jerde
Ingrid Reinger,1-340-776-6266,clair.mckenzie@Bashirian_and_Sons.com,Bashirian and Sons
Robbie Ritchie,(513) 709-7309,tomeka.kris@Pacocha-Barton.com,Pacocha-Barton
Moises Daugherty,1-710-359-5669,milagros.veum@Daniel.com,Daniel
Anisha Pacocha,684.652.5081,garry.kautzer@Zulauf-Ziemann.com,Zulauf-Ziemann
Kaley Brown,(164) 273-2114,marlon.hills@O'Kon_and_Sons.com,O'Kon and Sons
Joey Fritsch,1-725-154-4031,cleta.durgan@Kirlin-Glover.com,Kirlin-Glover
Terry Weber DVM,(264) 619-3945,daryl.kilback@Cartwright_LLC.com,Cartwright LLC
Angelo Willms,990.616.1750,avery.durgan@Abbott.com,Abbott
Diedre Baumbach DDS,098.793.1840,velma.beer@Ankunding.com,Ankunding
Ms. Charley Padberg,1-724-871-2326,belkis.dare@Krajcik_and_Sons.com,Krajcik and Sons
Bobby Osinski,(790) 114-2589,maurice.bosco@Mayer_Group.com,Mayer Group
Tyree Blick IV,1-014-313-0510,luther.zboncak@Swaniawski-Bode.com,Swaniawski-Bode
Shirlene Crooks V,894-233-2811,rolland.halvorson@McCullough-Schulist.com,McCullough-Schulist
Brian Mante Sr.,343.699.3080,elden.wolf@Padberg_LLC.com,Padberg LLC
Thad Smith II,1-740-904-5125,chara.boehm@Luettgen-Botsford.com,Luettgen-Botsford
Susanne Rodriguez,059.548.0156,lavern.legros@Russel.com,Russel
Isiah Pouros,701.948.8652,ranae.mosciski@Fritsch-Friesen.com,Fritsch-Friesen
Jodee Schumm,(534) 997-0617,leif.kub@Sauer_and_Sons.com,Sauer and Sons
Miss Rikki Herzog,1-276-093-3102,abraham.jerde@Denesik-Okuneva.com,Denesik-Okuneva
Maybell Stoltenberg,1-536-880-3425,pearlie.rolfson@Miller-Hirthe.com,Miller-Hirthe
Shaun Crist,1-262-020-1147,letty.strosin@Lindgren.com,Lindgren
Emanuel Weissnat,1-237-838-0359,mable.welch@Mraz-Klein.com,Mraz-Klein
Kandra Stehr III,(030) 835-3576,pasty.feest@Hodkiewicz-Bernier.com,Hodkiewicz-Bernier
Rossie Lubowitz V,(125) 048-9146,walker.kessler@Olson_LLC.com,Olson LLC
Guadalupe Jenkins,1-339-257-5637,mellie.bernier@Corkery-Ward.com,Corkery-Ward
Ms. Dot Dietrich,150.872.9405,blake.lubowitz@Tillman_and_Sons.com,Tillman and Sons
Mr. Genie Kerluke,(599) 712-6029,willard.rowe@Feil_Group.com,Feil Group
Scot Witting,851.356.1797,joseph.collier@Marks.com,Marks
Collin Friesen Sr.,(811) 919-4412,arden.bartoletti@Kris.com,Kris
Dr. Jerrod Batz,427.680.8763,stepanie.quigley@Bechtelar.com,Bechtelar
Morgan Cartwright,(280) 506-6116,ty.jaskolski@Schultz_and_Sons.com,Schultz and Sons
Tamela O'Connell III,835-707-4508,paris.herzog@Zieme-Friesen.com,Zieme-Friesen
Bo Pacocha,824-303-1263,portia.stroman@Ortiz_and_Sons.com,Ortiz and Sons
Natasha Purdy,(041) 918-1276,manie.stracke@Conn-Abshire.com,Conn-Abshire
Samantha Stamm,527-910-0746,billie.keebler@Bauch_and_Sons.com,Bauch and Sons
Royal Baumbach,111-745-5823,nena.rohan@Harber.com,Harber
Omar Deckow,(292) 683-0966,karina.jakubowski@Little_Group.com,Little Group
Marylin Boyle,902.599.1027,darryl.orn@Miller.com,Miller
Mabel Gulgowski III,631-138-6002,dorethea.schneider@Ullrich.com,Ullrich
Mr. Qiana Bednar,668.632.4757,ginger.wiegand@Auer.com,Auer
Chris Runte,711.491.2539,wendell.okuneva@Ankunding_Inc.com,Ankunding Inc
Ms. Holly Lockman,192-445-9389,dominic.legros@Langosh.com,Langosh
Robbie Wunsch,(988) 644-7969,hong.schiller@Parisian_LLC.com,Parisian LLC
Santos Nikolaus,1-203-689-3884,bonnie.marquardt@Oberbrunner-Wolf.com,Oberbrunner-Wolf
Buford Schroeder,1-063-648-3170,horace.nitzsche@Bauch_LLC.com,Bauch LLC
Ms. Chasity Gislason,068-940-7607,pansy.mosciski@Daugherty.com,Daugherty
Concepcion Schroeder,(154) 359-7320,moises.rowe@Mayer-McGlynn.com,Mayer-McGlynn
Henry Koss,(739) 399-8562,clark.senger@Walter_LLC.com,Walter LLC
Rigoberto Parisian,1-594-871-6298,michale.cruickshank@Ullrich-Steuber.com,Ullrich-Steuber
Gilda Tromp Jr.,(037) 316-1345,gayle.doyle@Bashirian_LLC.com,Bashirian LLC
Chang Rice I,(507) 592-6565,rhea.zemlak@Schamberger-Greenfelder.com,Schamberger-Greenfelder
Willian Brakus,607-887-1661,romana.bradtke@Zulauf-Gislason.com,Zulauf-Gislason
Amie Donnelly,(621) 942-3194,bobbie.tromp@Wyman.com,Wyman
Ron Weissnat DVM,239.366.3792,reid.oconner@Johnston.com,Johnston
Rusty Paucek,(781) 915-6712,mirta.cartwright@Hegmann_LLC.com,Hegmann LLC
Shanda Grady,467-609-5570,ladonna.harber@Pouros_Group.com,Pouros Group
Barrett Stamm,325.033.4697,kami.jones@Mertz.com,Mertz
Eugene Oberbrunner,(935) 386-5822,melva.schultz@Stroman-Hermiston.com,Stroman-Hermiston
Kenya Gottlieb,(846) 160-4462,peggy.heaney@Hoppe.com,Hoppe
Mrs. Maggie Okuneva,471.255.4790,jessenia.blanda@Berge-Reichel.com,Berge-Reichel
Alejandro Lubowitz,(387) 680-5160,cheree.mills@Pfannerstill.com,Pfannerstill
Jason Durgan,1-803-771-6712,jennie.kemmer@Little_Group.com,Little Group
Ms. Ferdinand Streich,517-948-1539,ericka.bartell@Rutherford-Hammes.com,Rutherford-Hammes
Malik Hartmann,111-764-7209,sixta.strosin@Rodriguez-Willms.com,Rodriguez-Willms
Sherly Herzog Sr.,435.035.5916,alexander.renner@Schuster-Considine.com,Schuster-Considine
Mrs. Nestor Hand,1-348-187-4439,wilfredo.swift@Wunsch_and_Sons.com,Wunsch and Sons
Mr. Sara Feest,138-051-6529,rory.stoltenberg@Gleichner-Barrows.com,Gleichner-Barrows
Calvin Kemmer,1-774-812-6455,ma.torp@Pollich.com,Pollich
Shayna Lebsack,(360) 073-7757,nakesha.waters@Lynch_Group.com,Lynch Group
Jeanelle Schultz,064-240-3373,hattie.boehm@Aufderhar-O'Kon.com,Aufderhar-O'Kon
Edwina Corkery Jr.,(709) 062-1355,neomi.streich@Zulauf_and_Sons.com,Zulauf and Sons
Eugene Leuschke,(608) 938-2967,arla.hayes@Goldner-Wunsch.com,Goldner-Wunsch
Annabel Price,045-610-9083,marceline.walsh@Halvorson.com,Halvorson
Starla Maggio,(157) 695-7078,pedro.brakus@Lubowitz.com,Lubowitz
Alfonso Flatley,1-937-085-6854,latrina.lind@Sanford_LLC.com,Sanford LLC
Miss Fredrick Gleason,776.399.0680,virgina.buckridge@Fadel-Barton.com,Fadel-Barton
Tennie Stokes,629-956-9471,felton.morar@Douglas.com,Douglas
Miss Ozie Ward,(048) 713-0290,maria.tillman@Huel-Kassulke.com,Huel-Kassulke
Marlin Fritsch III,(617) 146-8087,alvaro.rowe@Spinka.com,Spinka
Lauretta Krajcik,652.086.6454,sol.grimes@Schaefer-Farrell.com,Schaefer-Farrell
Lan Stracke,496-977-9412,isidro.stamm@Jacobi_Inc.com,Jacobi Inc
Sebastian Zemlak,(651) 414-8209,alfonso.corkery@Mosciski.com,Mosciski
Eldora Beatty,359-885-9518,chet.gottlieb@Mraz-Bailey.com,Mraz-Bailey
Jae Wyman,(845) 157-7494,carlo.lang@Armstrong.com,Armstrong
Flossie Wolf,804.985.8068,brittny.white@Borer.com,Borer
Raquel Romaguera,804.705.3532,cleveland.rogahn@Barrows.com,Barrows
Sid Frami,454.406.3362,carlena.kuhic@Fadel.com,Fadel
Jerald Bahringer,1-835-594-2457,gail.kuvalis@Davis.com,Davis
Madge Leannon,(036) 264-3229,broderick.bernhard@Pouros_Group.com,Pouros Group
Madge Howe,839-705-0469,jamila.dicki@Kerluke-McDermott.com,Kerluke-McDermott
Syreeta Ferry,(368) 030-5686,salvatore.walter@Lindgren.com,Lindgren
Tammy Gaylord,1-483-981-8842,cameron.fay@Hessel_Group.com,Hessel Group
Noel Adams,(014) 617-7923,mikel.reilly@Denesik.com,Denesik
Alica Spencer,376-209-7446,willard.mcglynn@Graham_Group.com,Graham Group
Winston Haley Jr.,1-729-220-0625,gregorio.senger@Smith-Greenfelder.com,Smith-Greenfelder
Marianna Kilback,238.081.3195,ignacio.volkman@Stamm.com,Stamm
Dr. Elenora Lesch,845-750-5789,edgar.wolff@Hills.com,Hills
Dale Stiedemann,349-796-7487,david.rau@Gerlach.com,Gerlach
Emery Block Jr.,(709) 788-3608,ron.murphy@Hessel.com,Hessel
Ronda Wisoky,663-299-2561,america.wyman@Powlowski.com,Powlowski
Francis Kiehn,1-017-968-2722,larita.kutch@Kemmer-Purdy.com,Kemmer-Purdy
Bennett Jerde,748.105.0025,brett.bartoletti@Hansen-Paucek.com,Hansen-Paucek
Kurt Stracke,(763) 906-5299,omar.bins@Price_and_Sons.com,Price and Sons
Alpha Nitzsche,(595) 293-9002,tyson.king@Harvey_and_Sons.com,Harvey and Sons
Lon Kassulke,917.632.4682,francisca.goldner@Bins-Dooley.com,Bins-Dooley
Sibyl Schowalter,1-094-650-7536,anitra.rice@Bauch_and_Sons.com,Bauch and Sons
Rosia Hodkiewicz,866-600-0866,marcia.schinner@Heathcote.com,Heathcote
Libby Pfannerstill,431.019.7625,chu.okon@Franecki_Group.com,Franecki Group
Rickie Deckow,1-072-696-3527,evan.lockman@Rogahn.com,Rogahn
Tory Hauck,439-079-6531,leon.mcdermott@Quigley.com,Quigley
Louanne Gislason,917.442.8970,jong.schaefer@Reilly.com,Reilly
Susanna Legros V,1-336-348-8428,carla.rau@Goyette.com,Goyette
Calvin Johnson,669-350-0103,nicholle.moore@Larkin.com,Larkin
Lonnie Ankunding,279-332-0811,randall.mayert@Block_Group.com,Block Group
Mr. Dana Nolan,(499) 246-0109,jose.fahey@Streich.com,Streich
Manual Bogisich MD,1-777-448-2608,nelson.hodkiewicz@Marquardt_Group.com,Marquardt Group
Miguel Gislason IV,811.091.0910,delfina.wilkinson@Boyle-Bins.com,Boyle-Bins
Dara Gerlach,608.984.8555,garth.cormier@Franecki_LLC.com,Franecki LLC
Stacey O'Connell,620.855.2833,lanora.veum@Harvey.com,Harvey
Granville DuBuque,416-966-8068,pasquale.johnson@Durgan.com,Durgan
Mr. Phillip Kuhic,1-364-579-5803,abdul.legros@Stokes.com,Stokes
Rick White DDS,374.720.0816,cameron.stehr@Kovacek_Group.com,Kovacek Group
Millard Zemlak,(187) 091-8000,lawana.huels@Nolan-Larkin.com,Nolan-Larkin
Maisha Runolfsson,268.989.5638,chante.ferry@Rohan-Ratke.com,Rohan-Ratke
Lorenzo Dach,1-552-700-1928,lorine.torphy@Schiller.com,Schiller
Drew Roob,463.932.1404,dena.baumbach@Bins.com,Bins
Wally Zulauf,287-861-5259,guillermo.mcclure@Rosenbaum.com,Rosenbaum
Mr. Anastasia Torp,(406) 282-7384,alex.rohan@Reynolds-Johnston.com,Reynolds-Johnston
Marna Hudson,356.306.2656,chester.harris@Hudson_LLC.com,Hudson LLC
Mirta O'Kon,883.114.7609,margret.cole@O'Hara.com,O'Hara
Heath Hammes,1-825-413-5337,enda.ryan@Konopelski.com,Konopelski
Penny Veum,520.707.6859,columbus.kuphal@Nienow-Keebler.com,Nienow-Keebler
Windy Marquardt,499-659-9671,shannon.kuvalis@Hudson_Group.com,Hudson Group
Wilfredo Berge,1-277-906-6789,rusty.weimann@Hill.com,Hill
Mr. Madaline Howe,817-691-4139,evan.jones@Harris-Bruen.com,Harris-Bruen
Nga Rath,1-302-544-9691,mervin.damore@Kemmer.com,Kemmer
Tony Graham,(990) 657-6718,denita.krajcik@Monahan-Leuschke.com,Monahan-Leuschke
Tona Johns III,374-039-7837,danilo.tromp@Quigley.com,Quigley
Emilio Gibson DVM,1-063-749-2923,maxwell.bartoletti@Huels_LLC.com,Huels LLC
Reed Dare,1-325-600-8999,woodrow.welch@Pfeffer_Inc.com,Pfeffer Inc
Miss Buena Beahan,(464) 864-3706,lamar.connelly@Dooley.com,Dooley
Hilario Blanda,026.469.6059,lily.watsica@Sawayn.com,Sawayn
Earl King,931-829-9042,reda.lesch@Aufderhar.com,Aufderhar
Dr. Blair Haag,1-718-417-9298,refugio.hills@Kilback_LLC.com,Kilback LLC
Jennie Zieme,(200) 142-9574,brigid.funk@Flatley_and_Sons.com,Flatley and Sons
Dr. Hoyt Waelchi,(452) 517-9553,kayla.emmerich@Schmeler_Group.com,Schmeler Group
Despina Conn,489.156.0201,arnulfo.hodkiewicz@Krajcik-Murphy.com,Krajcik-Murphy
Oscar Botsford,(704) 601-5650,eugenio.predovic@Kreiger-Reichert.com,Kreiger-Reichert
Jewel Heidenreich,1-713-322-3921,zandra.price@Russel.com,Russel
Selma Kemmer Sr.,839.062.0169,lauren.boehm@Smith.com,Smith
Jackie Marquardt,1-367-312-0964,mary.bauch@Goyette.com,Goyette
Tony Ritchie,(472) 010-1677,lula.schoen@Stokes_Group.com,Stokes Group
Yesenia Bartell,655-401-5223,brain.mclaughlin@Strosin-Weimann.com,Strosin-Weimann
Anderson Zboncak,241.438.1968,patrina.sanford@Bruen_Inc.com,Bruen Inc
Gretta Schinner,1-324-476-5676,lavern.dare@Brown-Auer.com,Brown-Auer
Altha Schinner,(303) 782-9711,cheri.streich@Ziemann.com,Ziemann
Ernestina Sipes,(943) 349-1301,zane.zulauf@Hartmann-Swaniawski.com,Hartmann-Swaniawski
Mrs. Yuki Kautzer,187.598.6502,tandy.lueilwitz@Bruen-Hyatt.com,Bruen-Hyatt
Marlana Bradtke,1-968-742-1121,basil.beatty@Rutherford.com,Rutherford
Lavonda Lockman,949.040.2051,barney.stokes@Bins.com,Bins
Wai Kunde MD,1-305-344-2161,alayna.witting@Kohler.com,Kohler
Ms. Clara Hackett,1-400-360-9319,rolanda.kohler@Conroy.com,Conroy
Bryce Bode I,1-002-520-4693,nadine.little@Gibson.com,Gibson
Sherly Nikolaus,255.105.9579,lahoma.hudson@McClure.com,McClure
Mr. Micheline Murray,(161) 607-7322,vada.schmidt@Nitzsche_Group.com,Nitzsche Group
Kareen Schaefer,1-251-744-8050,diana.kuphal@Hamill.com,Hamill
Quinn Rutherford,540.630.3400,edward.kassulke@Hoppe.com,Hoppe
Andre Jerde Sr.,265-237-5997,shane.mills@Rath.com,Rath
Ms. Heriberto Kihn,1-672-335-5224,lilian.flatley@Terry_and_Sons.com,Terry and Sons
Tanner Gerhold II,279-086-2120,fonda.koelpin@Howell.com,Howell
Kori Johnson,1-773-961-5259,ardith.wisoky@Friesen_and_Sons.com,Friesen and Sons
Joshua McClure MD,810.418.4970,sunday.pfeffer@Bechtelar_Group.com,Bechtelar Group
Dr. Curtis Walker,351-055-1232,wilford.nader@Hammes-Kling.com,Hammes-Kling
Velvet Mraz Sr.,(373) 715-0722,son.swaniawski@Hintz.com,Hintz
Mr. Arthur Zboncak,413-307-4548,clement.fadel@Rosenbaum-Schmeler.com,Rosenbaum-Schmeler
Lahoma Rosenbaum PhD,(692) 543-2763,dominic.white@Bechtelar_LLC.com,Bechtelar LLC
Lakeisha Littel,568-552-9460,walton.prohaska@Cronin_Inc.com,Cronin Inc
Myron Mante,458-056-9363,barry.goyette@Beahan_and_Sons.com,Beahan and Sons
Rolande Kuhic,767-844-1959,cecilia.senger@Gerlach.com,Gerlach
Michelle Homenick,1-397-412-1296,verna.konopelski@Volkman_and_Sons.com,Volkman and Sons
Creola Stehr,1-024-116-8602,cassondra.altenwerth@Olson-Schiller.com,Olson-Schiller
Darrick Dibbert IV,(983) 664-5938,lissette.bergstrom@Satterfield-Hintz.com,Satterfield-Hintz
Shawnta Beier,1-688-168-4276,cari.predovic@Weber-Sipes.com,Weber-Sipes
Sid Halvorson III,517.649.8830,belva.halvorson@Medhurst_and_Sons.com,Medhurst and Sons
Mr. Cassi Spinka,884-470-6555,jacquelyne.stamm@Tremblay_and_Sons.com,Tremblay and Sons
Mrs. Gerard Gorczany,217-126-6298,leonard.dickens@Rowe_Inc.com,Rowe Inc
Cinda Gorczany,498.709.6363,isidra.lueilwitz@Beatty_and_Sons.com,Beatty and Sons
Mr. Jake Bergnaum,(791) 424-8515,alba.mueller@Schimmel.com,Schimmel
Mr. Pat Stark,284-491-4500,carole.considine@Hills-Rohan.com,Hills-Rohan
Tora Gusikowski,(591) 827-4709,sherwood.cormier@McLaughlin-Reilly.com,McLaughlin-Reilly
Nidia Harber,1-944-252-7424,lamont.roob@Wiza.com,Wiza
Miss Irish Rodriguez,1-312-618-1693,odis.funk@Harvey_and_Sons.com,Harvey and Sons
Ms. Irena Buckridge,1-328-727-3526,matt.nitzsche@Stark.com,Stark
Marianne Klein,898.898.6422,kennith.satterfield@Schoen-Spinka.com,Schoen-Spinka
Roman Schamberger,(148) 873-7773,jordon.vandervort@Carroll.com,Carroll
Dr. Rosendo Kertzmann,1-809-812-7200,forest.hammes@Nolan.com,Nolan
Ms. Kip Larson,174-362-0072,hubert.hagenes@Kuphal_Group.com,Kuphal Group
Marquis Abbott V,1-753-201-6604,carmon.botsford@Hayes_Inc.com,Hayes Inc
Miss Erminia Lebsack,771.725.0875,kenneth.kulas@Sauer-Bogan.com,Sauer-Bogan
Mrs. Adaline Farrell,519-556-3508,lonnie.padberg@Rippin-Klein.com,Rippin-Klein
Wallace Hermann,334-622-6717,enrique.ullrich@Stroman-Williamson.com,Stroman-Williamson
Dr. Shakia Stoltenberg,(256) 159-3836,willette.legros@Paucek_and_Sons.com,Paucek and Sons
Corey Stanton,(290) 145-2200,deanna.johnson@Wunsch-Grady.com,Wunsch-Grady
Lelah Stamm,1-422-174-2479,terence.jerde@Kunde.com,Kunde
David Rodriguez,028.699.0024,shad.stamm@Gusikowski_and_Sons.com,Gusikowski and Sons
Miss Junita Labadie,165.427.4590,blanche.botsford@Schinner-Gutmann.com,Schinner-Gutmann
Freda Nolan,057-660-5180,leigh.leuschke@Tillman.com,Tillman
Freddie Fadel DDS,507.632.2260,lettie.bradtke@Stoltenberg_and_Sons.com,Stoltenberg and Sons
Mr. Reatha O'Hara,(377) 452-8289,donte.rosenbaum@Effertz_Inc.com,Effertz Inc
Aletha Kunze,162-866-5814,adam.monahan@Hagenes-Bradtke.com,Hagenes-Bradtke
Stormy Williamson,(743) 721-8127,leigha.langosh@Waelchi_LLC.com,Waelchi LLC
Jacklyn Schumm,719.291.3896,ronald.runolfsdottir@Trantow.com,Trantow
Antione Dietrich,1-990-891-7049,tamisha.volkman@Altenwerth.com,Altenwerth
Herschel Emard PhD,1-318-820-8440,antonio.farrell@Witting.com,Witting
Brenton Emmerich,1-223-932-1084,ellis.schuppe@Kuhlman.com,Kuhlman
Ms. Oren Harber,1-574-762-3360,kirstie.oconner@Pfannerstill-Ryan.com,Pfannerstill-Ryan
Erich Flatley,1-884-033-5339,loretta.friesen@Rice.com,Rice
Francina Koch,(051) 672-7153,rikki.kling@Howell_LLC.com,Howell LLC
Mason Metz,087.431.9303,brooks.mayer@O'Connell_and_Sons.com,O'Connell and Sons
Lyda Quitzon,(020) 814-3346,kimi.corwin@Leannon.com,Leannon
Dorian DuBuque,482.059.8924,luciano.powlowski@Predovic-Davis.com,Predovic-Davis
Patricia Schmidt,1-821-911-0964,sindy.labadie@Goyette_Inc.com,Goyette Inc
Joaquin Dicki,(084) 818-7569,jesusita.volkman@Schuster.com,Schuster
Janeen Macejkovic IV,903.833.4244,jonathan.hill@Purdy_LLC.com,Purdy LLC
Elidia Sipes,(354) 789-0847,racheal.lebsack@Goodwin_Group.com,Goodwin Group
Fausto Kertzmann,839-412-2712,carley.cormier@Schneider-Schimmel.com,Schneider-Schimmel
Lazaro Marquardt,1-044-853-9089,stevie.wiegand@Rosenbaum.com,Rosenbaum
Nichol Wyman,1-961-950-9576,vincent.mckenzie@Pfannerstill-Beier.com,Pfannerstill-Beier
Winfred Mills DDS,1-127-806-7746,micah.frami@Ernser_and_Sons.com,Ernser and Sons
Anderson Kling,680-452-5225,daniel.adams@Baumbach-Ebert.com,Baumbach-Ebert
Casey Bashirian,1-106-344-0664,augustine.cremin@Lueilwitz_LLC.com,Lueilwitz LLC
Dr. Irving Gleason,1-779-625-8113,lavada.flatley@Koss.com,Koss
Danita Casper,310.225.3517,claude.hahn@Moen_and_Sons.com,Moen and Sons
Mrs. Sylvester Watsica,252-739-9248,nicholas.weimann@Schaden.com,Schaden
Mr. Catherine Borer,183.280.1833,beth.rice@Hilpert_and_Sons.com,Hilpert and Sons
Rebekah Ullrich,877.042.8835,brendan.doyle@Hammes_Group.com,Hammes Group
Stephenie Dicki MD,660.858.3233,zachery.macgyver@Hermann_Group.com,Hermann Group
Carey Schowalter,560-739-7003,fred.vandervort@Marquardt.com,Marquardt
Yong Schneider,(314) 938-3748,oneida.emard@Heidenreich-Wiegand.com,Heidenreich-Wiegand
Marlyn Conn III,927-694-5330,peter.jacobson@Bins-Skiles.com,Bins-Skiles
Magan Batz DVM,237-663-2569,harold.cruickshank@Pfeffer-Swaniawski.com,Pfeffer-Swaniawski
Coleman Leannon,705.661.0761,sherill.predovic@Rau_Group.com,Rau Group
Brad Goldner,1-064-641-5496,dino.bradtke@Christiansen_Group.com,Christiansen Group
Zona Murray,791.976.8195,kerry.hammes@Mann-Klocko.com,Mann-Klocko
Derrick Effertz,976.715.7946,evan.toy@Rath_Group.com,Rath Group
Dennise Carroll,064.154.3334,alva.crist@Mosciski_and_Sons.com,Mosciski and Sons
Season Quitzon,187-494-4668,genny.bahringer@Littel-Swift.com,Littel-Swift
Emerita Bogisich,371-297-1410,vincenzo.corwin@Kutch.com,Kutch
Lucinda Hahn,405-592-6681,teresita.schaden@Mohr.com,Mohr
Dr. Andria Mosciski,1-758-830-9210,gennie.aufderhar@Graham-Olson.com,Graham-Olson
Becki Emmerich,1-171-089-1534,cletus.farrell@Kris.com,Kris
Andres Waelchi,1-473-519-7413,huey.murazik@Hirthe.com,Hirthe
Anna O'Connell,737.455.5412,nam.wisoky@Cummerata.com,Cummerata
Laurine Leuschke,(171) 469-7449,raphael.schamberger@Vandervort.com,Vandervort
Clinton Bednar,(366) 542-7871,blair.schultz@Padberg_Inc.com,Padberg Inc
Ms. Elena Sauer,792.515.6550,theodore.simonis@Fahey-Buckridge.com,Fahey-Buckridge
Santos Mayert,(801) 774-9830,sean.sipes@Keeling_and_Sons.com,Keeling and Sons
Eboni Mante,(726) 821-5921,phillip.rodriguez@Schiller_and_Sons.com,Schiller and Sons
Nikole Conn,802-812-1224,javier.pouros@Wintheiser-Bogan.com,Wintheiser-Bogan
Sylvester Lueilwitz,1-311-379-9834,alisha.sanford@Aufderhar_and_Sons.com,Aufderhar and Sons
Amira Monahan,630-403-8484,dean.vandervort@Gibson-Wilkinson.com,Gibson-Wilkinson
Leif O'Hara,(505) 782-7460,krysta.roob@Collins_and_Sons.com,Collins and Sons
Zackary Herzog,095.346.3151,sherice.moen@Lang.com,Lang
Mr. Dorcas Leffler,(434) 924-5470,keneth.grimes@Stehr.com,Stehr
Ethan Walsh I,193-357-3516,renna.bahringer@Friesen_Inc.com,Friesen Inc
Yaeko Ullrich PhD,(692) 946-3616,kendall.howell@Parker.com,Parker
Marcelino Wilkinson,864.242.8923,maxie.doyle@Littel_and_Sons.com,Littel and Sons
Ms. Sulema Romaguera,(898) 978-3745,carlee.thiel@Thompson-Jenkins.com,Thompson-Jenkins
Mrs. Georgine Bartell,312-484-8103,lasonya.wolff@Vandervort_Inc.com,Vandervort Inc
Erika Goldner,474-720-7002,aracely.runolfsdottir@Roberts_LLC.com,Roberts LLC
Vicki Gutmann,1-898-238-8356,derick.stamm@Bednar-Wuckert.com,Bednar-Wuckert
Garland Considine,(639) 393-2356,chantell.baumbach@Christiansen_Group.com,Christiansen Group
Nevada Green,(306) 649-2086,max.pagac@Hodkiewicz-Hermann.com,Hodkiewicz-Hermann
Ms. Mayola Kshlerin,1-482-997-7410,roy.towne@Stanton.com,Stanton
Ermelinda Hahn,476.065.0427,anisha.bergnaum@Lehner.com,Lehner
Miss Karry Ward,072.776.1687,nan.roberts@Toy.com,Toy
Ms. Marhta Hermann,(287) 462-0377,thalia.legros@Bechtelar.com,Bechtelar
Tori Walter,035.170.2360,keven.mills@Yost-Langosh.com,Yost-Langosh
Arturo Larkin,(210) 627-0351,laurette.effertz@McClure_Group.com,McClure Group
Ralph Gaylord,1-618-918-0488,gladis.renner@Quitzon_Group.com,Quitzon Group
Man Beatty,1-273-638-5554,pablo.jaskolski@Torp-Lehner.com,Torp-Lehner
Wilson Hamill,1-497-040-8282,britta.predovic@Lebsack.com,Lebsack
Lindsay Emard,(268) 557-8911,danette.wisozk@Langworth-Muller.com,Langworth-Muller
Weston Reilly III,1-612-951-6112,errol.parker@Becker_and_Sons.com,Becker and Sons
Lyndon Steuber,141-709-4370,margot.legros@Terry_Inc.com,Terry Inc
Eddie Kozey,187-729-7536,dewitt.hammes@Jakubowski-Konopelski.com,Jakubowski-Konopelski
Miss Kent Kuvalis,(006) 517-6783,zulma.murphy@Schuster-Kshlerin.com,Schuster-Kshlerin
Shirly Hoeger,028-897-0861,lucas.crist@Wiegand_LLC.com,Wiegand LLC
Darren Lesch,1-119-883-4630,darlena.connelly@Sporer_and_Sons.com,Sporer and Sons
Ms. Courtney Rippin,251.534.8709,antonio.bergstrom@VonRueden_LLC.com,VonRueden LLC
Mrs. Christene McLaughlin,1-648-368-7195,susannah.parker@Conn-Moore.com,Conn-Moore
Dr. Patrick Dickens,075-665-7728,chara.mccullough@Klein.com,Klein
Kiara Roberts V,300-186-2394,nicki.russel@Konopelski_LLC.com,Konopelski LLC
Cleveland Terry,1-949-934-0549,jerica.bailey@Grady-Cruickshank.com,Grady-Cruickshank
Myrtice Kemmer,496.745.1035,harrison.witting@Lubowitz.com,Lubowitz
Robby Keeling,452-754-9230,noah.senger@Botsford.com,Botsford
Mrs. Jose Smith,574-705-4677,nick.wilderman@Gulgowski_Group.com,Gulgowski Group
Miss Vernetta Hayes,887.236.1582,keven.willms@Ullrich-Wilderman.com,Ullrich-Wilderman
Boris Kunde,648.361.1501,scarlett.batz@Batz_Inc.com,Batz Inc
Long Blick,444-167-1646,angelic.ritchie@Hauck.com,Hauck
Dr. Gwenda Becker,1-492-916-6836,shane.hodkiewicz@Prosacco-Padberg.com,Prosacco-Padberg
Grady Hegmann,350-893-0978,vincent.schultz@Dach.com,Dach
Ezequiel Gaylord Jr.,1-408-051-8607,vince.goodwin@Stiedemann-Paucek.com,Stiedemann-Paucek
Miss Will Anderson,1-469-809-2452,malcolm.ledner@Sporer_Group.com,Sporer Group
Sherril Brakus,243-894-4550,ardelia.braun@Jenkins_LLC.com,Jenkins LLC
Tyson Wiegand,(444) 621-0783,alton.mcclure@Moen_Inc.com,Moen Inc
Winfred Casper,923-437-1725,nancie.orn@Homenick_Group.com,Homenick Group
Lashandra Ernser,484.665.9497,otto.mertz@Dooley_LLC.com,Dooley LLC
Manuel Kuhic V,1-832-703-6440,bryce.collins@Jacobi-Padberg.com,Jacobi-Padberg
Agripina Osinski,260-156-3884,glenn.corwin@Wintheiser_Inc.com,Wintheiser Inc
Mrs. Chantelle Littel,432.213.6937,alisha.stehr@Daugherty-Nikolaus.com,Daugherty-Nikolaus
Kandice Borer Sr.,612-731-0318,colby.maggio@Emard_LLC.com,Emard LLC
Dr. Dominick Wolf,(745) 572-5881,kendrick.bode@Mayert-Stanton.com,Mayert-Stanton
Rolando Connelly,(721) 255-7929,alphonso.yundt@Wolf.com,Wolf
Robbi Reinger,(352) 299-4592,moshe.hegmann@Jerde.com,Jerde
Lacie Sauer,144.452.4645,blake.mcclure@Erdman-Weimann.com,Erdman-Weimann
Dagny Nolan,563-896-6359,adolph.gerhold@Jenkins-Schroeder.com,Jenkins-Schroeder
Noah Dietrich,867-320-6876,jonah.dare@Davis-Hermann.com,Davis-Hermann
Willie Klocko IV,1-247-693-4487,maynard.lakin@Walsh_and_Sons.com,Walsh and Sons
Tory Marvin,(874) 936-4563,santa.graham@Gottlieb_and_Sons.com,Gottlieb and Sons
Dolly Simonis,(931) 590-9689,jeffry.rosenbaum@Will-Rohan.com,Will-Rohan
Emile Abbott V,(425) 170-7182,candi.bailey@Gerlach.com,Gerlach
Lourie Marvin,622-607-3913,nona.wilkinson@Reilly_and_Sons.com,Reilly and Sons
Carl Huel,557.926.7849,margarette.mante@Tremblay-Hill.com,Tremblay-Hill
Quinn Reinger,(750) 893-0903,major.oconner@Feeney-Swift.com,Feeney-Swift
Oswaldo Nikolaus,1-718-514-0571,stefania.gulgowski@Dickinson-Raynor.com,Dickinson-Raynor
Delois Batz,(619) 787-7617,terrell.satterfield@Nikolaus_Group.com,Nikolaus Group
Ron Okuneva,736-583-2280,yadira.gottlieb@Bradtke_Inc.com,Bradtke Inc
Lindsay Labadie,112.569.7457,june.labadie@Denesik-Towne.com,Denesik-Towne
Mason Kohler,468.988.1231,monet.stark@Adams-Streich.com,Adams-Streich
Basil Keeling,(926) 187-4756,jenette.flatley@Osinski.com,Osinski
Cornelia McDermott,1-075-522-4078,sabrina.roob@Rowe.com,Rowe
Josef Conroy,309.407.5940,reatha.leffler@Homenick.com,Homenick
Michelle Wiza,797.981.4461,roderick.bode@O'Hara.com,O'Hara
Solomon King,977.147.0041,kym.shanahan@Metz_and_Sons.com,Metz and Sons
Gail Weimann DVM,170-577-4819,gail.osinski@Klocko_Inc.com,Klocko Inc
Hank Padberg,417-434-8021,darnell.metz@Jacobs-Wyman.com,Jacobs-Wyman
Shanti Sipes,427-717-2471,anya.kovacek@Stokes.com,Stokes
Ray Batz III,744.807.8770,herbert.adams@Rodriguez-Wilkinson.com,Rodriguez-Wilkinson
Olympia Sanford,576.753.2900,arden.little@Lynch-Gottlieb.com,Lynch-Gottlieb
Dylan Ruecker,(441) 112-9118,alise.goldner@Kirlin-Klein.com,Kirlin-Klein
Keiko Buckridge,434-544-6722,sonny.jacobi@Mann-Bayer.com,Mann-Bayer
Cherryl Kuhn II,(636) 470-4664,grant.walter@Carter.com,Carter
Jeff Ferry,(342) 112-2954,joellen.bernier@Cassin.com,Cassin
Irmgard Mills,(018) 840-8905,adell.zboncak@Kunde_Inc.com,Kunde Inc
Geralyn Von,707.338.2289,sterling.corkery@Skiles-Wehner.com,Skiles-Wehner
Leonia Brown,1-964-780-4465,jaclyn.johnson@Lemke-Hagenes.com,Lemke-Hagenes
Alexis Gutmann,152-992-0936,hilario.corwin@Tillman.com,Tillman
Ms. Aimee Gleichner,1-784-230-3701,alec.wiegand@Wiegand_LLC.com,Wiegand LLC
Rita Roberts,1-595-979-9276,cyril.kulas@Ankunding-Thompson.com,Ankunding-Thompson
Wes Gutmann,456-545-4126,herbert.koch@O'Connell-McLaughlin.com,O'Connell-McLaughlin
Jennifer Howe,1-257-996-0600,vern.monahan@Runolfsdottir.com,Runolfsdottir
Reggie Hauck,446-656-8199,suzie.zemlak@Gislason.com,Gislason
Esther Macejkovic,1-009-247-5281,susanne.davis@Stokes.com,Stokes
Margarete Koss DVM,549.939.3560,hobert.romaguera@Batz.com,Batz
Russell Deckow,582-118-1731,shayne.padberg@Swaniawski.com,Swaniawski
Jospeh Glover,(081) 482-9796,alonzo.monahan@Feil-Murray.com,Feil-Murray
Kyle Strosin,303-516-2744,keven.purdy@Hirthe.com,Hirthe
Dr. Reggie Boehm,834.885.6199,alverta.christiansen@Hauck.com,Hauck
Dylan Herman,790-623-7793,rodolfo.sawayn@Stroman_and_Sons.com,Stroman and Sons
Lynetta Skiles,1-227-426-8537,rico.flatley@Fritsch-Towne.com,Fritsch-Towne
Rebeca Doyle,370-124-8549,manuel.steuber@Pfeffer.com,Pfeffer
Velda Graham,093-881-6978,essie.okeefe@Schiller.com,Schiller
Leslie Hermann,(096) 050-7786,fletcher.mraz@Buckridge_LLC.com,Buckridge LLC
Jermaine Murphy II,970-861-1709,terence.beahan@Carroll.com,Carroll
Abdul Tromp MD,305-195-1161,latarsha.quitzon@Little-Rice.com,Little-Rice
Dudley Rolfson,1-057-331-2077,karyl.tromp@Heidenreich.com,Heidenreich
Vikki Schoen DDS,1-223-078-4642,rusty.johns@Nader-Rath.com,Nader-Rath
Dr. Misty Batz,1-933-570-8066,adam.dickinson@Lubowitz-Goyette.com,Lubowitz-Goyette
Gavin Paucek,610-683-4575,kimbra.orn@Rogahn.com,Rogahn
Mrs. Candra Quitzon,(687) 890-4422,jaymie.donnelly@Walter_Inc.com,Walter Inc
Blanche Herman II,416-580-7290,ariane.haley@Gutkowski-Kuhlman.com,Gutkowski-Kuhlman
Huey Feil,834-086-4033,marva.shields@McClure.com,McClure
Bradford Torp,(625) 076-2215,yevette.runolfsson@Anderson_and_Sons.com,Anderson and Sons
