Dr. Martine Greenfelder,446.787.4166,cordell.jast@Grady.com,Grady
Dr. Ozzie Bergstrom,819.980.2782,douglas.langosh@Quigley-Rodriguez.com,Quigley-Rodriguez
George Lynch,1-298-223-5139,kitty.homenick@Blanda.com,Blanda
Erika Thiel,(105) 265-6661,donte.fahey@Schimmel.com,Schimmel
Gregory Howe,565.483.5150,alleen.zulauf@Graham.com,Graham
Mose Kihn,(975) 379-1775,corrin.homenick@Kuphal_Inc.com,Kuphal Inc
Irena Turner,744.495.3626,lorna.balistreri@Harber.com,Harber
Thao Cole,669.937.4423,librada.glover@Cummings-Zieme.com,Cummings-Zieme
Wendell Luettgen,885-948-0416,johnathan.mraz@Connelly_LLC.com,Connelly LLC
Rory Shields,1-598-623-0699,kandi.johnston@Feil.com,Feil
Elroy Zieme I,205.999.5070,toshia.rolfson@Miller_and_Sons.com,Miller and Sons
Delmar O'Hara IV,008-662-3249,saran.gulgowski@Ziemann.com,Ziemann
Christiane Graham,169.204.0850,douglass.dooley@Powlowski-Hayes.com,Powlowski-Hayes
Cassandra Wintheiser,003-925-4288,terrence.pacocha@Willms-Trantow.com,Willms-Trantow
Mr. Kam Schroeder,937-593-6667,garth.von@Wolf-Smith.com,Wolf-Smith
Joel Grady,(782) 090-6571,lucy.mertz@Gutkowski_Group.com,Gutkowski Group
Damion Wehner,079.987.2757,marilee.smith@Ullrich-O'Reilly.com,Ullrich-O'Reilly
Marlin Gislason,(690) 485-1631,gabriele.walker@Schneider_Inc.com,Schneider Inc
Rana Marvin,(238) 016-1209,tatum.hessel@Sporer-Halvorson.com,Sporer-Halvorson
Ivory Ryan,(484) 920-0237,bobette.pouros@Heidenreich_Group.com,Heidenreich Group
Wm Hand,1-675-799-7411,kaleigh.ebert@Doyle-Reichel.com,Doyle-Reichel
Dallas Conn,(515) 706-7961,benedict.hackett@Schmeler.com,Schmeler
Oswaldo Willms,1-829-691-2087,fidela.jones@Mosciski.com,Mosciski
Mr. Willard Kozey,766-851-3857,aliza.kozey@Kiehn_and_Sons.com,Kiehn and Sons
Latia Parker,173-386-5973,victor.emmerich@Lockman.com,Lockman
Norman Bosco I,1-751-865-8906,eusebio.johns@Romaguera-Cormier.com,Romaguera-Cormier
Charlene Tremblay,078.390.4799,herbert.hansen@Sanford_and_Sons.com,Sanford and Sons
Akiko Krajcik I,1-462-519-4604,jerome.goldner@Altenwerth-Cummings.com,Altenwerth-Cummings
Darwin Miller,(269) 931-3531,earnest.hickle@Wyman_LLC.com,Wyman LLC
Tracey Will MD,1-938-121-3441,dominque.witting@MacGyver_and_Sons.com,MacGyver and Sons
Darrel Weber II,620-545-5430,ty.kunde@Bosco_Inc.com,Bosco Inc
Ms. Lidia Schneider,758.621.6744,harry.greenfelder@West.com,West
Cleveland Keebler,(088) 478-2008,coleman.hagenes@King-Skiles.com,King-Skiles
Emma Rau,1-299-967-8111,carmelo.green@Hammes-Homenick.com,Hammes-Homenick
Sulema Stamm IV,(817) 763-4951,milford.abbott@Davis.com,Davis
Dr. Madonna Heaney,(865) 593-2705,michale.oberbrunner@Kutch-Beer.com,Kutch-Beer
Kathie Stark DVM,421-005-8798,tracey.lindgren@Nitzsche-Rolfson.com,Nitzsche-Rolfson
Gustavo Sanford,188.909.6010,jessie.hoeger@Ruecker_Group.com,Ruecker Group
Yung Aufderhar,(232) 471-0453,catherin.nicolas@Baumbach_and_Sons.com,Baumbach and Sons
Marquis Moore,(102) 442-9060,weston.stark@Gorczany.com,Gorczany
Holly Halvorson,1-968-029-6446,wesley.donnelly@Mills-Torp.com,Mills-Torp
Ila O'Kon,(683) 335-4321,kizzy.spencer@Baumbach.com,Baumbach
Erasmo Cole MD,961-192-8564,magdalen.bailey@Erdman-Marvin.com,Erdman-Marvin
Erich O'Keefe,541.400.9914,joan.bogisich@Zboncak-Towne.com,Zboncak-Towne
Frank Stiedemann,(295) 533-2648,madaline.hill@Bins-Runolfsdottir.com,Bins-Runolfsdottir
Ms. Jose Ferry,1-524-550-1602,ailene.lowe@Predovic.com,Predovic
Ms. Patience Kassulke,529-010-8823,francisco.walsh@Barton_Inc.com,Barton Inc
Debroah McDermott III,641-570-8747,janeth.borer@Heathcote.com,Heathcote
Dion Hayes,885-429-9856,cassaundra.ferry@Walter.com,Walter
Sandee Mitchell,1-752-944-0306,chastity.oconner@Hills-Walsh.com,Hills-Walsh
Charla Fahey,573.671.8819,brad.christiansen@Larson-Schaefer.com,Larson-Schaefer
Lenny Cummings,1-354-149-4661,emmanuel.mccullough@Moore.com,Moore
Gino Brekke PhD,004-132-3722,landon.wunsch@Stark_LLC.com,Stark LLC
Denese Durgan,(079) 482-7130,zack.schimmel@Gaylord.com,Gaylord
Chau Tremblay,(008) 104-1355,angeles.abshire@Kris-Ferry.com,Kris-Ferry
Mrs. Cornell Runolfsdottir,202-544-6190,sonny.mayer@Armstrong_Group.com,Armstrong Group
Cyrus Lueilwitz,383-695-6480,kiera.konopelski@Tillman-Thiel.com,Tillman-Thiel
Natalia Kub,608-993-5417,dewitt.yundt@Lind.com,Lind
Dr. Herbert Halvorson,(159) 117-3663,soledad.hammes@Braun_and_Sons.com,Braun and Sons
Mrs. Salvatore Flatley,(702) 523-1884,barney.hand@Jacobi_LLC.com,Jacobi LLC
Gudrun Blanda,272.518.8428,palmer.damore@Nicolas-Kub.com,Nicolas-Kub
Dr. Annmarie Ratke,810.131.8879,earlean.walker@Sipes.com,Sipes
Shonta Crist,884-108-2540,jarrett.quigley@Streich_and_Sons.com,Streich and Sons
Jayna Hane I,1-081-561-8354,lavette.herman@Krajcik-Harris.com,Krajcik-Harris
Cleveland Davis DDS,(426) 049-3752,jeremiah.schuster@Oberbrunner-Gaylord.com,Oberbrunner-Gaylord
Stefani Nitzsche MD,442.214.0429,lavonia.mckenzie@Ritchie.com,Ritchie
Stanford Jerde,128.668.9727,wilfredo.shields@Gottlieb.com,Gottlieb
Bob Senger,(671) 583-7194,lyndon.beier@Murray-Kemmer.com,Murray-Kemmer
Mariano Watsica I,1-933-839-3487,amos.russel@Heaney.com,Heaney
Sam Metz,1-128-652-9033,raymond.gleason@Stanton.com,Stanton
Jesse Ernser,1-773-030-4570,rochell.kemmer@Schmeler_and_Sons.com,Schmeler and Sons
Takako Powlowski,(790) 407-2787,juana.erdman@Orn-Nienow.com,Orn-Nienow
Jasmin Gutmann,1-324-639-6351,cyril.hahn@Zulauf.com,Zulauf
Tonisha Bayer,(002) 696-0170,zina.west@Gorczany_Inc.com,Gorczany Inc
Bibi O'Keefe,187.392.9613,gala.hodkiewicz@Becker-Block.com,Becker-Block
Adan Vandervort,(019) 080-2334,ronald.keebler@Rohan.com,Rohan
Ms. Hermina Dickens,1-838-668-1717,evita.towne@Corkery_and_Sons.com,Corkery and Sons
Carola Hudson,962-957-9877,mariah.goldner@Murray_LLC.com,Murray LLC
Loren Mann,397-446-9481,cleveland.brown@Tromp-Hilpert.com,Tromp-Hilpert
Yun Cruickshank,(069) 348-8195,charisse.romaguera@Dickinson_Inc.com,Dickinson Inc
Bill Dare II,685.509.7933,stan.hettinger@Homenick-Crist.com,Homenick-Crist
Antone Lind,(823) 813-0152,arlyne.schneider@Jerde-Muller.com,Jerde-Muller
Joey Kuphal,834-897-6337,laquanda.braun@Farrell-Nitzsche.com,Farrell-Nitzsche
Carmine Bednar,990-169-7554,herman.hudson@Johns-McCullough.com,Johns-McCullough
Loren Renner,(982) 374-4500,felice.welch@Hermann.com,Hermann
Isidro Huels,804.034.6822,pauline.turcotte@Miller_and_Sons.com,Miller and Sons
Vasiliki O'Kon IV,455.462.5106,laurena.ankunding@Yundt-Dare.com,Yundt-Dare
Raphael Satterfield,(369) 919-8680,roman.koepp@Armstrong_and_Sons.com,Armstrong and Sons
Dr. Normand Weimann,1-449-814-1462,mike.volkman@Littel-Stracke.com,Littel-Stracke
Claudio Zemlak,319-849-5893,clark.thompson@Ruecker-Brakus.com,Ruecker-Brakus
Lavina Skiles,1-402-807-5805,tony.dooley@McCullough.com,McCullough
Loida Lynch,300.329.5322,alton.stanton@Hamill_LLC.com,Hamill LLC
Jarod Leuschke,(319) 310-4766,marry.stokes@O'Conner.com,O'Conner
Maria Ryan,(663) 433-5187,rubin.doyle@Hyatt-Schumm.com,Hyatt-Schumm
Windy Strosin,826-591-2503,wallace.harvey@Heaney.com,Heaney
Wilton Hettinger,(937) 340-0669,alphonso.mitchell@Bergstrom.com,Bergstrom
Farrah Considine Sr.,(821) 995-7035,hershel.beer@Weber.com,Weber
Sammie Marks I,845.396.0566,zackary.mohr@Rohan-Jast.com,Rohan-Jast
Kathryne Nikolaus,(357) 521-0731,tiera.runte@Erdman.com,Erdman
Aaron Bahringer,(086) 575-0404,classie.becker@Waelchi-Lynch.com,Waelchi-Lynch
Filomena Ortiz,116-254-4443,hilma.gleason@Brakus-Crooks.com,Brakus-Crooks
Angeles Bogan IV,672-884-0419,cassey.kilback@Reinger-Emmerich.com,Reinger-Emmerich
Mr. Bari Hammes,460.528.3626,alethea.brekke@Stanton.com,Stanton
Quiana Gorczany,335.457.8149,felisa.mraz@Zboncak.com,Zboncak
Jamie Bashirian Sr.,(536) 015-2636,danita.kessler@Batz.com,Batz
Christopher Konopelski IV,708.295.2595,ira.bartoletti@Lesch-Windler.com,Lesch-Windler
Derek O'Conner,882.719.6228,shad.berge@Tremblay-Schmidt.com,Tremblay-Schmidt
Faustino Moen PhD,513-577-8820,ewa.welch@Romaguera.com,Romaguera
Miss Rayford Muller,038-755-8042,wilmer.frami@Towne-Jaskolski.com,Towne-Jaskolski
Jarred Dach MD,1-316-031-2166,azalee.hodkiewicz@Durgan_Group.com,Durgan Group
Prince Kutch,327.256.3943,verona.rodriguez@Mayer.com,Mayer
Jermaine Orn,1-206-700-6305,woodrow.heller@VonRueden-Rempel.com,VonRueden-Rempel
Amos Osinski,248.778.7121,patrick.bosco@Konopelski_Group.com,Konopelski Group
Marvin Ortiz,1-380-346-0539,huong.howe@Huel-Schmitt.com,Huel-Schmitt
Filiberto Kassulke,219-062-7470,robby.wintheiser@Boehm.com,Boehm
Ming Spinka,969-918-0299,grady.dach@Olson_and_Sons.com,Olson and Sons
Herschel Farrell Jr.,(052) 382-6111,grady.batz@Ondricka-Rosenbaum.com,Ondricka-Rosenbaum
Mr. Scot Hammes,(831) 211-5535,lucilla.schmidt@Mayer_Group.com,Mayer Group
Arden Konopelski III,587.800.2101,melissa.gibson@Nikolaus.com,Nikolaus
Daniell Bogisich,(010) 074-3115,nydia.kuvalis@O'Connell_LLC.com,O'Connell LLC
Estella Medhurst,844-730-4681,william.torp@Kilback.com,Kilback
Janyce Kohler,1-559-228-6272,domingo.sawayn@Bins_Inc.com,Bins Inc
Miss Tu Boyle,015.503.2991,jackson.sauer@Gutmann_and_Sons.com,Gutmann and Sons
Chauncey Abbott,639-961-4808,melida.schinner@Jacobs.com,Jacobs
Laurinda Altenwerth,1-736-711-3409,lincoln.towne@Haag.com,Haag
Ms. Gene Wuckert,126.687.3186,sina.lesch@Barton.com,Barton
Marlin Keeling,1-921-355-8530,nathan.little@O'Conner-Howell.com,O'Conner-Howell
Mrs. Eleanore McDermott,845-895-1628,parker.glover@Cronin.com,Cronin
Bobette Hackett,117-272-7111,estella.ziemann@Durgan_Group.com,Durgan Group
Gayle Grimes,982-909-3313,dannette.beahan@Homenick-Koss.com,Homenick-Koss
Leon Hagenes DVM,(051) 608-0148,sterling.brown@Langworth_Group.com,Langworth Group
Michiko Shanahan,1-919-849-9716,lane.bernhard@Ryan.com,Ryan
Mr. Darla Cremin,735-977-6314,gricelda.damore@Turner.com,Turner
Anna Harvey IV,372-402-4365,modesto.berge@Reynolds_Inc.com,Reynolds Inc
Steven Johnston,(266) 322-7437,sanford.cronin@Dicki.com,Dicki
Vince Romaguera,1-824-381-3255,humberto.koss@Borer.com,Borer
Wilfred Considine,692.633.6797,tracy.wisoky@Langosh-Zemlak.com,Langosh-Zemlak
Billie Mraz PhD,718.520.1070,delcie.miller@Feeney_Inc.com,Feeney Inc
Cathey Purdy,380-677-5091,chance.vandervort@Dietrich_and_Sons.com,Dietrich and Sons
Anjelica Upton,198-961-1340,andy.oberbrunner@Hauck.com,Hauck
Germaine Leffler,001-501-8686,aldo.toy@Rempel.com,Rempel
King Hane MD,726.493.7059,edmond.fadel@Hilpert_and_Sons.com,Hilpert and Sons
Sidney Mitchell,(905) 357-3196,gerry.vandervort@Larson_and_Sons.com,Larson and Sons
Willodean Funk,501-242-3357,mitchel.schuppe@Kreiger_LLC.com,Kreiger LLC
Dawna Klein DDS,571-331-1615,shay.frami@Prohaska_Group.com,Prohaska Group
Ranee Corkery,(122) 077-6424,elaine.rippin@Jakubowski_Inc.com,Jakubowski Inc
Numbers Stracke,1-110-582-5671,letisha.schimmel@Schimmel_and_Sons.com,Schimmel and Sons
Ouida Lindgren,898-692-8454,leonard.halvorson@Beer.com,Beer
Kathyrn Block,1-635-738-6160,lucio.funk@Murphy.com,Murphy
Louis Mosciski,687.491.9595,loria.wisoky@Zulauf_Inc.com,Zulauf Inc
Marshall Senger,1-351-660-1761,alicia.kassulke@Swift-Ryan.com,Swift-Ryan
Theron Ratke,(776) 248-9396,janee.kerluke@Pfannerstill-Reichel.com,Pfannerstill-Reichel
Willodean Kulas,694.102.7771,dung.brakus@Mertz_Inc.com,Mertz Inc
Niesha Barton,688-420-3379,werner.hills@Durgan.com,Durgan
Miss Tova Metz,241.382.9041,remona.renner@Pouros_Inc.com,Pouros Inc
Yolanda Fadel II,(393) 323-3722,treasa.ankunding@Dooley.com,Dooley
Moshe Lynch,419.912.4336,jimmie.senger@Moen.com,Moen
Andrea Klein,(173) 254-5719,louella.dare@White-Bins.com,White-Bins
Alberto Little,1-227-061-1620,shanika.schumm@Wiegand-Wiegand.com,Wiegand-Wiegand
Mason Berge,962-870-6945,frances.bradtke@Murray-Koch.com,Murray-Koch
Orval Sipes,(427) 980-1614,august.schiller@Abernathy_Group.com,Abernathy Group
Chae Hessel,975-429-7945,lory.prohaska@Hodkiewicz-Bruen.com,Hodkiewicz-Bruen
Joette Farrell,772-388-4618,marisha.mohr@Kassulke-Rolfson.com,Kassulke-Rolfson
Andrew Doyle,446-371-8710,natalia.larkin@Kulas-Cartwright.com,Kulas-Cartwright
Bennie Lebsack PhD,443-214-1347,yvette.corkery@Braun.com,Braun
Cyril Krajcik,(596) 830-2759,pricilla.hoeger@Hammes_LLC.com,Hammes LLC
Clay Ryan,229.074.2030,mira.carter@Hoppe.com,Hoppe
Rosalind Leffler,(481) 745-6712,sacha.kling@Senger-Kemmer.com,Senger-Kemmer
Bernice Tillman,098-449-2532,janell.lockman@Hettinger.com,Hettinger
Ginette Nicolas,693-352-5031,dexter.borer@Strosin-Schultz.com,Strosin-Schultz
Estrella Cronin,(819) 412-5166,lizette.cruickshank@Olson_Group.com,Olson Group
Ms. Eddy Reichert,(774) 420-0304,lamar.ernser@Beer_Group.com,Beer Group
Renee Kiehn,843.811.1732,quinn.leuschke@Macejkovic-Beatty.com,Macejkovic-Beatty
Mrs. Lester Lang,(037) 643-6475,risa.roberts@Jacobi.com,Jacobi
Mr. Mignon Shanahan,(100) 801-4277,stanley.ernser@Fisher-O'Reilly.com,Fisher-O'Reilly
Alfreda Wisozk,(196) 276-7106,ute.schamberger@Schoen-Gerlach.com,Schoen-Gerlach
Cecilia Rosenbaum,1-340-205-6651,kathi.macgyver@Beahan_LLC.com,Beahan LLC
Tamra Schultz Sr.,148-775-0812,eddy.russel@Herzog.com,Herzog
Marcelino Heathcote V,1-734-576-2755,fernando.schoen@Halvorson.com,Halvorson
Earnest Mosciski,281.197.3977,cecily.haley@Hintz-Mueller.com,Hintz-Mueller
Mr. Mathew Wiegand,492-413-5162,tien.nolan@Auer_Inc.com,Auer Inc
Fabian Cormier,157.986.0046,kurt.reilly@Beatty.com,Beatty
Lahoma Kirlin,523.882.6733,art.reynolds@Nicolas.com,Nicolas
Genesis Volkman Jr.,671-164-8945,denny.quitzon@Goldner-Krajcik.com,Goldner-Krajcik
Loura Lebsack IV,341-975-1848,nathaniel.ortiz@Crona.com,Crona
Robert Parker Sr.,764.285.3312,clayton.lynch@Sanford-Labadie.com,Sanford-Labadie
Miss Steven Swaniawski,132-528-2475,pat.grant@Thiel-Pacocha.com,Thiel-Pacocha
Ms. Krista Reynolds,1-292-996-6179,solomon.ondricka@Hartmann.com,Hartmann
Miss Cecilia Friesen,553.665.0465,marcela.stiedemann@Wehner-Sanford.com,Wehner-Sanford
Arron Shields DDS,1-205-631-6705,jay.krajcik@Leffler.com,Leffler
Janella Langworth PhD,(312) 277-2673,frankie.medhurst@Hessel_Group.com,Hessel Group
Sandy Langworth,1-116-761-4697,nia.hartmann@Shields.com,Shields
Lurline Kohler,279-961-6709,lenny.klocko@Hickle-Blanda.com,Hickle-Blanda
Miss Dinah Crooks,166-794-0269,marisol.aufderhar@Mitchell.com,Mitchell
Annette Abernathy,(306) 706-4541,ming.vandervort@Mann-McLaughlin.com,Mann-McLaughlin
Virgilio Hoeger,470.221.5819,cortez.crist@Herzog-Bergstrom.com,Herzog-Bergstrom
Ms. Tanja Wilkinson,(936) 556-6589,burton.ziemann@Braun.com,Braun
Julissa Boehm,1-614-735-3566,scarlett.oreilly@Rowe_and_Sons.com,Rowe and Sons
Kevin Barton,123.267.3709,lenna.corwin@Blick.com,Blick
Dr. Silva Reynolds,1-455-596-7168,kerstin.rath@Kerluke_Inc.com,Kerluke Inc
Raquel Olson,218.751.3819,arturo.lindgren@Stanton-Purdy.com,Stanton-Purdy
Shaina Franecki,567.871.0427,gale.green@Roob_Group.com,Roob Group
Santana Torp,129.398.0501,corrin.weimann@Zieme_Inc.com,Zieme Inc
Tamiko Windler DDS,581-807-6607,ezra.simonis@Waelchi.com,Waelchi
Jerome Beer Jr.,114-208-5110,wilmer.osinski@Hoppe_Group.com,Hoppe Group
Lance Jaskolski,307.698.7718,hobert.murazik@Walter-Paucek.com,Walter-Paucek
Albert Lueilwitz,999.175.0967,gwyn.predovic@Jast.com,Jast
James Douglas Jr.,964-942-9618,young.kub@Ferry-Cummings.com,Ferry-Cummings
Tiffiny Cronin,1-365-536-2686,dusty.parker@Leuschke.com,Leuschke
Mrs. Chad Strosin,1-605-621-0327,leonie.cole@Kris_Inc.com,Kris Inc
Jennette Feeney,958.167.4848,tiara.watsica@Orn.com,Orn
Rickey Williamson,1-446-258-1916,jimmie.friesen@Langosh_and_Sons.com,Langosh and Sons
Buffy Conroy,036-731-7233,emilee.towne@Lesch.com,Lesch
Amado Fadel,698-766-2909,danette.oconner@Veum_Group.com,Veum Group
Shaquita Ankunding,(988) 877-4488,lucio.ryan@Hill_Group.com,Hill Group
Monty Rodriguez,864.176.7133,murray.lindgren@Hudson-Swaniawski.com,Hudson-Swaniawski
Emmitt Nicolas,(411) 312-6897,otto.kuhic@Dietrich_Group.com,Dietrich Group
Jodee DuBuque,(547) 833-1133,jami.padberg@Rice_and_Sons.com,Rice and Sons
Mable Huels,1-392-216-3659,marquitta.gaylord@Stokes.com,Stokes
Nickie Wisozk,(280) 520-3429,belen.west@Bahringer_Group.com,Bahringer Group
Logan West,343-801-3498,wade.daniel@Nitzsche.com,Nitzsche
Riley Fadel DVM,(426) 070-1458,wm.hill@Beatty.com,Beatty
Kurt Funk,(613) 430-1906,shenna.gulgowski@Rempel-Hegmann.com,Rempel-Hegmann
Rickey Spinka,909-213-6104,brittni.bergstrom@Feest-Stokes.com,Feest-Stokes
Ruben Friesen,775-617-5314,porfirio.hackett@Wunsch-Swaniawski.com,Wunsch-Swaniawski
Ernie Klocko DVM,1-246-183-3492,bailey.mante@Mertz.com,Mertz
Erin Gutkowski MD,267.037.5339,lawanda.cassin@Anderson-Deckow.com,Anderson-Deckow
Lilly Homenick,005-622-7627,nadia.west@Simonis-Satterfield.com,Simonis-Satterfield
Ms. Enid Murray,1-347-899-8669,mauricio.mitchell@Ritchie_and_Sons.com,Ritchie and Sons
Gerard Tremblay,636.770.1367,jean.casper@Kutch-Simonis.com,Kutch-Simonis
Danial Rippin,172-769-3926,theresia.zieme@Schinner.com,Schinner
Trenton Lind,731.009.1940,colton.schowalter@Murray_Group.com,Murray Group
Ms. Thomas Schuster,240-341-3303,corene.homenick@Purdy.com,Purdy
Nicky Mayer,272.197.1358,doyle.yundt@Pollich-Keebler.com,Pollich-Keebler
Blondell Lowe,579-832-4777,sanora.bogisich@Bartell_and_Sons.com,Bartell and Sons
Armanda Koelpin,(758) 799-3058,zena.morissette@Stroman-Bayer.com,Stroman-Bayer
Mrs. Lucina Krajcik,(111) 932-4301,claretta.smith@Kulas-Morissette.com,Kulas-Morissette
Marty Jerde,574-675-0868,alphonso.wuckert@Turner.com,Turner
Raul Koch,580.792.0941,palma.zboncak@Bashirian-Kessler.com,Bashirian-Kessler
Luanna Hilpert,(588) 891-7201,daniel.glover@Hirthe.com,Hirthe
Devon Lebsack II,(678) 189-6072,chadwick.jones@Torphy-Ratke.com,Torphy-Ratke
Hai Goldner,(119) 310-5866,rigoberto.bergnaum@Howe_LLC.com,Howe LLC
Mickey Gerhold,575-420-7190,jill.kunze@Abernathy-Wolff.com,Abernathy-Wolff
Charis Leffler,(097) 390-5978,jonie.beier@Grant-Mosciski.com,Grant-Mosciski
Lavada Feil,812.870.2549,son.mann@Willms.com,Willms
Mora Hudson,(758) 055-1197,bong.haley@Deckow_LLC.com,Deckow LLC
Wynell Crona,471-777-5046,britt.tremblay@Miller.com,Miller
Yasuko Wilderman,699-310-9698,cedric.gutmann@Haley.com,Haley
Mrs. Glennis Farrell,052.994.9937,alma.glover@Shields.com,Shields
Lala Dare,1-347-646-9869,shelia.oberbrunner@Altenwerth-Langosh.com,Altenwerth-Langosh
Ms. Filiberto Schaefer,1-050-384-1910,blake.keebler@Hessel-Gislason.com,Hessel-Gislason
Christa Cummings,1-425-762-8376,lola.gulgowski@Harvey-Stoltenberg.com,Harvey-Stoltenberg
Mrs. Sammie Morar,737-991-6437,boris.runolfsdottir@Harber_Inc.com,Harber Inc
Shakia Marks,687-691-3741,hobert.dooley@Pfeffer_and_Sons.com,Pfeffer and Sons
Barrett Wyman,1-679-243-3110,cassaundra.kling@Jakubowski.com,Jakubowski
Miss Nicolas Padberg,1-326-222-4141,thanh.feil@McClure_and_Sons.com,McClure and Sons
Kristal Armstrong,(305) 804-4953,darwin.prohaska@Kub-Zieme.com,Kub-Zieme
Markita Bins MD,(886) 056-5705,rosena.witting@Gibson_Inc.com,Gibson Inc
Cristopher Ritchie PhD,1-810-271-7497,adam.durgan@Baumbach_and_Sons.com,Baumbach and Sons
Jacques Halvorson PhD,(103) 970-9385,shaunna.fritsch@Schmitt.com,Schmitt
Dorian Carroll,1-183-580-5977,osvaldo.adams@Swaniawski-Luettgen.com,Swaniawski-Luettgen
Brett Trantow V,(427) 411-7327,jacquline.spinka@Bernier-Reinger.com,Bernier-Reinger
Frankie Rowe,657.710.7435,priscila.prosacco@Wuckert_LLC.com,Wuckert LLC
Mrs. Abbey Windler,773.821.5226,florencia.mayer@Hoppe-Prosacco.com,Hoppe-Prosacco
Mariam Marks,1-928-736-9886,tamara.larkin@Kiehn-Sauer.com,Kiehn-Sauer
Marybelle Marquardt,(601) 143-1182,lawrence.kautzer@Ledner_Group.com,Ledner Group
Mrs. Chester Wintheiser,(420) 112-7533,annamae.friesen@Bailey-Stiedemann.com,Bailey-Stiedemann
Norris Terry,(188) 917-3455,carol.koelpin@Roob-Hegmann.com,Roob-Hegmann
Bobby Goodwin DVM,(736) 894-6721,benito.kuhn@Carroll.com,Carroll
Zachary Bashirian,379-819-3523,sherwood.sporer@Bechtelar-Muller.com,Bechtelar-Muller
Julissa Johnston,1-274-480-7328,lorie.langworth@Feest_Group.com,Feest Group
Miss Abel Sauer,864.453.7893,delphia.grimes@Connelly_LLC.com,Connelly LLC
Paola Nikolaus,(404) 199-5042,juan.marquardt@Farrell-Mohr.com,Farrell-Mohr
Ms. Caroyln King,(596) 940-9315,carson.mayer@Kshlerin-Farrell.com,Kshlerin-Farrell
Antonetta Rath,515.568.5436,damon.douglas@Keebler_Group.com,Keebler Group
Gabriele Bode,(981) 236-0092,lashell.kuhic@Murphy-Little.com,Murphy-Little
Pamala Tremblay,1-568-861-1634,darryl.huels@Mills-Corwin.com,Mills-Corwin
Tad Bechtelar,(489) 807-3480,byron.hodkiewicz@Franecki.com,Franecki
Dot Ryan,(274) 980-6345,erick.baumbach@Hintz_Inc.com,Hintz Inc
Houston Stroman I,1-358-185-0507,shawnna.langworth@Fahey.com,Fahey
Yolando Kertzmann MD,(589) 658-2140,nigel.beer@Stehr-Morar.com,Stehr-Morar
Mrs. Tanja O'Reilly,1-865-216-2541,susy.flatley@Lehner-Beier.com,Lehner-Beier
Bobbie Skiles,(396) 027-5213,rosanne.hessel@Hill-West.com,Hill-West
Mrs. Silvana Kshlerin,863-535-0497,epifania.schmidt@Lubowitz_Inc.com,Lubowitz Inc
Macie Corwin,448.371.6559,denae.lynch@Stokes-Hammes.com,Stokes-Hammes
Randolph Towne,359.018.3429,nikia.luettgen@Wiegand.com,Wiegand
Nina Schroeder,1-183-050-5718,hector.hodkiewicz@Dickens.com,Dickens
Vern Stroman,156-815-7339,les.moen@Rohan.com,Rohan
Delilah Jenkins,149-902-3473,domenic.bergnaum@McClure.com,McClure
Dodie Conroy,1-088-966-4314,keneth.wintheiser@Hammes_LLC.com,Hammes LLC
Buster Mueller III,(058) 262-8876,rosalee.corkery@Hagenes-Barrows.com,Hagenes-Barrows
Dr. Michal Treutel,498.162.5043,carson.osinski@White-Denesik.com,White-Denesik
Blondell Wilkinson,1-283-581-1537,bunny.okuneva@Cremin-Bartell.com,Cremin-Bartell
Barbar Ankunding,(945) 625-7508,sunni.maggio@Orn-Heller.com,Orn-Heller
Tawnya Kihn,1-047-263-1497,lamonica.ruecker@Leuschke_Inc.com,Leuschke Inc
Lyndia DuBuque,458.985.5694,andrew.casper@Lockman-Parker.com,Lockman-Parker
Nelson O'Keefe,128-834-5806,anthony.schroeder@Stark-Zemlak.com,Stark-Zemlak
Renato Upton Sr.,1-851-768-2764,maxima.kiehn@Nikolaus.com,Nikolaus
Alline Block,872-104-1178,cole.dare@Armstrong_and_Sons.com,Armstrong and Sons
Dr. Romeo Aufderhar,(191) 338-1941,reed.morar@Funk_Group.com,Funk Group
Hollis Zemlak,351.283.6169,herbert.wiegand@Thompson_and_Sons.com,Thompson and Sons
Dr. Melissia Morissette,(262) 030-8932,olivia.hamill@Stiedemann-Jast.com,Stiedemann-Jast
Jodie O'Connell,(876) 986-1475,johana.little@Carroll.com,Carroll
Gene Hauck,820-901-6186,santo.stokes@Schultz.com,Schultz
Alejandro Treutel,(734) 301-0040,christian.pfannerstill@Gleichner_and_Sons.com,Gleichner and Sons
Belva Aufderhar,937.852.7411,lionel.nader@Schneider-Towne.com,Schneider-Towne
Dr. Bennie Schaefer,586-547-9363,frances.labadie@Bailey.com,Bailey
Denisse Bauch,(959) 810-9090,jammie.ullrich@Hayes-Hagenes.com,Hayes-Hagenes
Leland Cummerata Sr.,1-437-126-9523,shayna.pagac@Price.com,Price
Luther Emmerich,(544) 141-7145,ethan.heaney@Ledner-Rosenbaum.com,Ledner-Rosenbaum
Jacinto Abshire,(984) 765-9598,jacque.daugherty@Kovacek-Quitzon.com,Kovacek-Quitzon
Dion Hackett,1-199-345-0507,neville.kirlin@VonRueden_Group.com,VonRueden Group
Burton Kunze,880-123-7516,rosendo.lindgren@Miller-Hegmann.com,Miller-Hegmann
Aaron McCullough,923-556-0002,neil.kirlin@Ernser.com,Ernser
Douglas Wilkinson I,1-432-734-5123,nickolas.lynch@Koss.com,Koss
Enrique Moen,1-217-916-8402,krista.yost@Halvorson-Kulas.com,Halvorson-Kulas
Keshia Schuster,808.358.1798,maurice.fadel@Carter_LLC.com,Carter LLC
Mrs. Elisha Haag,(581) 646-4072,yasmine.wolff@Bailey.com,Bailey
Felicia Hahn,331-759-5742,pamela.mosciski@Will.com,Will
Argentina Vandervort,126.476.6830,kerry.roob@Mueller_Group.com,Mueller Group
Della Haley,115-936-5884,robert.padberg@Rempel.com,Rempel
Coral Rau,1-320-809-1088,ouida.torp@Mertz.com,Mertz
Laurice Jast,698.870.3713,myrtice.keebler@Batz-Kunze.com,Batz-Kunze
Deloise McKenzie,610.873.7095,nathanial.kovacek@Ernser-Wilkinson.com,Ernser-Wilkinson
Ozzie Bruen,220.456.3545,rufus.damore@Ward-Sporer.com,Ward-Sporer
Mr. Tod Kohler,894.705.2304,tianna.sporer@O'Connell_and_Sons.com,O'Connell and Sons
Griselda D'Amore,(355) 881-9949,brett.ohara@Botsford.com,Botsford
Miss Emeline Steuber,1-343-919-6915,delmer.bogisich@Braun-Weissnat.com,Braun-Weissnat
Stuart Mosciski,(165) 029-4037,clifford.donnelly@Waters-Howe.com,Waters-Howe
Cherry Beer V,844.041.7189,buck.zemlak@Stiedemann-Walker.com,Stiedemann-Walker
Dione Hill,924-839-2521,mariela.witting@Ruecker_Group.com,Ruecker Group
Ms. Monika Koepp,(397) 663-4991,cletus.green@Hauck-Schroeder.com,Hauck-Schroeder
Miss Edwardo Vandervort,(907) 010-6116,boyce.jenkins@Fahey.com,Fahey
Torrie Orn III,(274) 260-4916,susanne.cartwright@Carter_and_Sons.com,Carter and Sons
Boris Lubowitz,1-567-472-8897,sharleen.wiza@Kris-Langosh.com,Kris-Langosh
Jerilyn Beier,1-329-748-7366,annamaria.ritchie@Williamson-Mayert.com,Williamson-Mayert
Liane Wolf,1-236-057-4875,marva.kuhic@Herman.com,Herman
Garrett Shields,(560) 250-4123,wilson.marks@Leannon-Orn.com,Leannon-Orn
Melody Stark,430-697-7127,emil.pagac@Berge_Group.com,Berge Group
Albert Ebert,(300) 791-6132,lanny.flatley@Batz_Inc.com,Batz Inc
Tricia Roob,(093) 889-0010,karla.reichel@Bosco-Stroman.com,Bosco-Stroman
Dario Schinner,1-593-744-7578,jacinda.gerhold@Wiza_Group.com,Wiza Group
Wilson Halvorson DVM,1-550-534-5783,shizuko.keebler@Corkery_Inc.com,Corkery Inc
Christa Mohr,(550) 567-7645,sage.pfannerstill@Prosacco-Halvorson.com,Prosacco-Halvorson
Florida Kassulke,1-973-989-8985,erick.kreiger@Casper.com,Casper
Tera Von,1-454-084-5674,antwan.blanda@Olson.com,Olson
Dalton Rice V,1-532-610-8030,adele.jakubowski@Jast-Miller.com,Jast-Miller
Clyde Bashirian,501.073.1714,angele.pfeffer@Murray-Rutherford.com,Murray-Rutherford
Carroll McKenzie,1-944-987-5143,dorethea.homenick@Goldner_Group.com,Goldner Group
Mrs. Cyril Lang,(382) 508-0322,tisha.cronin@Pfannerstill.com,Pfannerstill
Lelia Mraz V,1-846-920-9536,warner.littel@Mitchell-Harris.com,Mitchell-Harris
Ms. Zita Zieme,1-647-677-2833,kendall.hansen@Johns_Group.com,Johns Group
Stephany Rippin,(676) 860-9857,jaime.hintz@Emard_and_Sons.com,Emard and Sons
Jordon Mitchell I,1-736-434-8188,jon.schmeler@Pacocha-Wyman.com,Pacocha-Wyman
Chet Schulist,(596) 955-1258,monty.lynch@Haag_and_Sons.com,Haag and Sons
Marc Bradtke,329.146.0158,graig.treutel@Langworth.com,Langworth
Aurea Howell,213-772-1235,shon.miller@Klein_LLC.com,Klein LLC
Kelvin Wolf,582-939-4827,warren.ohara@Schuster.com,Schuster
Kristofer Witting,665.301.8370,savanna.schowalter@Wisozk-Stanton.com,Wisozk-Stanton
Marlon Cruickshank,(876) 776-9522,abdul.murray@Harvey.com,Harvey
Jacalyn Durgan I,896-037-6966,lorenzo.feil@Collins.com,Collins
Ms. Linnea Ortiz,1-222-042-8582,clay.reichel@Kerluke_Inc.com,Kerluke Inc
Aleta Will,1-363-524-4168,eldridge.okeefe@Jones-Jerde.com,Jones-Jerde
Mrs. Horacio Erdman,1-505-660-7027,celena.fahey@Abbott-Yost.com,Abbott-Yost
Steve Schaefer,1-084-907-0320,loria.bailey@Lesch.com,Lesch
Ms. Elfreda Schuster,(025) 189-6111,joella.hamill@Purdy_Group.com,Purdy Group
Mathew Mann,1-593-144-1811,valentine.hermiston@Raynor-Walsh.com,Raynor-Walsh
Beverlee Lehner,689.614.5982,sheryll.oconnell@Denesik-Yundt.com,Denesik-Yundt
Shavon Braun,210-019-6567,yoshie.bode@Hermiston.com,Hermiston
Hilario Abbott,1-479-192-9147,henry.larson@Gibson-Nicolas.com,Gibson-Nicolas
Jenelle Schinner,(945) 620-5680,kerrie.howe@Grant-O'Kon.com,Grant-O'Kon
Leslie Wisozk,1-071-404-5663,dianne.bruen@O'Conner.com,O'Conner
Gussie Bernier,176.757.3279,warner.hettinger@Fisher.com,Fisher
Cathleen Reichel,196-705-3648,edison.quigley@Roberts_Group.com,Roberts Group
Linnie Klein,1-364-927-8710,kitty.cormier@Maggio.com,Maggio
Ms. Frances Hahn,560.144.8072,roderick.schumm@Funk_LLC.com,Funk LLC
Miss Nathan Mueller,608.551.1429,hiram.walter@Kris_LLC.com,Kris LLC
Denver Buckridge,1-227-663-0553,alan.mueller@Streich_Group.com,Streich Group
Tomas Jast,1-839-672-7851,freeda.jacobi@Spencer_Inc.com,Spencer Inc
Lowell Keebler,089-556-4630,samatha.trantow@Windler-Nicolas.com,Windler-Nicolas
Dr. Adelle Dietrich,1-743-467-3264,sammie.collins@Reynolds.com,Reynolds
Cyrus Crooks V,154-713-0087,anette.goyette@Cole_and_Sons.com,Cole and Sons
Hector Streich,089.926.7108,chauncey.morar@Hauck-Ward.com,Hauck-Ward
Charis O'Kon,418-162-2197,marcelino.brekke@Balistreri-Hammes.com,Balistreri-Hammes
Aleisha Schmeler,948.630.8289,delmer.stanton@Bechtelar.com,Bechtelar
Ernie Cole,1-667-322-4788,ranee.dare@Wolf.com,Wolf
Mr. Judson Moen,1-501-448-0976,cristopher.russel@Thompson_and_Sons.com,Thompson and Sons
Elwanda Beahan,230.324.4145,alex.stamm@Dare.com,Dare
Miss Samantha Oberbrunner,188-647-2457,maile.hansen@Wuckert-Spinka.com,Wuckert-Spinka
Cletus Kihn V,155-869-1591,christine.kertzmann@Predovic.com,Predovic
Aleshia Lockman DVM,1-880-515-4311,buffy.funk@Schroeder_Group.com,Schroeder Group
Matthew Brakus,653.764.0925,jacques.corwin@Mosciski.com,Mosciski
Tanja Torphy,(233) 712-6254,brant.hirthe@Flatley-Bins.com,Flatley-Bins
Dorathy Leffler,1-723-892-8279,chet.west@Gutkowski_and_Sons.com,Gutkowski and Sons
Robin Boyle,042.260.3150,maple.boyle@Murazik_Inc.com,Murazik Inc
Cristen Kilback,810.376.3033,clark.considine@Pfannerstill-Bradtke.com,Pfannerstill-Bradtke
Mr. Haydee Farrell,599-804-3779,wally.altenwerth@Orn_LLC.com,Orn LLC
Clarita Stiedemann,720.230.6552,porter.volkman@Ebert_Inc.com,Ebert Inc
Hermina Moen,(246) 480-2043,sean.kilback@Mills-Bashirian.com,Mills-Bashirian
Fatimah Jaskolski IV,1-024-784-4760,earle.fahey@Brekke-Green.com,Brekke-Green
Sam Yundt,1-741-038-8128,william.welch@Huel-Quitzon.com,Huel-Quitzon
Santina Blick,656.810.9155,jeanie.shanahan@Reinger_and_Sons.com,Reinger and Sons
Shirlene Hodkiewicz,1-364-159-7354,jame.block@Muller-Brakus.com,Muller-Brakus
Greta Hoppe,1-734-081-6835,joshua.herman@Bartoletti_LLC.com,Bartoletti LLC
Chantal Stamm,1-460-028-5014,marin.bartoletti@Rogahn-Parker.com,Rogahn-Parker
Oscar Marvin,406-075-0233,neoma.powlowski@Bode.com,Bode
Mrs. Darrell Auer,1-676-777-3595,shirleen.romaguera@Batz-Barrows.com,Batz-Barrows
Dede Gutkowski,088-039-7775,genie.lockman@Heidenreich_and_Sons.com,Heidenreich and Sons
Lory Dach,1-419-767-6048,albert.mraz@Gottlieb.com,Gottlieb
Alison Kozey,1-998-323-3759,marcus.gorczany@Bauch_LLC.com,Bauch LLC
Shannon Lynch,(783) 437-6181,franklin.howell@Sawayn.com,Sawayn
Ilse Gleichner,1-676-399-1314,keiko.terry@Schoen-Swaniawski.com,Schoen-Swaniawski
Monroe Weber,095-452-9150,denyse.kohler@Hudson_Inc.com,Hudson Inc
Edris Koepp,(492) 002-8188,whitney.klocko@Paucek_LLC.com,Paucek LLC
Gwyneth Abbott,825-545-1686,roxanne.ratke@Schoen.com,Schoen
Cory Harris,1-299-484-6188,dino.willms@Mills-Ruecker.com,Mills-Ruecker
Dr. Blake Blick,309.692.4260,clay.mayert@Kihn_Group.com,Kihn Group
Hettie Tremblay,1-239-156-5250,lavonia.padberg@Nikolaus.com,Nikolaus
Reyes Aufderhar Jr.,972-400-9628,al.connelly@Hand-Bergstrom.com,Hand-Bergstrom
Dominique O'Hara,553.380.5722,jeramy.shields@Goyette_LLC.com,Goyette LLC
Larry Cormier,1-607-834-9095,monet.koepp@Barton.com,Barton
Miss Doloris Kovacek,(382) 978-9400,jessie.leffler@Bruen.com,Bruen
Coreen Krajcik,1-224-609-4638,cheree.batz@Labadie_Inc.com,Labadie Inc
Sophia Schultz,1-886-237-8852,rupert.emmerich@Green_Inc.com,Green Inc
Mr. Allison Maggio,1-381-374-6336,simona.ebert@Beer_Inc.com,Beer Inc
Alexis Prosacco,1-350-375-9869,marquis.heidenreich@Herman_Inc.com,Herman Inc
Gregory Lang,431-626-6956,carolin.okon@Pollich.com,Pollich
Seth Green,292.259.3765,bernardo.hirthe@Beier-Zieme.com,Beier-Zieme
Merrie Fritsch,750-602-6273,ray.trantow@Bins_LLC.com,Bins LLC
Michael Kihn,(245) 608-6946,omer.mitchell@Streich-Carroll.com,Streich-Carroll
Lorenzo Collier,(080) 905-9731,adalberto.douglas@Fisher.com,Fisher
Gaylord Kunze,1-725-528-2709,glenn.hamill@Weber_Inc.com,Weber Inc
Keenan Paucek,(365) 169-4314,roman.bayer@Hodkiewicz.com,Hodkiewicz
Mrs. Caroyln Gerlach,1-927-471-1422,geraldo.douglas@Morar.com,Morar
Stephan Feest,1-354-381-7362,mistie.ondricka@Reichert.com,Reichert
Bula Wolf,1-366-273-3346,ramon.marvin@Quitzon-Will.com,Quitzon-Will
Dr. Nakia Schowalter,(043) 934-2244,winnie.dare@Ritchie.com,Ritchie
Jonie Bergstrom,732-965-7894,velvet.kovacek@Zieme-Ward.com,Zieme-Ward
Gilberto Berge,1-081-962-4492,pete.mayert@Doyle-Kling.com,Doyle-Kling
Andrew Hauck,(412) 570-4882,damon.conroy@Schmitt.com,Schmitt
Linh Satterfield,822-369-8108,shera.grant@Greenholt_Inc.com,Greenholt Inc
Tory Hartmann,1-459-232-5901,homer.torp@Kassulke.com,Kassulke
Mrs. Phyllis Pollich,(735) 444-7673,filiberto.rolfson@Streich_LLC.com,Streich LLC
Damion Rohan,(785) 118-4165,ollie.fritsch@Champlin.com,Champlin
Miss Velda Gislason,627-246-8087,buford.goodwin@Torphy-Hahn.com,Torphy-Hahn
Renaldo Stoltenberg,(349) 403-6816,cassi.morissette@Bechtelar_Group.com,Bechtelar Group
Lorette Kiehn,(455) 435-8917,duane.cremin@Von.com,Von
Jimmie Stracke,1-052-982-8766,vernia.stehr@Donnelly.com,Donnelly
Audrea Predovic,1-204-961-1758,collene.rutherford@Casper_and_Sons.com,Casper and Sons
Dorene Walter,577.557.5587,ulysses.okon@Murphy.com,Murphy
Christoper Robel,319.620.1972,milan.feest@Thompson-Zemlak.com,Thompson-Zemlak
Mrs. Sachiko Gleichner,(230) 521-3780,daren.koch@Goldner.com,Goldner
Miss Porfirio Schulist,1-037-375-9415,louie.schaefer@Carter_Group.com,Carter Group
Jerald Kautzer,366.969.1686,delmer.beier@Jaskolski.com,Jaskolski
Miss Foster Reilly,1-337-331-1894,ron.aufderhar@Bruen-Effertz.com,Bruen-Effertz
Damon Terry,699-746-9329,cathrine.mclaughlin@Rempel-McGlynn.com,Rempel-McGlynn
Maryalice Fisher,1-097-806-1564,dion.klein@Wiza-Mosciski.com,Wiza-Mosciski
Ms. Stepanie O'Connell,1-112-372-3392,russ.yost@Kautzer.com,Kautzer
Glynis Dooley,1-797-351-3134,adalberto.veum@Schultz-Brakus.com,Schultz-Brakus
Dr. Eliseo Okuneva,514.678.4769,tamra.hettinger@Hintz-Fahey.com,Hintz-Fahey
Raven Murphy,838.110.9768,mia.goldner@Greenfelder-Frami.com,Greenfelder-Frami
Andre Botsford PhD,496-776-0260,phung.dach@Ledner.com,Ledner
Eugene Parker II,494-096-8320,kazuko.walsh@Towne.com,Towne
Marcelino Ledner,129-587-0398,malena.spencer@Dach_and_Sons.com,Dach and Sons
Hung Hayes,172-718-3827,desiree.grimes@Schamberger_Inc.com,Schamberger Inc
Augustus Dare,017.685.3499,augustine.kulas@Jacobi-Witting.com,Jacobi-Witting
Trent Schumm,191-116-9858,yanira.jakubowski@McDermott-Hartmann.com,McDermott-Hartmann
Miss Steve Yost,981.916.7599,merlin.goyette@Schuster.com,Schuster
Abe Hagenes,1-230-640-9130,maud.koepp@Johnston.com,Johnston
Gerda Rutherford,1-275-772-1688,monserrate.greenholt@Kris-Mitchell.com,Kris-Mitchell
Sterling Tremblay,221-322-8722,stacia.koss@Conroy.com,Conroy
Rafael Reynolds,414.833.1488,joshua.schmitt@Wilkinson_LLC.com,Wilkinson LLC
Mrs. Jeramy Smitham,(508) 351-5557,lesha.kohler@Wuckert.com,Wuckert
Donnell Jenkins,466.440.7374,emilee.batz@Romaguera_LLC.com,Romaguera LLC
Malka Gaylord,1-520-044-1488,franklyn.marquardt@Friesen.com,Friesen
Trinity Schmidt,1-985-372-2371,carmon.kunde@Ward.com,Ward
Marquis Rippin,516-434-7649,kirby.damore@Fahey.com,Fahey
Darrin Mayer DDS,070-067-0771,porfirio.klein@Hartmann_Group.com,Hartmann Group
Katina Herzog,(609) 372-5062,hildegarde.morar@Bogisich-Moen.com,Bogisich-Moen
Mr. Kacie Balistreri,360.403.7404,hector.morissette@Flatley_Group.com,Flatley Group
Efrain Zieme Sr.,1-790-707-8517,claudia.beatty@Nicolas-Kessler.com,Nicolas-Kessler
Prince Considine,586.337.5374,kindra.smitham@MacGyver_and_Sons.com,MacGyver and Sons
Rosita Harber,532.670.6816,ophelia.koelpin@Little.com,Little
Dania Sipes,1-570-817-6972,greta.kassulke@Pollich_Inc.com,Pollich Inc
Elbert Treutel,247-306-5646,darrick.bins@Rosenbaum.com,Rosenbaum
Lynwood Jones,1-801-275-0708,dwain.weissnat@Lesch_Inc.com,Lesch Inc
Kendrick Flatley,641.430.1951,clora.klein@Hilpert_Group.com,Hilpert Group
Jewel Roberts,955-325-9680,yun.okeefe@Abernathy_Group.com,Abernathy Group
Hermina Marvin,607.265.0943,shanice.wolff@Beier.com,Beier
Thanh Predovic,182.595.6925,kris.kunde@Corkery_and_Sons.com,Corkery and Sons
Mrs. Xuan Zemlak,244.812.3980,rufina.thiel@Boyle_Group.com,Boyle Group
Simon Larson V,220.301.9926,kristen.collins@Walsh.com,Walsh
Reggie Beer,(153) 680-3374,zoraida.hintz@Nitzsche_and_Sons.com,Nitzsche and Sons
Virgil Torp,576-021-5690,eladia.kuhic@Balistreri_Inc.com,Balistreri Inc
Lashawnda Nicolas,(520) 407-3747,beata.terry@Goldner.com,Goldner
Weston Thompson DDS,1-585-342-0211,loyd.deckow@Jacobson_LLC.com,Jacobson LLC
Genaro Stoltenberg,769.127.3064,sadie.hintz@Cronin-Hills.com,Cronin-Hills
Oren O'Reilly,1-859-305-0672,rosario.sporer@Cormier.com,Cormier
Mrs. Antony Hansen,(185) 480-7811,ralph.reinger@Swaniawski.com,Swaniawski
Victor Becker,158-105-4727,britt.rodriguez@Jacobson-Hackett.com,Jacobson-Hackett
Paul Abbott,692.958.5443,stevie.roob@Legros.com,Legros
Lucas Roob,(486) 870-6709,kasey.fadel@Gutmann-Harris.com,Gutmann-Harris
Lester Tremblay,234-550-7315,geraldo.murray@Stracke_Inc.com,Stracke Inc
Rachell Sipes,380.910.5463,roscoe.waelchi@Huel_Inc.com,Huel Inc
Leon Murazik,1-103-779-5335,willodean.okuneva@Donnelly-Lubowitz.com,Donnelly-Lubowitz
Elba Abbott V,1-761-962-1351,lorenza.hirthe@O'Keefe.com,O'Keefe
Diamond Schumm,814.985.5569,timika.mosciski@Greenfelder_LLC.com,Greenfelder LLC
Miss Tatyana Casper,(248) 430-4607,adena.ondricka@Mueller-Abbott.com,Mueller-Abbott
Nathaniel Gusikowski Sr.,457-112-4237,mckinley.bruen@Mertz_Inc.com,Mertz Inc
Glenn Lowe,662.607.4330,tyra.kilback@Turner-Pfannerstill.com,Turner-Pfannerstill
Dorie Ratke IV,911-315-9077,lisette.senger@Koss_Inc.com,Koss Inc
Mariano Schulist IV,1-807-793-6916,socorro.cremin@Brakus_Inc.com,Brakus Inc
Karrie Kihn,012.480.1962,barton.casper@Maggio.com,Maggio
Hosea Friesen II,031-374-8132,kristopher.hauck@Will.com,Will
Miguel Stehr,1-385-551-2419,cherelle.dickens@Ebert.com,Ebert
Ms. Maximo Jast,932.803.9946,keith.beatty@Borer_and_Sons.com,Borer and Sons
Ghislaine Koch,(634) 167-6160,buffy.pagac@Koss_Inc.com,Koss Inc
Dr. Shayne Hoeger,716.549.5301,carlo.barton@Romaguera.com,Romaguera
Shawnee Goldner Jr.,988.747.0718,angeles.funk@Orn_Group.com,Orn Group
Ms. Zack Mraz,977-553-2545,ozie.hoeger@Considine-Roberts.com,Considine-Roberts
Roland White I,198-552-2129,danette.hansen@Blanda.com,Blanda
Sallie Klocko,367.488.0118,elvis.jones@Berge_and_Sons.com,Berge and Sons
Clarence Denesik,1-361-435-0322,lia.harber@Windler.com,Windler
Rhett Pouros,(812) 471-8573,antonio.bechtelar@Schimmel_Group.com,Schimmel Group
Shawana Larson,(482) 573-3957,lupita.gibson@Shanahan.com,Shanahan
Annmarie Ratke I,298.618.5828,jeramy.barton@Marquardt.com,Marquardt
Wilbur McCullough,1-305-521-8223,vito.king@Stanton-Howe.com,Stanton-Howe
Dr. Octavio Jenkins,165.588.4683,tiffani.hane@Pagac-Runte.com,Pagac-Runte
Terri Daniel,426.668.7901,sharen.goldner@Orn_and_Sons.com,Orn and Sons
Ria Lind DDS,1-857-068-9682,eve.smith@Beier-Graham.com,Beier-Graham
Tommy Pagac,063.017.6693,elizbeth.trantow@Jakubowski.com,Jakubowski
Tamera Stamm,668.215.7924,woodrow.cummerata@Parisian_Group.com,Parisian Group
Shane Ratke,458.053.9975,caterina.stanton@Muller_Inc.com,Muller Inc
Samatha Will DDS,1-659-792-6032,mitzi.jaskolski@Gerlach.com,Gerlach
Susie Nolan,464.758.0100,mariano.gerhold@Bogan-Durgan.com,Bogan-Durgan
Frank Morissette,442-809-3410,ricarda.kris@Lindgren.com,Lindgren
Carter Mueller,443-626-5249,lyndsey.gutmann@Ward.com,Ward
Berry Ebert DDS,1-180-820-8912,joesph.marvin@Strosin-Boyle.com,Strosin-Boyle
Miss Trudy Brekke,(275) 397-9075,damon.carter@Schamberger_Inc.com,Schamberger Inc
Guillermo Will IV,803-729-2957,lyle.russel@Hickle.com,Hickle
Ms. Vinita Grimes,1-270-998-1893,casie.roberts@Rutherford_Inc.com,Rutherford Inc
Cory Cormier,209.285.9635,india.davis@Bode.com,Bode
Mrs. Gilbert Rolfson,(289) 137-8281,waldo.baumbach@Cormier-Bogan.com,Cormier-Bogan
Hassan Marvin,1-696-129-2217,clifton.glover@Aufderhar-Schultz.com,Aufderhar-Schultz
Twyla Frami,232-393-3375,faustina.oconnell@Roberts-Bartell.com,Roberts-Bartell
Miss Edwin Kulas,1-615-530-7895,frances.feil@White-Konopelski.com,White-Konopelski
Racheal Robel,237.558.7109,alysha.daugherty@Abernathy_Inc.com,Abernathy Inc
Eldora Rowe,760.594.5091,harris.corkery@Quitzon_and_Sons.com,Quitzon and Sons
Arden Pouros,796.145.1242,valeria.weissnat@Kuhlman.com,Kuhlman
Anastacia Padberg,(317) 057-5436,florencio.crona@Prohaska.com,Prohaska
Josefa Dietrich III,743-098-0649,thurman.durgan@Parker-Bechtelar.com,Parker-Bechtelar
Gerry Kutch,293-046-3817,raymundo.prohaska@Huel-Stamm.com,Huel-Stamm
Sanjuana Gutmann,1-331-090-9251,mignon.gislason@Waelchi_Inc.com,Waelchi Inc
Jeannetta Cruickshank,570.214.4822,tim.davis@Fritsch.com,Fritsch
Mrs. Theodora Rippin,021.326.6355,alaine.zulauf@Bartell.com,Bartell
Tommie O'Kon V,(827) 400-1719,russel.schmeler@Crooks_and_Sons.com,Crooks and Sons
Jenise Lubowitz,(044) 966-6718,raymond.mckenzie@Howell.com,Howell
Stanford Beer,661.736.0691,iris.halvorson@Roob.com,Roob
Omer Jenkins,337-898-2180,bert.sauer@Toy.com,Toy
Ahmed Jaskolski,381-071-7211,fredrick.flatley@Ullrich.com,Ullrich
Rudolf Orn,410.601.7598,despina.hill@Waelchi-Stanton.com,Waelchi-Stanton
Dorine Romaguera,(437) 564-2038,tracey.kunze@Kunde.com,Kunde
Mr. Hollie Runolfsdottir,598-734-6230,sandy.monahan@Jones.com,Jones
Bette Kohler,1-720-230-0230,lupe.stiedemann@Weber.com,Weber
Randall Lakin MD,1-859-046-3588,lyle.ebert@Windler_LLC.com,Windler LLC
Chiquita Hill,064.279.0570,lakia.bruen@Schumm.com,Schumm
Ms. Marcus Ankunding,1-227-513-2267,roosevelt.hyatt@Cartwright_Inc.com,Cartwright Inc
Eliseo Stroman,1-173-998-0984,brett.wiza@Cormier-Schimmel.com,Cormier-Schimmel
Russ Cartwright DVM,(413) 849-4150,miguel.will@Schiller-Halvorson.com,Schiller-Halvorson
Reed Dooley,(845) 855-8810,nickolas.conn@Stiedemann_Group.com,Stiedemann Group
Reynaldo Orn,310.592.3082,billy.veum@Nikolaus.com,Nikolaus
Ms. Grant Cassin,176-594-1024,deedra.carroll@Marvin_Inc.com,Marvin Inc
Saul McLaughlin PhD,(039) 220-9417,kasey.hintz@Mills-Cartwright.com,Mills-Cartwright
Kristin Trantow,514.221.7875,berry.wilderman@Maggio.com,Maggio
Ward Moore,1-058-937-1169,maryanne.mosciski@Hintz.com,Hintz
Mrs. Cleo Shanahan,660.507.4892,douglas.mcglynn@Bradtke-Hudson.com,Bradtke-Hudson
Toney Renner,(780) 344-4502,debby.jacobi@Homenick.com,Homenick
Ilona Schmeler,116-052-8520,ona.osinski@Mohr.com,Mohr
Gennie Gleichner,(875) 896-9963,kevin.fay@Heathcote-Stoltenberg.com,Heathcote-Stoltenberg
Christie Corkery,1-442-285-7977,pilar.rowe@Pfeffer.com,Pfeffer
Magdalena Schoen,(588) 457-3708,garfield.schoen@Lesch_and_Sons.com,Lesch and Sons
Gary Hammes,(025) 083-1674,walter.hamill@Nienow.com,Nienow
Maddie Paucek,056-385-3074,carmon.kuhn@Stiedemann_Inc.com,Stiedemann Inc
Magdalena King II,731-953-2928,lee.hagenes@Wuckert-Ledner.com,Wuckert-Ledner
Robert McClure,1-388-405-7458,marvis.cormier@Ratke.com,Ratke
Jamey Collins,1-172-378-8620,federico.dickinson@Tromp_Group.com,Tromp Group
Elizabeth Tremblay,1-009-199-4680,julian.jerde@Champlin-Lind.com,Champlin-Lind
Corey Hessel,1-207-427-4412,dwight.bogan@Haag_LLC.com,Haag LLC
Cameron Mitchell Sr.,447-291-2896,james.rogahn@Larson.com,Larson
Joaquin Feest,1-652-771-9953,nestor.bosco@Gaylord_Group.com,Gaylord Group
Delphine Schmeler I,008.333.7938,loyd.mohr@Friesen-Rowe.com,Friesen-Rowe
Kati Considine,990-540-0326,clarinda.macgyver@Prosacco-McLaughlin.com,Prosacco-McLaughlin
Mario Sauer,835-651-9966,tony.schimmel@O'Hara.com,O'Hara
Basilia Witting,425-949-4777,tod.hamill@Bauch-Littel.com,Bauch-Littel
Lenard Leannon PhD,(614) 580-4149,jared.schulist@Hill_Group.com,Hill Group
Mitch Flatley,980-678-7187,rosaline.kerluke@Bayer.com,Bayer
Larae Doyle,(128) 433-6226,rene.deckow@Mosciski-Pfannerstill.com,Mosciski-Pfannerstill
Rusty Leffler,(384) 945-8932,eustolia.bruen@Doyle.com,Doyle
Rodolfo Baumbach,615.864.1723,rodney.emmerich@Nicolas.com,Nicolas
Irving Muller DVM,864-807-9691,mose.batz@Leannon_Group.com,Leannon Group
Mrs. Mercedez Corkery,000-108-4370,johanne.jast@Wunsch_LLC.com,Wunsch LLC
Martin Swaniawski V,1-215-640-1320,chauncey.haag@Legros-Marvin.com,Legros-Marvin
Carrol Dickens,953.928.5831,eugene.larson@Johns-Waelchi.com,Johns-Waelchi
Stephanie Gleason,(626) 575-7954,edythe.hauck@Paucek_and_Sons.com,Paucek and Sons
Blossom Green I,1-187-601-8105,kent.zboncak@Luettgen_LLC.com,Luettgen LLC
Rosina Dietrich,344.142.0456,cecille.schinner@Carroll-Quigley.com,Carroll-Quigley
Juliet Hermann,1-205-091-3273,audrea.osinski@Kovacek-Heaney.com,Kovacek-Heaney
Bennett McGlynn,1-898-311-4888,parker.brakus@Hessel-Lebsack.com,Hessel-Lebsack
Adena Blick,956-178-3463,anastasia.smith@Bernhard-Stamm.com,Bernhard-Stamm
Toney Kreiger,847-654-9840,nikita.anderson@Conn_Inc.com,Conn Inc
Wilfred Hermiston II,080.307.5639,cody.fay@McDermott.com,McDermott
Jean Heidenreich,026.701.4945,raymon.waters@Leuschke_and_Sons.com,Leuschke and Sons
Mohammad Cartwright,118.635.3364,bennett.oreilly@Feeney_LLC.com,Feeney LLC
Rosalia Herzog DVM,213.477.6556,newton.hamill@Jenkins.com,Jenkins
Bridgette Kautzer DVM,(190) 765-9484,spencer.russel@Harris.com,Harris
Marcus McCullough,857-557-9743,kate.anderson@Kuhic.com,Kuhic
Charlena Thiel,1-374-078-1933,kanesha.hane@MacGyver_Inc.com,MacGyver Inc
Jamila Conroy III,1-083-167-3492,svetlana.miller@O'Connell-Wuckert.com,O'Connell-Wuckert
Lanelle Mosciski,(920) 056-6360,claudie.waelchi@Considine-McClure.com,Considine-McClure
Mr. Stefan Keebler,136.098.2663,anne.stoltenberg@Padberg_and_Sons.com,Padberg and Sons
Deangelo Block DDS,1-856-877-5134,darla.stoltenberg@Farrell-Baumbach.com,Farrell-Baumbach
Roderick Krajcik,1-143-611-7200,fallon.kunze@McGlynn.com,McGlynn
Ms. Erich Gutmann,044.287.7439,dannie.kulas@Satterfield.com,Satterfield
Bradley Herzog Sr.,076.822.2877,ed.cronin@Monahan-Reinger.com,Monahan-Reinger
Quinn Jast,1-343-328-4063,otis.gislason@Steuber.com,Steuber
Wilbur Bernhard,727.917.7724,danille.kuvalis@Parker_Inc.com,Parker Inc
Ms. Ernesto Flatley,094-096-0643,eugenio.jacobs@Towne.com,Towne
Jed McGlynn,525.049.5076,zachariah.pfeffer@Nicolas-West.com,Nicolas-West
Jaymie Homenick,716-210-7716,hilario.kozey@Trantow-Blanda.com,Trantow-Blanda
Ossie Walker DVM,(191) 186-1629,gerard.jacobs@Kessler.com,Kessler
Toney Cassin,(532) 366-8444,robt.marvin@Turcotte_Group.com,Turcotte Group
Jean Wintheiser,1-750-007-8034,marylyn.ratke@Adams.com,Adams
Ariel Sauer III,677.368.0258,claudine.zemlak@Klein_LLC.com,Klein LLC
Ernesto Osinski,705-334-8204,daine.wiza@Lynch_and_Sons.com,Lynch and Sons
Ms. Xochitl Stehr,1-350-043-1819,sanda.kihn@Gusikowski-Robel.com,Gusikowski-Robel
John Gottlieb DDS,481-028-0664,christopher.jones@Dietrich-Graham.com,Dietrich-Graham
Cory Emard,1-104-981-7299,tamiko.hahn@Nikolaus.com,Nikolaus
Yajaira Gerlach DDS,264.889.1696,luke.hettinger@Ratke_LLC.com,Ratke LLC
Ms. Ehtel Howe,1-862-395-7467,salena.kulas@Cruickshank.com,Cruickshank
Kelsie Jakubowski,(436) 229-9609,rodney.rowe@Larson.com,Larson
Wilton Runte,1-368-321-9634,carlie.marquardt@Breitenberg_Inc.com,Breitenberg Inc
Laurene Skiles,996.037.0525,frank.hammes@Pagac.com,Pagac
Mr. Cortez Bashirian,(165) 743-1828,josue.schultz@Crist-Wyman.com,Crist-Wyman
Carey Hintz PhD,1-472-130-5661,norma.graham@Rice-VonRueden.com,Rice-VonRueden
Kiana Lemke,120.681.3099,kieth.dicki@McCullough.com,McCullough
Becky Bosco,141.417.7475,randell.lueilwitz@Hansen.com,Hansen
Willian Kirlin,(885) 892-3909,andrea.johns@Beatty_Group.com,Beatty Group
Jeannette Huels I,211.935.3884,harry.howe@Hills_Inc.com,Hills Inc
Astrid Jacobs,254-541-4153,jaleesa.feeney@Pacocha-Jones.com,Pacocha-Jones
Eula Quigley,662.584.9259,buddy.kunde@Beatty_Inc.com,Beatty Inc
Silas Kirlin Jr.,1-129-736-5410,shira.baumbach@Waters_Group.com,Waters Group
Jc Dickinson,1-359-077-1742,dorothy.spinka@Bayer_Group.com,Bayer Group
Janice Hammes I,301-666-2474,marvin.hamill@Kreiger.com,Kreiger
Efrain Little,995.069.5038,janetta.daugherty@Lindgren.com,Lindgren
Clark Ryan III,(882) 665-8370,sharlene.will@Berge-Gusikowski.com,Berge-Gusikowski
Guillermina Dickens,(820) 098-2900,chu.kiehn@Ortiz-Robel.com,Ortiz-Robel
Clay Stoltenberg,(022) 796-3157,kai.stanton@Pouros_and_Sons.com,Pouros and Sons
Markus Funk,089-750-0294,tari.roberts@Gottlieb-Dibbert.com,Gottlieb-Dibbert
Lonnie Batz,(846) 171-5691,ariel.ratke@Waters.com,Waters
Norah Cormier III,1-354-795-3774,marilee.luettgen@Nicolas-Bauch.com,Nicolas-Bauch
Mauricio Bailey,191.908.4291,lyman.heaney@Boyer.com,Boyer
Ludivina Dibbert,386-262-3047,lilliam.jaskolski@Hill_LLC.com,Hill LLC
Basil Tremblay,1-039-426-4746,nicolle.pfeffer@Kiehn_and_Sons.com,Kiehn and Sons
Mauro Blick,1-762-195-5221,stuart.sauer@Tremblay_and_Sons.com,Tremblay and Sons
Henrietta Keebler Sr.,303.619.0710,abraham.skiles@Senger-Fay.com,Senger-Fay
Brendon Streich Jr.,743.596.8493,mose.farrell@Murray-Skiles.com,Murray-Skiles
Jamey Wiza,402.385.9742,gene.jacobs@Champlin_and_Sons.com,Champlin and Sons
Ed Kuhic,630-420-9102,meda.boyle@Schinner.com,Schinner
Virgil Schuster,857.535.0978,michelle.kihn@Rohan_Inc.com,Rohan Inc
Raisa Baumbach,(970) 219-2256,joan.treutel@McDermott_LLC.com,McDermott LLC
Floy Dare,1-730-134-5050,max.baumbach@Wisozk.com,Wisozk
Mr. Brittanie Dibbert,363.834.3608,bryan.dickinson@Lehner.com,Lehner
Melvin Tremblay,608-733-8901,mickey.shields@Lakin_Inc.com,Lakin Inc
Ezekiel Brakus,(048) 560-9869,rashad.willms@Murray.com,Murray
Antone Ledner,027.067.2287,margret.brekke@Purdy-Sawayn.com,Purdy-Sawayn
Mayme Schmitt,1-455-806-6136,eleni.schiller@Gottlieb.com,Gottlieb
Charlyn Sawayn,378.050.4055,milly.macejkovic@Medhurst-Heathcote.com,Medhurst-Heathcote
Homer Abshire,1-405-029-7265,victor.gleason@Dooley-Grimes.com,Dooley-Grimes
Fransisca Ebert,1-194-506-6356,alexander.braun@Effertz_LLC.com,Effertz LLC
Coleen Adams II,793.164.5197,lucile.franecki@Thompson_and_Sons.com,Thompson and Sons
Doreen Schultz,1-148-822-5651,jenine.zieme@Graham-Mosciski.com,Graham-Mosciski
Bailey Morar,768-379-0617,gaylord.lesch@Moore_Inc.com,Moore Inc
Mrs. Sima Reichert,335-825-5103,shana.miller@Brown.com,Brown
Loura Stiedemann II,1-553-634-1839,jeffry.satterfield@Mitchell.com,Mitchell
Jaye Kerluke Jr.,877.876.6202,gayle.schmidt@Halvorson.com,Halvorson
Frederick Kub,1-288-475-6786,angele.upton@Turner_LLC.com,Turner LLC
Claire Reichert,(455) 477-2712,pa.schiller@Upton-Donnelly.com,Upton-Donnelly
Teodoro Trantow II,1-180-891-1346,edward.raynor@Fay-Koelpin.com,Fay-Koelpin
Dr. Leandro Little,(286) 215-4993,gabriela.hammes@Bradtke-Emard.com,Bradtke-Emard
Prudence Borer DVM,597-012-2639,joesph.bartell@Hauck-Marquardt.com,Hauck-Marquardt
Oralee Tillman,(002) 170-3882,raymonde.bergstrom@Gibson-Olson.com,Gibson-Olson
Miss Garfield Macejkovic,471-637-9880,janett.ritchie@Yost_Inc.com,Yost Inc
Felisha Reichert MD,052.362.4539,larissa.howe@Mann-Bartoletti.com,Mann-Bartoletti
Humberto Daniel DDS,(878) 129-0223,russel.wilkinson@VonRueden-Beatty.com,VonRueden-Beatty
Jules Glover,1-717-638-5367,lorenza.lynch@Mayer_Inc.com,Mayer Inc
Beau Stiedemann,769.810.7504,jolynn.labadie@Schiller-Hoppe.com,Schiller-Hoppe
Greg Ullrich,(925) 784-5725,genaro.walker@Schowalter.com,Schowalter
Jenette Wuckert,889-356-2293,abdul.torp@Grimes-Lakin.com,Grimes-Lakin
Lance Mohr,(583) 235-7266,napoleon.oconner@Collins_Group.com,Collins Group
Nathanael Hodkiewicz,(134) 057-9320,stanley.kirlin@Kutch-Feil.com,Kutch-Feil
Malcom Emard MD,226.967.6639,debbi.rogahn@Gerhold_LLC.com,Gerhold LLC
Jolie Pagac,1-386-825-0570,efrain.prosacco@McKenzie-Raynor.com,McKenzie-Raynor
Dannie Friesen,019-393-3585,blossom.rowe@Hegmann.com,Hegmann
Mrs. Carletta Collier,(718) 940-9115,arcelia.marks@Rodriguez-Dicki.com,Rodriguez-Dicki
Dr. Hollie Brekke,1-365-327-8920,fred.brekke@Lindgren_LLC.com,Lindgren LLC
Nerissa Dare,(913) 597-4558,jill.oconnell@Franecki_Group.com,Franecki Group
Dr. Rosena Schumm,309.748.2557,vanda.feil@Abbott.com,Abbott
Edward Roob,305-285-6524,wallace.veum@VonRueden.com,VonRueden
Felipa Rowe DVM,121.959.0266,louie.bechtelar@Runolfsdottir-Marvin.com,Runolfsdottir-Marvin
Felton Kilback,964.802.1896,phylis.rippin@Strosin-Botsford.com,Strosin-Botsford
Brain Weimann,(318) 727-7013,twanna.bernhard@O'Reilly-Crist.com,O'Reilly-Crist
Fredric Witting,(565) 520-5143,andrea.bartoletti@Dicki-Gutmann.com,Dicki-Gutmann
Desire Breitenberg II,(176) 665-4598,adelina.block@Trantow_and_Sons.com,Trantow and Sons
Ms. Filiberto Kirlin,516.491.5224,duncan.robel@Will.com,Will
Sherman Johnston,(719) 862-1584,sharonda.koss@Steuber.com,Steuber
Shari Becker,(479) 967-0342,seymour.dach@Mosciski.com,Mosciski
Mrs. Macy Hammes,789-964-7891,monty.abshire@Corkery-Lang.com,Corkery-Lang
Mari Zulauf,754-343-4396,matthew.hansen@Gutkowski.com,Gutkowski
Alvera Kassulke,(231) 941-4035,walton.ernser@Ritchie_Inc.com,Ritchie Inc
Nadene Streich,947.361.7078,willow.ziemann@Schroeder-Senger.com,Schroeder-Senger
Albertina Kiehn,(091) 202-3056,ezequiel.kuhlman@Keebler_Group.com,Keebler Group
Marcelina Senger,1-465-431-7188,jenni.okuneva@Jerde-Lubowitz.com,Jerde-Lubowitz
Dr. Mel Trantow,1-831-048-4559,nicolasa.davis@Herman.com,Herman
Joan Waelchi,634-298-1566,claris.bernier@Howe_Inc.com,Howe Inc
Sharron Medhurst I,116.841.3036,julius.tromp@Reichel_and_Sons.com,Reichel and Sons
Brooks Casper,1-660-203-0746,winnifred.welch@Heidenreich.com,Heidenreich
Jules McLaughlin,1-997-699-2753,cassie.hand@Zieme_LLC.com,Zieme LLC
Christoper Langworth,(392) 645-5550,seema.barton@Koss-Bernhard.com,Koss-Bernhard
Mrs. Mica Stark,698-800-7086,jazmine.jerde@Bogan_and_Sons.com,Bogan and Sons
Ms. Isaiah Medhurst,497.417.1986,leland.white@Harris.com,Harris
Corey Mertz,1-774-673-6187,clifford.rutherford@Torphy-Miller.com,Torphy-Miller
Yasmine Beer,(038) 319-5157,jolie.prohaska@O'Kon_and_Sons.com,O'Kon and Sons
Miss Prince Padberg,1-258-795-4035,ray.ernser@Predovic.com,Predovic
Rhett Thiel,306.166.5219,krystina.treutel@Smith-Kreiger.com,Smith-Kreiger
Shawnna Koepp,1-173-337-9238,carlota.ebert@Herman-Oberbrunner.com,Herman-Oberbrunner
Laronda Trantow,753-699-0056,jose.labadie@Nikolaus.com,Nikolaus
Natalya Hackett,1-286-263-1550,eugenio.osinski@Powlowski_and_Sons.com,Powlowski and Sons
Nathan Kozey,664-121-3950,deborah.streich@Wehner_Group.com,Wehner Group
Yael Hane,614.572.6610,donn.sauer@Rath.com,Rath
Branden Kerluke,638-946-3215,slyvia.orn@Bechtelar.com,Bechtelar
Seema Williamson,960.077.0102,dion.grimes@Hand.com,Hand
Seth Hills V,095.349.3553,rudolph.halvorson@Veum_Group.com,Veum Group
Kurt Bode,(816) 195-8801,terry.marks@Feeney_Inc.com,Feeney Inc
Mr. Gary Kuhlman,1-221-929-4991,taylor.hyatt@Cummerata.com,Cummerata
Warren Anderson,1-190-498-8124,bong.denesik@Botsford.com,Botsford
Boyd Reinger,301-172-4544,juliane.abernathy@Dach-Quigley.com,Dach-Quigley
Lucile Mayert DDS,018.377.8224,angeline.treutel@Haley-Schumm.com,Haley-Schumm
Michale Hirthe,233.915.6710,broderick.ohara@Lemke_Group.com,Lemke Group
Joshua Johnston,1-506-034-4288,loyd.abernathy@Mitchell-Bradtke.com,Mitchell-Bradtke
Leopoldo Crist,(817) 751-7276,many.durgan@Kemmer-Runolfsdottir.com,Kemmer-Runolfsdottir
Reed Wolff,(695) 563-1849,thanh.pollich@Hagenes.com,Hagenes
Jan Abshire V,574-827-1486,selina.gaylord@Homenick-Trantow.com,Homenick-Trantow
Shiloh Roberts,(786) 432-8958,catherin.wisoky@Luettgen_Inc.com,Luettgen Inc
Isidro Bogan,1-043-465-8074,chris.emmerich@Carroll.com,Carroll
Carlena Hessel,1-101-830-4450,maria.emmerich@Mohr.com,Mohr
Alden Mosciski,035.862.4423,luke.hegmann@Sipes.com,Sipes
Patrick Prohaska,1-032-533-0063,dominick.schowalter@Kuvalis.com,Kuvalis
Reyes Metz,(363) 955-5090,marcy.gibson@Weimann-Donnelly.com,Weimann-Donnelly
Franklyn Hartmann MD,(291) 988-0579,roosevelt.hamill@Brekke-Miller.com,Brekke-Miller
Damien Hayes,721.327.0003,roseline.crooks@Lindgren-Kihn.com,Lindgren-Kihn
Ettie Paucek,425-089-2244,sylvester.wolf@Ziemann-Stehr.com,Ziemann-Stehr
Adrian Runolfsdottir,908-631-1676,ammie.cummerata@Kozey.com,Kozey
Ms. Benito Christiansen,(353) 593-9493,grant.gutkowski@Zulauf-Simonis.com,Zulauf-Simonis
Sam Barrows,(985) 293-3390,percy.hackett@Halvorson_LLC.com,Halvorson LLC
Alonso Schuppe,(984) 210-3860,wilmer.lesch@Fadel_Group.com,Fadel Group
Vena Bergstrom,1-221-659-1612,colette.king@Windler.com,Windler
Ms. Kieth Lynch,473.124.6957,sharita.haag@Gibson-Lynch.com,Gibson-Lynch
Thaddeus Jakubowski,(114) 346-0852,edmund.yost@Buckridge_Group.com,Buckridge Group
Barry Koepp,1-705-976-2672,donny.koepp@Breitenberg-Leuschke.com,Breitenberg-Leuschke
Granville Kub IV,423.590.8424,arminda.miller@Graham_Group.com,Graham Group
Mrs. Deja Paucek,(885) 206-9750,chantel.stamm@Cassin-Schulist.com,Cassin-Schulist
Marchelle Kshlerin,1-942-384-3105,devona.hessel@Kemmer_and_Sons.com,Kemmer and Sons
Kacie Halvorson III,1-714-175-3834,lakia.feest@Jaskolski_Group.com,Jaskolski Group
Cassey Lubowitz,579-570-5509,floyd.kozey@Bode.com,Bode
Carleen Bergstrom,043.476.8224,grant.kris@Stark_and_Sons.com,Stark and Sons
Dave Boyer,1-910-547-7834,laci.schmitt@Upton_and_Sons.com,Upton and Sons
Maria Kuhn,968-940-5147,leslie.shanahan@Goyette_Inc.com,Goyette Inc
Elisa O'Conner II,940-886-6430,merlin.jones@Schaden.com,Schaden
Martin Kulas,(155) 462-6058,sherron.torphy@Rau-Bradtke.com,Rau-Bradtke
Corazon Moen,1-695-182-0841,jolanda.koss@Jacobson-Walker.com,Jacobson-Walker
Leisha Lueilwitz,729-305-9124,delbert.reynolds@Bartell.com,Bartell
Richie Marks,(738) 078-7426,melanie.breitenberg@Powlowski.com,Powlowski
Fawn Marquardt DDS,264-149-3192,rosetta.carroll@Schaden-Bruen.com,Schaden-Bruen
Miss Camelia Kub,447-653-6486,nelson.lockman@Kihn-Kohler.com,Kihn-Kohler
Meta Streich,458-953-4470,summer.jerde@Beier_Group.com,Beier Group
Louann Ullrich Sr.,602-151-1698,kip.bradtke@Marvin-Rodriguez.com,Marvin-Rodriguez
Ms. Bob Bergstrom,671-681-4759,james.tromp@Friesen-Beier.com,Friesen-Beier
Ms. Bettye Murphy,1-019-573-5303,claudio.zulauf@Schinner_and_Sons.com,Schinner and Sons
Vern Becker,742.992.2758,dalene.mohr@Bayer_and_Sons.com,Bayer and Sons
Percy Becker,1-168-054-2711,dalton.bogisich@Fadel-Smith.com,Fadel-Smith
Lorie Mraz,372-868-5152,avery.reichel@Abernathy.com,Abernathy
Mora Carter,(256) 979-8882,maryland.hermann@Pouros_Inc.com,Pouros Inc
Adalberto Fritsch DVM,739-692-3873,lorinda.gusikowski@Lang-Larson.com,Lang-Larson
Adam McDermott,526-207-5982,lashell.haley@Nitzsche-Bashirian.com,Nitzsche-Bashirian
Coleman Effertz DDS,(454) 498-8226,euna.fisher@Cruickshank.com,Cruickshank
Elbert Cartwright,1-458-500-0659,jammie.okeefe@Borer.com,Borer
Billy Ernser,679.320.0346,randy.macgyver@Botsford-Spencer.com,Botsford-Spencer
Sang Cassin,1-560-016-0700,allan.monahan@Abbott-Schoen.com,Abbott-Schoen
Bertie Cole,654.553.1393,rod.breitenberg@Rolfson-Rosenbaum.com,Rolfson-Rosenbaum
Britt Bauch,1-146-679-7339,ben.hilpert@Rippin-Schiller.com,Rippin-Schiller
Jeremy Hackett,350-569-0132,andrea.crona@Pacocha-Pollich.com,Pacocha-Pollich
Ms. Ayesha Reichert,872-202-7089,galina.renner@Brown.com,Brown
Bo Kuhic,1-630-298-3471,jolene.wisoky@Tromp-Langworth.com,Tromp-Langworth
Damaris Lesch,547-206-8832,hai.feil@Altenwerth-Orn.com,Altenwerth-Orn
Monroe Kilback,109-377-1837,cruz.nolan@Moore_Inc.com,Moore Inc
Shawn Effertz V,(594) 646-2502,doyle.watsica@Feeney_LLC.com,Feeney LLC
Cordell Donnelly,038-310-1557,valentine.cassin@Abbott_Inc.com,Abbott Inc
Gustavo Simonis PhD,1-628-783-6459,nikole.sauer@Tromp.com,Tromp
Edmundo Bogan,638-242-2808,linette.wolf@Bernhard_Group.com,Bernhard Group
Mr. Clinton Spinka,820.126.9642,ranae.kling@Buckridge-Littel.com,Buckridge-Littel
Christena Cronin,1-757-461-4547,stanley.lueilwitz@Paucek_LLC.com,Paucek LLC
Roxanne Kuphal,(651) 306-5649,lino.mayer@Mueller-Morissette.com,Mueller-Morissette
Catrice Runte,(704) 252-9214,dennis.schuppe@Reilly-Heidenreich.com,Reilly-Heidenreich
Bertram Ledner,(461) 276-5537,lecia.murray@Grady_Group.com,Grady Group
Mr. Aracely Vandervort,1-411-128-9444,german.wolff@Auer_Group.com,Auer Group
Kenisha Jones,1-474-423-8403,misti.ebert@Hayes_and_Sons.com,Hayes and Sons
Eddie Casper,1-804-788-6154,belia.rowe@Blick_LLC.com,Blick LLC
Bibi Konopelski,308-704-0869,alfonzo.bailey@Ritchie.com,Ritchie
Edelmira Kassulke,964-335-4468,chauncey.wilkinson@Champlin.com,Champlin
Katy Fadel,(639) 584-7636,janise.hettinger@Powlowski-Cormier.com,Powlowski-Cormier
Mr. Edmundo Kovacek,283-704-7210,gayle.schultz@Cassin-Hills.com,Cassin-Hills
Ms. Jodie Howe,(723) 239-5319,bradly.corwin@Pollich_Group.com,Pollich Group
Eldon Mayert,796.887.5367,catherine.towne@Howe.com,Howe
Miss Hildred Fritsch,745.198.4650,hyman.sanford@Wunsch-Gusikowski.com,Wunsch-Gusikowski
Edwardo Sauer,(964) 085-1742,lee.prosacco@Maggio-Sipes.com,Maggio-Sipes
Jannet Hamill IV,(859) 606-9094,jackson.waelchi@Oberbrunner-Mosciski.com,Oberbrunner-Mosciski
Nedra Torp,495.740.0147,russel.thiel@Feest-Jaskolski.com,Feest-Jaskolski
Vaughn Morissette,(966) 845-9020,charlie.olson@Heller-Streich.com,Heller-Streich
Kimi Steuber,(886) 190-8515,rosalba.oreilly@Sauer-Reinger.com,Sauer-Reinger
Stacia Stark,1-555-006-9943,carmelia.stracke@Schumm-Murphy.com,Schumm-Murphy
Dr. Edythe Johns,1-452-451-1375,danita.considine@Larkin-Rice.com,Larkin-Rice
Kelly Hessel,(351) 385-7786,sylvester.bartell@Fritsch.com,Fritsch
Aldo Pacocha,(033) 714-3162,heidy.buckridge@Upton-Hagenes.com,Upton-Hagenes
Dr. Naoma Considine,1-812-652-4659,rod.herzog@Bogan_LLC.com,Bogan LLC
Lincoln Auer,566.778.4513,andrea.greenfelder@Wunsch_and_Sons.com,Wunsch and Sons
Mrs. Ernestina Haley,019.535.3313,synthia.stiedemann@Nikolaus-Rodriguez.com,Nikolaus-Rodriguez
Salvatore Rempel,624.295.3617,elsie.donnelly@Leffler_Inc.com,Leffler Inc
Mitchell Stracke II,1-872-110-9084,adolfo.lesch@Keeling_and_Sons.com,Keeling and Sons
Rhona Bednar DDS,1-229-794-9516,devorah.white@Romaguera-Crist.com,Romaguera-Crist
Maricela Stehr,457-544-5630,maryland.jerde@Beatty.com,Beatty
Theo Sipes PhD,350-634-8459,gil.bashirian@Cole_LLC.com,Cole LLC
Jasmine Christiansen,949.860.3736,michell.johns@Green_LLC.com,Green LLC
Columbus Streich,020-139-2497,alex.legros@Cummerata_Inc.com,Cummerata Inc
Soila Mueller DVM,327-070-6261,na.herzog@Ernser-Hegmann.com,Ernser-Hegmann
Morris Rosenbaum Jr.,425.874.5821,elijah.boyle@Runolfsson.com,Runolfsson
Drema Glover,(437) 548-2451,linn.hyatt@Kunde_LLC.com,Kunde LLC
Sebastian Wunsch,828.786.3736,shemika.bins@Yundt-Koch.com,Yundt-Koch
Cornell Lesch,1-149-613-7281,marilee.fadel@Lubowitz.com,Lubowitz
Darrell Oberbrunner,1-386-340-8066,arla.orn@Weber-Gerhold.com,Weber-Gerhold
Beaulah DuBuque I,881.650.2806,mirta.reichert@Graham.com,Graham
August Johnson,506.553.1832,homer.veum@Beier_LLC.com,Beier LLC
Elbert Kling,598-595-0443,leon.shields@Wolff_LLC.com,Wolff LLC
Tricia Connelly,120-273-1595,stephen.grady@Stokes-Carter.com,Stokes-Carter
Kip Kuhlman III,1-203-461-5507,mira.langosh@Gerhold.com,Gerhold
Tillie Kozey V,208-477-0542,kristofer.lubowitz@Corwin_LLC.com,Corwin LLC
Ta Aufderhar,833.463.9086,blake.armstrong@Huel.com,Huel
Dr. Shandra Walter,1-598-220-7766,jimmie.bailey@Hintz.com,Hintz
Lavada Schoen,319-106-7015,monroe.kuhlman@Adams_Group.com,Adams Group
Celesta Sawayn,010.844.5519,pamila.vandervort@Fadel_Inc.com,Fadel Inc
Ayanna Aufderhar,849-170-5891,modesto.wyman@Rogahn-Witting.com,Rogahn-Witting
Leilani Kihn DDS,(853) 387-0214,phuong.erdman@Bayer.com,Bayer
Jae Friesen,394-218-9737,ingrid.hansen@Homenick_and_Sons.com,Homenick and Sons
Horacio Fay DVM,(127) 158-4264,lenny.pagac@Homenick_LLC.com,Homenick LLC
Meghann Nader,1-881-499-4253,corliss.halvorson@Sipes-Collier.com,Sipes-Collier
Santina Mosciski,1-697-951-0064,melita.cormier@Dickinson-Bogan.com,Dickinson-Bogan
Hung Frami,1-395-572-9554,aubrey.homenick@Denesik-Kuvalis.com,Denesik-Kuvalis
Danette Klein,(636) 535-1687,chadwick.kulas@Ryan-Kuvalis.com,Ryan-Kuvalis
Saturnina Leannon,619-930-9437,alphonse.becker@Marks_LLC.com,Marks LLC
Jason Borer,708-841-3786,bryce.boyer@Langosh.com,Langosh
Werner McClure,702-721-5678,lorenza.mitchell@Bosco.com,Bosco
Tajuana Lakin,121.359.1658,ermelinda.armstrong@Langworth-Turner.com,Langworth-Turner
Lee Schimmel Sr.,1-723-852-1366,everett.cummings@Ledner.com,Ledner
Diedre Murazik,879-472-1793,eusebia.zboncak@Braun.com,Braun
Mr. Genaro Schamberger,898.690.7732,jan.haag@Doyle-Hagenes.com,Doyle-Hagenes
Orval Weimann,295.114.7624,arturo.maggio@Walker.com,Walker
Mario Kessler DVM,767.845.8886,tarah.corwin@Wunsch.com,Wunsch
Domonique Emmerich MD,(173) 055-5961,tai.herzog@Bednar_Inc.com,Bednar Inc
Ms. Aubrey Mante,(771) 790-1485,rochelle.kuphal@Littel-Parisian.com,Littel-Parisian
Mr. Mauro Lind,(128) 938-4416,lesli.klein@Heathcote_Inc.com,Heathcote Inc
Mr. Harrison Fay,338-062-4649,irwin.ferry@Smith.com,Smith
Miss Ernesto Johns,637-697-4404,ellis.kutch@Watsica.com,Watsica
Conrad Grady,1-747-571-6653,donnell.block@Cartwright_Inc.com,Cartwright Inc
Dr. Ned Streich,1-259-553-6837,juanita.bahringer@Fisher-Upton.com,Fisher-Upton
Ariel Stoltenberg,1-842-777-5829,travis.schneider@Kuphal.com,Kuphal
Mrs. Gaylord Crist,(143) 060-5870,pete.pfannerstill@Ferry-Ledner.com,Ferry-Ledner
Jeffrey Schulist,206-167-7884,timmy.quigley@Barrows.com,Barrows
Dwayne Rohan,019.997.0201,melissa.ullrich@Stokes_Inc.com,Stokes Inc
Alfreda Wunsch IV,242.366.8501,gale.windler@Muller-MacGyver.com,Muller-MacGyver
Mr. Alexandria Smitham,951-076-5919,youlanda.farrell@Bogisich-Hudson.com,Bogisich-Hudson
Cameron Crona,1-705-075-5187,elda.dietrich@Muller.com,Muller
Mrs. Belia Bahringer,1-090-054-1479,leland.hudson@Kertzmann.com,Kertzmann
Santos Schumm,1-842-571-0329,charlie.zieme@Steuber.com,Steuber
Danyelle Welch,437-168-3369,gerard.olson@Bode.com,Bode
James Ankunding,609.594.3836,darron.schmitt@Gulgowski_Group.com,Gulgowski Group
Dylan Harvey,989-327-6063,justin.rippin@Mante_and_Sons.com,Mante and Sons
Tim Kuhlman,1-375-229-6170,daron.champlin@Powlowski.com,Powlowski
Leopoldo Heathcote Sr.,797.815.5132,gregg.kerluke@Hirthe-O'Kon.com,Hirthe-O'Kon
Roseline Armstrong,(681) 875-0722,elly.cassin@Koelpin.com,Koelpin
Vince Mohr V,1-248-640-8250,theodore.schaefer@Gerlach_Inc.com,Gerlach Inc
Doug Haley,325.742.9835,mckinley.crist@Armstrong_LLC.com,Armstrong LLC
Karl Gulgowski,(914) 131-8038,asa.zieme@Conn_Group.com,Conn Group
Teodoro Klocko,1-653-891-2901,patrina.cremin@Bogisich-Johnson.com,Bogisich-Johnson
Ms. Billy Carter,021.082.7993,myra.steuber@Blick-Koss.com,Blick-Koss
Luetta Murphy II,874.006.6123,kevin.gleason@Stokes-Stokes.com,Stokes-Stokes
Fleta Tremblay,(630) 711-0393,fanny.muller@Zemlak_LLC.com,Zemlak LLC
Quintin Wehner,(097) 731-2866,dexter.mayert@Williamson-Swift.com,Williamson-Swift
Gayle Hegmann,(821) 873-1468,harley.leuschke@Bechtelar.com,Bechtelar
Eldon Ortiz,625.338.6919,jacqulyn.donnelly@Hintz.com,Hintz
Russel Hansen V,1-396-953-4648,dario.thompson@Reynolds_and_Sons.com,Reynolds and Sons
Dominique Von,390-315-8535,liz.huels@Fadel-Ziemann.com,Fadel-Ziemann
Mrs. Sabina Monahan,1-623-632-9840,heike.lebsack@Bailey_Inc.com,Bailey Inc
Dr. Glen Considine,940.763.0942,casey.brekke@Emard_LLC.com,Emard LLC
Brande Lakin,234.276.2381,sherrie.prosacco@Tremblay.com,Tremblay
Dia Littel,(886) 772-5382,sergio.boyle@Herzog.com,Herzog
Aurea Romaguera,1-130-540-8585,josefa.stroman@Gorczany.com,Gorczany
Clair West,617.320.0765,linnea.olson@Gislason_and_Sons.com,Gislason and Sons
Antony Prohaska Jr.,126.029.1058,elsy.bins@Streich.com,Streich
Modesto Frami IV,(300) 218-2379,coreen.klocko@Stamm_and_Sons.com,Stamm and Sons
Eddie Bins,(177) 681-6199,karmen.rau@Nikolaus.com,Nikolaus
Gabriel Ernser,838.298.1964,cornell.flatley@Schmidt.com,Schmidt
Arielle Dickens,893.140.2818,ray.johnson@Pacocha.com,Pacocha
Dee Jakubowski,1-693-575-3955,quinton.orn@Bednar_and_Sons.com,Bednar and Sons
Mr. Loise Leffler,(155) 937-0682,harvey.wolff@Kling-Feil.com,Kling-Feil
Gonzalo Pacocha,884-302-6614,landon.dare@O'Hara-Beier.com,O'Hara-Beier
Velva Reichert,807-504-7223,clayton.weber@Schulist-Bechtelar.com,Schulist-Bechtelar
Dr. In Turner,(913) 181-0089,darrel.towne@Hand-Mayer.com,Hand-Mayer
Enrique Nicolas,(545) 617-3009,mittie.tillman@Macejkovic-Ledner.com,Macejkovic-Ledner
Collin Okuneva,342-598-6859,anita.zieme@Goyette_Group.com,Goyette Group
Lyman Steuber,352-050-7904,kalyn.vonrueden@Shields-Schumm.com,Shields-Schumm
Maximo Willms,273-423-5654,golden.wiza@Parisian_Inc.com,Parisian Inc
Teresia Fahey,028.746.1729,brandon.brakus@Hackett_and_Sons.com,Hackett and Sons
Miss Dexter Pouros,795-773-3157,maira.towne@Rutherford.com,Rutherford
Annetta Jones,(631) 555-7810,karri.graham@Predovic.com,Predovic
Terrance Conroy,093-378-9035,norris.graham@Jacobson-Pfeffer.com,Jacobson-Pfeffer
Dr. Eladia Thiel,284.965.2216,bobbie.simonis@Osinski_Group.com,Osinski Group
Manual Durgan,1-368-354-5386,sindy.wehner@Waters-Hand.com,Waters-Hand
Garland Kub,1-244-810-3981,emanuel.hane@Borer-Corkery.com,Borer-Corkery
Zonia Murphy,(370) 643-8093,roderick.kshlerin@Reinger.com,Reinger
Jann Little,(523) 098-2771,phil.haley@Tremblay.com,Tremblay
Dr. Silas Greenholt,(858) 651-0163,rosemary.hamill@Welch-Lynch.com,Welch-Lynch
Alphonse Hane,558-776-2833,stella.walter@Bode.com,Bode
Ozzie Bahringer,276.961.2577,jack.corkery@Hodkiewicz-Weissnat.com,Hodkiewicz-Weissnat
Carla Rosenbaum,(420) 295-0117,kemberly.dubuque@Lowe.com,Lowe
Jere Gerlach,(762) 508-8016,gabriel.connelly@Koepp_LLC.com,Koepp LLC
Mrs. Janetta Friesen,924.574.2336,ben.dickens@Marks-Kovacek.com,Marks-Kovacek
Ms. Asley Okuneva,1-797-323-3691,steve.walker@Parisian_Group.com,Parisian Group
Andera Hansen,1-067-635-1413,jerrold.roberts@Nader_and_Sons.com,Nader and Sons
Aletha Pagac,1-694-865-6195,erinn.bosco@Abernathy-Champlin.com,Abernathy-Champlin
Dana Dietrich,(529) 632-8063,johanne.rodriguez@Brakus.com,Brakus
Nora Auer,1-883-721-6321,harlan.yundt@Price-Muller.com,Price-Muller
Dan Raynor,(260) 755-7784,see.mann@Goodwin_Group.com,Goodwin Group
Dexter Gorczany,252.718.4507,cornelia.lemke@White-Armstrong.com,White-Armstrong
Ms. Piper Kilback,1-440-898-7045,milda.trantow@Harris.com,Harris
Fredda Hickle DDS,(201) 043-2922,nicky.lowe@Murray.com,Murray
Allena Braun,927.409.8497,pamala.hudson@Hermiston-Gulgowski.com,Hermiston-Gulgowski
Adam Hamill,1-304-300-5437,markus.king@Shanahan-Marquardt.com,Shanahan-Marquardt
Rene Jacobi,705-315-2216,terry.labadie@Schmeler_Inc.com,Schmeler Inc
Enola Medhurst,(831) 037-8301,basil.wisozk@DuBuque-Schmeler.com,DuBuque-Schmeler
Marie Ernser,(874) 596-1470,saran.stehr@Gislason.com,Gislason
Carlo Kuphal,278-123-0848,fredericka.blanda@Olson-Von.com,Olson-Von
Randolph McDermott,(109) 843-0046,ethan.monahan@Green-Ratke.com,Green-Ratke
Adelaide Smitham,(449) 869-5209,brett.mckenzie@Tromp-Wiegand.com,Tromp-Wiegand
Ling Schimmel,1-841-178-1970,florentino.hackett@Schneider-Ziemann.com,Schneider-Ziemann
Giovanni Feil,200.512.1230,terrell.abshire@Wuckert.com,Wuckert
Jeannette Murphy DDS,577-744-8166,matthew.williamson@McKenzie.com,McKenzie
Idalia Miller Jr.,1-975-742-3813,denisse.jenkins@Simonis-Anderson.com,Simonis-Anderson
Michale Rohan,152.051.3407,annamae.walker@Barton.com,Barton
Dr. Craig Ebert,1-404-813-4822,rosaline.rippin@Bode-Cormier.com,Bode-Cormier
Pat Sauer III,212-173-8817,deloise.legros@Robel.com,Robel
Ms. Arleen Lang,(436) 373-9606,kelley.harber@Willms-Jakubowski.com,Willms-Jakubowski
Santos Wyman,1-344-488-2201,eryn.halvorson@Stroman_and_Sons.com,Stroman and Sons
Dion Bayer,1-041-504-3591,terrell.walter@Marquardt.com,Marquardt
Mrs. Sheila Nienow,023-124-2995,mitchel.littel@Muller_Group.com,Muller Group
Mrs. Jasper Hermiston,(707) 467-6723,candance.ortiz@Nikolaus_Inc.com,Nikolaus Inc
Tamera Lubowitz,(494) 848-9026,patrice.buckridge@Tromp_LLC.com,Tromp LLC
Nana Bogisich,(116) 320-3055,mohammed.kessler@Friesen.com,Friesen
Sallie Conroy III,311.454.3864,miyoko.jakubowski@Volkman-O'Reilly.com,Volkman-O'Reilly
Leisa McClure,(363) 688-8766,noe.maggio@Ferry-Leuschke.com,Ferry-Leuschke
Heriberto Jacobi DVM,156.931.9136,cole.hermiston@Quitzon_Inc.com,Quitzon Inc
Mrs. Jo Mante,045-877-1550,stefan.herzog@Davis.com,Davis
Mr. Briana Murazik,1-593-346-5087,latisha.glover@Kuphal.com,Kuphal
Lindsey Heathcote Sr.,(782) 355-0953,oscar.effertz@Bayer_Group.com,Bayer Group
Abraham Davis,236-656-7205,gretta.marks@Graham_Inc.com,Graham Inc
Arlena Stark,147-969-0158,edwardo.stoltenberg@Schimmel-Metz.com,Schimmel-Metz
Garry Lindgren,1-283-834-1714,malcom.thiel@Sipes.com,Sipes
Jaleesa Gulgowski III,1-115-376-8300,nedra.daniel@McClure_and_Sons.com,McClure and Sons
Mr. Jeremiah Watsica,026-804-7121,alta.keeling@Hickle_and_Sons.com,Hickle and Sons
Merlene Lueilwitz I,1-759-514-6755,erwin.bode@Muller-Douglas.com,Muller-Douglas
Dr. Modesta Ankunding,895-706-0539,lanette.jacobi@Berge.com,Berge
Earnest Balistreri,1-520-853-8877,elane.mcclure@Feil_LLC.com,Feil LLC
Alva Kozey,824-079-0352,joesph.cassin@Glover.com,Glover
Mrs. Pennie Batz,983-599-1227,effie.ritchie@Koepp.com,Koepp
Lazaro Sanford II,(736) 378-5520,jan.reichert@Bogan_Inc.com,Bogan Inc
Sammy Hagenes,1-196-696-0155,chante.tillman@Larkin-Blanda.com,Larkin-Blanda
Mrs. Conrad Volkman,(779) 504-9687,oda.deckow@Murphy_LLC.com,Murphy LLC
Erin Pollich IV,1-059-748-3810,rueben.schaefer@Fritsch-Hansen.com,Fritsch-Hansen
Wilma Hessel,713-816-0576,suzette.kling@Schowalter_Inc.com,Schowalter Inc
Mr. Antony O'Reilly,(338) 730-3687,idella.bogisich@Kihn.com,Kihn
Alfredo Grady,138-252-0116,hiedi.haley@Lemke.com,Lemke
Elvina Wintheiser,(812) 609-7631,crystal.watsica@Davis.com,Davis
