Michel Flatley,141-188-0879,merrill.lebsack@Runolfsson-Hamill.com,Runolfsson-Hamill
Ms. Twila Bins,(462) 297-2661,wilbur.reichel@Wolf-Ruecker.com,Wolf-Ruecker
Kennith Maggio,407-086-8848,jerry.feest@Swift_and_Sons.com,Swift and Sons
Nathanial Denesik,775.031.0461,asa.jast@Towne_Group.com,Towne Group
Mr. Dorris Mraz,235.208.5074,inge.will@Nienow.com,Nienow
Mr. Lean Renner,078-281-4620,arianna.kub@Blick_LLC.com,Blick LLC
Miss Terra Tillman,315-343-8003,nelda.jacobs@Weber_Inc.com,Weber Inc
Dr. Mahalia Boyle,491.555.1081,sammie.lindgren@Krajcik.com,Krajcik
Eunice Reilly,1-009-362-9320,edmond.mertz@Fadel-Cummerata.com,Fadel-Cummerata
Ms. Raymundo Zemlak,(532) 180-8725,adella.mckenzie@Wehner_Inc.com,Wehner Inc
Isabel Schmidt,236-352-4031,geraldo.robel@Jacobs_LLC.com,Jacobs LLC
Marva Hermiston,948-082-4228,tora.kulas@Stiedemann-Bayer.com,Stiedemann-Bayer
Maxwell Satterfield,018-691-0618,carl.hackett@Bogan.com,Bogan
Olene Ferry MD,966.053.0595,fredrick.collins@Pollich-Huel.com,Pollich-Huel
Tina Carroll,860-600-5897,ralph.koch@Casper_Inc.com,Casper Inc
Deandrea Quitzon,338.193.6676,queen.streich@Krajcik_and_Sons.com,Krajcik and Sons
Spencer Cormier,227.205.6621,elise.hoppe@Koss_Inc.com,Koss Inc
Shamika Homenick,(316) 229-2023,tommye.bradtke@VonRueden_and_Sons.com,VonRueden and Sons
Warren Schmidt,609-185-6442,herman.wilkinson@Bartoletti.com,Bartoletti
Robby Beer,884-262-9487,joane.bode@Herzog.com,Herzog
Stefan Ruecker,024-594-6436,many.greenholt@Halvorson.com,Halvorson
Del Brekke,775.162.3813,milford.lakin@Armstrong-Flatley.com,Armstrong-Flatley
Ms. Marissa Lockman,736.794.7264,joanie.green@Daugherty_Group.com,Daugherty Group
Gilbert McKenzie,220.485.2288,ruben.greenholt@Bashirian-Rau.com,Bashirian-Rau
Chung Mills,533-430-4238,kimberlie.nikolaus@Wiegand-Powlowski.com,Wiegand-Powlowski
Katherin Glover,214-535-0112,wyatt.kutch@Beahan.com,Beahan
Greg Cremin,(941) 133-9276,monroe.lynch@Littel_Group.com,Littel Group
Mrs. Forest Haag,392-848-8215,royce.bergnaum@Rowe_Inc.com,Rowe Inc
Mike Breitenberg,1-259-915-5820,marylyn.cremin@Ernser-Kertzmann.com,Ernser-Kertzmann
Lowell Haley,(412) 926-0220,melba.durgan@Schimmel.com,Schimmel
Miss Judi Prohaska,1-342-650-2087,brenton.daniel@Wunsch-Wilkinson.com,Wunsch-Wilkinson
Franklin Marvin,(630) 692-2259,alvaro.hamill@Kuvalis-Murphy.com,Kuvalis-Murphy
Keven Purdy Jr.,(199) 410-8448,ariel.fahey@Leannon-Lind.com,Leannon-Lind
Miss Golda Feest,657.051.1566,ricky.rau@McGlynn-White.com,McGlynn-White
Sadie Spencer,1-425-308-9382,gavin.bailey@Kutch-Bartoletti.com,Kutch-Bartoletti
Faustino Ritchie,049-417-0545,dana.hartmann@Hirthe_Inc.com,Hirthe Inc
Laticia Daniel,550.721.4326,versie.runte@Hill-Rohan.com,Hill-Rohan
German Bernier,417.271.5489,vernita.rolfson@Kiehn.com,Kiehn
Les Price II,(362) 753-5103,greg.wiegand@Johns_Group.com,Johns Group
Fred Farrell,151-474-3365,sherrill.gottlieb@Wolf.com,Wolf
Margo Rolfson,909.579.3710,chad.littel@Bahringer.com,Bahringer
Valda Hills,540.419.8716,yelena.aufderhar@Hammes_and_Sons.com,Hammes and Sons
Edie Legros,440-380-3559,norbert.kovacek@Schimmel-Bogan.com,Schimmel-Bogan
Elma Lindgren,(779) 019-7731,america.dickinson@Fahey-MacGyver.com,Fahey-MacGyver
Michel Leannon,1-190-471-4656,ross.wehner@Olson.com,Olson
Gina Hessel,(384) 722-4833,isiah.abshire@Ziemann-Gerlach.com,Ziemann-Gerlach
Roman Harvey,(941) 267-0420,vonda.zieme@Jaskolski_Inc.com,Jaskolski Inc
Angie Padberg PhD,952.320.4367,candie.considine@Daniel_LLC.com,Daniel LLC
Lynwood Olson,686.474.0266,orlando.walter@Baumbach.com,Baumbach
Darci DuBuque PhD,801.952.4119,garrett.schmidt@Okuneva-Kautzer.com,Okuneva-Kautzer
Burton Skiles Jr.,1-944-742-9528,aliza.conroy@Schuppe_LLC.com,Schuppe LLC
Penelope Jenkins I,(330) 160-7986,jenette.heidenreich@Schoen_and_Sons.com,Schoen and Sons
Ms. Bernard Sanford,1-214-545-3789,hal.braun@Stamm.com,Stamm
Dr. Randal Volkman,627-537-0791,ali.will@Hettinger.com,Hettinger
Dennis Schuppe,310-083-4371,elijah.conroy@Cormier_Inc.com,Cormier Inc
Dr. David Howe,475.151.7946,trisha.bergnaum@Lowe_and_Sons.com,Lowe and Sons
Jamie Kuvalis,143.840.0945,sol.dibbert@Lueilwitz.com,Lueilwitz
Celestine Durgan,1-540-947-4532,billye.leffler@Hirthe-Graham.com,Hirthe-Graham
Teodoro O'Kon,873-643-2323,soraya.nikolaus@Larson_LLC.com,Larson LLC
Belle Johnston,(179) 151-1502,felicitas.hagenes@Orn-Marquardt.com,Orn-Marquardt
Casey Turner,1-754-464-3142,christia.kirlin@Tremblay_Group.com,Tremblay Group
Lindsy Dicki,316.137.3876,melaine.brekke@Kunde.com,Kunde
Sophia Cronin,187-052-0756,stefan.kub@Dickens_LLC.com,Dickens LLC
Noel McKenzie,1-894-624-1268,zandra.stroman@Robel.com,Robel
Ria Kiehn,(382) 864-0570,octavio.luettgen@Stamm-Romaguera.com,Stamm-Romaguera
Dr. Cami Abshire,644.147.3908,evette.gleason@Brown_LLC.com,Brown LLC
Viki Rowe,(901) 615-1079,maurice.langosh@Crooks.com,Crooks
Felice Torp,1-124-706-2195,alix.wilkinson@Davis.com,Davis
Aaron Abshire V,701.163.4325,gracie.glover@Gleichner_and_Sons.com,Gleichner and Sons
Hilde Ebert,1-330-037-2801,vicente.gutmann@Donnelly.com,Donnelly
Conrad Rau,631.093.2745,caroll.anderson@Nader.com,Nader
Brandie Macejkovic,(593) 294-5814,deandre.wolff@Reichert_LLC.com,Reichert LLC
Teodora Mante,(028) 935-0377,travis.little@Kub_Inc.com,Kub Inc
Mrs. Davida Medhurst,079.809.3673,nga.stracke@Bode-Hettinger.com,Bode-Hettinger
Marcelino Funk,1-069-802-9045,gudrun.rau@Sporer.com,Sporer
Deidre Schaden,866.792.4059,calandra.labadie@Bernier_LLC.com,Bernier LLC
Digna Boyle,1-139-475-1316,lenora.hand@Cruickshank_LLC.com,Cruickshank LLC
Keenan Runolfsdottir II,1-619-752-7807,orval.howell@Osinski-Kassulke.com,Osinski-Kassulke
Damien Tromp,929-496-6610,lorita.ward@Kerluke.com,Kerluke
Mrs. Aline Christiansen,(777) 458-5633,hilde.padberg@Hudson.com,Hudson
Dr. Shari Ondricka,(126) 081-7264,devin.schowalter@Donnelly.com,Donnelly
Corene Hammes,(331) 945-4507,lane.herman@Emard.com,Emard
Thad Johnson,1-511-463-1849,sonny.graham@Roob_Group.com,Roob Group
Madonna Halvorson,(727) 289-6299,jospeh.turcotte@Sipes.com,Sipes
Lazaro Rohan,(498) 080-3980,florencia.davis@Mohr.com,Mohr
Sean Lakin,(307) 982-1406,teodoro.lehner@Hegmann_Group.com,Hegmann Group
Palmer Wilderman,(724) 316-2599,joesph.gorczany@Boyle-Murphy.com,Boyle-Murphy
Luke Schaden,1-829-615-7910,dana.schmeler@Lueilwitz-Harvey.com,Lueilwitz-Harvey
Jarvis Bergnaum,227.708.5312,deon.murphy@Goodwin_and_Sons.com,Goodwin and Sons
Wendell Lubowitz,050.724.9969,giovanni.schaden@Hudson-Gorczany.com,Hudson-Gorczany
Roseline Ward,797.002.7002,lesli.watsica@Dickens.com,Dickens
Ms. Sara Grady,107-975-2772,jacob.crist@Hintz_Group.com,Hintz Group
Leonard Streich PhD,182.778.3553,rudolf.wisozk@Kessler.com,Kessler
Mrs. Ahmed Auer,1-553-848-9050,alphonso.dooley@Wuckert-Lebsack.com,Wuckert-Lebsack
Eusebio Bergstrom,831.290.8132,mohammad.doyle@Monahan.com,Monahan
Ms. Missy Bartoletti,(754) 863-3808,samuel.waelchi@Collier.com,Collier
Jerome Bins,1-074-602-7759,corey.stamm@Sanford.com,Sanford
Jolie Feil DDS,(454) 828-6021,carley.farrell@Rosenbaum.com,Rosenbaum
Sterling Hane Jr.,541-958-6572,daren.jacobi@Kerluke-Sporer.com,Kerluke-Sporer
Susanne Jacobson,886.545.8169,carroll.gleichner@Hintz_Group.com,Hintz Group
Sharonda Bruen PhD,426-314-2066,gita.leannon@Miller.com,Miller
Ross Gottlieb,(719) 504-2471,lynda.berge@Heidenreich.com,Heidenreich
Delia Howe,357-237-9146,gaston.mante@Armstrong-Kuhic.com,Armstrong-Kuhic
Sun Pouros DDS,131.649.4516,alvera.volkman@Spinka.com,Spinka
Ariel Muller,(143) 389-8269,genie.renner@Pacocha.com,Pacocha
Clint Effertz,410.417.3323,brain.hintz@Quigley.com,Quigley
Mrs. Buster Hammes,1-694-187-8515,elvis.crist@Bailey.com,Bailey
Filomena Heller,1-075-138-2447,soo.funk@Yost-Reichert.com,Yost-Reichert
Kori Gislason,282.185.4455,illa.senger@Denesik-Harvey.com,Denesik-Harvey
Ms. Lonnie Crooks,1-997-003-4271,jackson.beer@Buckridge_and_Sons.com,Buckridge and Sons
Hanna Hamill,225.291.9078,mervin.ankunding@Ernser-Marvin.com,Ernser-Marvin
Caroline Gorczany MD,1-632-540-4599,arla.von@Blick-Klein.com,Blick-Klein
Deshawn DuBuque,692.927.5734,moises.koelpin@Kuhlman-Kerluke.com,Kuhlman-Kerluke
Mohamed Armstrong,1-418-435-2219,genevieve.muller@Howe-Rohan.com,Howe-Rohan
Tamera Kuvalis,(999) 119-1651,scotty.connelly@Runolfsdottir.com,Runolfsdottir
Nga Dicki,(966) 999-7790,maryanna.kemmer@Russel-Morar.com,Russel-Morar
Jessika Lebsack,636-469-3410,darrel.bosco@Koss-Rowe.com,Koss-Rowe
Mimi Bruen,1-968-335-1486,zona.mante@Goodwin_Inc.com,Goodwin Inc
Erick Prohaska,226.599.8053,damon.sauer@Ankunding-Abshire.com,Ankunding-Abshire
Dewayne Stracke,1-831-892-5704,edison.mraz@Abshire.com,Abshire
Joye Schinner,1-484-475-2133,whitley.hane@Rosenbaum.com,Rosenbaum
Roseann Gusikowski,1-743-640-8303,irvin.oreilly@Reichel_Inc.com,Reichel Inc
Tisha Witting,057.283.9183,kecia.powlowski@Abbott_LLC.com,Abbott LLC
Darcel Reilly,789-879-3643,clay.boyle@Wilkinson.com,Wilkinson
Felix Schmeler,1-337-181-4269,damion.lind@Pouros_and_Sons.com,Pouros and Sons
Dorsey Orn,(959) 470-7646,claudia.morar@Macejkovic.com,Macejkovic
Annette Paucek II,214.496.5428,devon.tillman@Bruen_and_Sons.com,Bruen and Sons
Mr. Jacob Greenfelder,(723) 497-1112,dylan.quigley@Cummerata_Group.com,Cummerata Group
Dr. Leif Hodkiewicz,(837) 554-3652,leroy.reinger@Kulas.com,Kulas
Miss Augustus Emmerich,042.025.6915,maia.gibson@Ledner.com,Ledner
Sung Spencer,1-565-721-1490,donn.kuhn@Moen_Inc.com,Moen Inc
Denny Gerlach,167.068.6561,trevor.upton@Greenholt_Inc.com,Greenholt Inc
Omar Mante,(989) 154-5840,rosa.balistreri@Ziemann-Abernathy.com,Ziemann-Abernathy
Juan Hegmann,1-560-394-2042,galina.cruickshank@Kuphal_LLC.com,Kuphal LLC
Mitzi Halvorson,(564) 746-8904,len.braun@Gislason_and_Sons.com,Gislason and Sons
Ali D'Amore,1-917-607-4153,jake.okuneva@Hartmann-Tremblay.com,Hartmann-Tremblay
Monte Grant,255.592.4981,wally.oberbrunner@Waters.com,Waters
Ms. Melisa Beahan,1-257-807-0184,nia.keebler@Marquardt.com,Marquardt
Dr. Nicolas Flatley,887-947-5801,nicola.bahringer@Lehner-Hartmann.com,Lehner-Hartmann
Ms. Marcelo Carroll,997-160-2283,leslie.mann@Stark.com,Stark
Annalee Schneider I,215-670-0571,criselda.kilback@Kerluke_Group.com,Kerluke Group
Brad Bruen,601-298-8614,bethann.smitham@Gislason-Kerluke.com,Gislason-Kerluke
Miss Clair Bahringer,269.344.3364,sherrie.donnelly@Schiller_and_Sons.com,Schiller and Sons
Mrs. Helga Grady,025.808.9763,oscar.leuschke@Ruecker-Bailey.com,Ruecker-Bailey
Tyisha Haley DDS,265.553.9159,tuan.mann@Pollich-Wunsch.com,Pollich-Wunsch
Paulita Osinski III,616.411.0192,jeffrey.paucek@Morar.com,Morar
Humberto O'Reilly MD,(534) 992-4169,stacia.tremblay@Huels_Inc.com,Huels Inc
Margot Jast,1-260-803-5890,james.strosin@Effertz.com,Effertz
Rosario Bogan,737-698-3789,veronique.christiansen@Morissette_Inc.com,Morissette Inc
Jonas Grady,1-282-684-3851,lindy.hoppe@Fadel_LLC.com,Fadel LLC
Rosaline Hoeger,1-137-911-5647,tomiko.brown@Von_Inc.com,Von Inc
Mr. Betsey Cartwright,1-943-906-3776,dominica.swift@Rice-Reinger.com,Rice-Reinger
Jonie Murazik V,317-664-4740,aubrey.schowalter@Haag-Kirlin.com,Haag-Kirlin
Rene Watsica,1-115-450-2035,mayola.haag@Rogahn-Homenick.com,Rogahn-Homenick
Mr. Taren Nolan,(602) 969-5434,sage.keebler@Bode_Group.com,Bode Group
Dorian Sipes,1-375-159-8844,reinaldo.waelchi@Hodkiewicz_Group.com,Hodkiewicz Group
Ms. Tony Beer,012.467.9964,thu.kuphal@Ortiz.com,Ortiz
Mr. Dylan Ward,794-846-4231,luigi.lowe@Gaylord_Group.com,Gaylord Group
Miss Arthur Lemke,1-063-586-9809,yolando.spencer@Volkman_and_Sons.com,Volkman and Sons
Emily Kunze,520.051.7431,emmaline.predovic@Harber.com,Harber
Ola McKenzie,639-454-5412,catharine.hodkiewicz@Swaniawski_Inc.com,Swaniawski Inc
Shirleen Streich,748.513.3729,jerry.mccullough@Auer_Inc.com,Auer Inc
Stephanie Casper,230.900.8345,moses.kohler@Spinka.com,Spinka
Tanner Schuster,1-372-385-9744,sadye.schinner@Green-McGlynn.com,Green-McGlynn
Dr. Toney McGlynn,1-051-667-4006,numbers.ledner@Steuber.com,Steuber
Reuben Terry,(161) 048-0069,alan.gottlieb@Kuvalis_Group.com,Kuvalis Group
Devon Weber,229.055.4148,warren.balistreri@Stiedemann_Inc.com,Stiedemann Inc
Laurette Wiza,273-628-3834,fermin.beier@Walsh.com,Walsh
Ula Pfeffer,(030) 460-1641,yuko.hudson@Jacobs.com,Jacobs
Dot Hackett,264.345.4689,hortense.corkery@Klein_Group.com,Klein Group
Mrs. Kennith Hackett,173.431.1818,macie.stehr@Sauer-Carroll.com,Sauer-Carroll
Dale Wolff,1-287-093-5649,genna.hayes@Koss.com,Koss
Bruno Rippin,(793) 864-0555,mckinley.hayes@Hegmann-Boyle.com,Hegmann-Boyle
Miss Tim Littel,(361) 973-9459,rory.kuhlman@Homenick-Tillman.com,Homenick-Tillman
Maisie Labadie,(744) 080-4950,kylie.luettgen@Tromp_Inc.com,Tromp Inc
Stan Klein IV,102.224.3231,miquel.herzog@Braun.com,Braun
Clifford Oberbrunner,1-865-950-8673,mickie.hahn@Kilback_Inc.com,Kilback Inc
Deloise Bauch,824-699-4400,emmitt.marquardt@Rowe.com,Rowe
Lawrence Cummerata,(319) 255-8482,junior.muller@Olson-Rempel.com,Olson-Rempel
Bruna Abernathy,510.406.1518,hugo.denesik@Cole_Group.com,Cole Group
Wes Aufderhar MD,(182) 822-2639,chana.ullrich@Lowe-Ankunding.com,Lowe-Ankunding
Lorenzo Greenholt,1-027-955-7828,jarrod.beahan@Sauer_and_Sons.com,Sauer and Sons
Jeremy Langworth,070-841-8062,dinorah.oconnell@Raynor-Halvorson.com,Raynor-Halvorson
Shelby Schultz,(902) 311-3325,aliza.metz@Cummings-Zboncak.com,Cummings-Zboncak
Sharilyn Windler,645.506.1308,stephan.orn@Hudson-Bayer.com,Hudson-Bayer
Diego Parker,1-582-870-7509,lawrence.jast@Lehner_Inc.com,Lehner Inc
Rolando O'Connell,(636) 734-0676,elene.jacobs@Herzog_Inc.com,Herzog Inc
Terresa Tromp,689.956.1320,nana.hill@Kassulke-Sauer.com,Kassulke-Sauer
Mai Paucek,1-807-453-7325,michale.hahn@Feest_LLC.com,Feest LLC
Alexis Upton Jr.,(699) 110-9254,yael.sawayn@Johnston.com,Johnston
Cassey Crist I,151-064-0442,rosetta.olson@Fahey_Inc.com,Fahey Inc
Rigoberto Heidenreich,418.259.9167,clarence.tillman@MacGyver.com,MacGyver
Alexander Kozey,241-776-9063,ruthe.corkery@Roob.com,Roob
Claud Balistreri,1-414-517-4955,edwardo.ratke@Funk-Bailey.com,Funk-Bailey
Inocencia Schuster,1-413-795-1758,lindsay.reichert@Medhurst-Wolf.com,Medhurst-Wolf
Leigh Monahan,418-424-7681,pamella.wyman@Romaguera_Group.com,Romaguera Group
Ms. Morgan Fisher,495-093-3564,duane.lehner@Jones-Sanford.com,Jones-Sanford
Jeneva Emmerich,229-819-8175,eli.zboncak@O'Reilly.com,O'Reilly
Dr. Leonarda Hamill,1-770-446-2792,opal.strosin@Emard.com,Emard
Roberto Yundt MD,1-111-343-8081,alberto.hayes@Sporer-Walsh.com,Sporer-Walsh
Napoleon O'Conner,767.909.3884,mac.prohaska@DuBuque.com,DuBuque
Yi Bartell,1-983-065-0362,paola.hettinger@Kshlerin.com,Kshlerin
Estell Herman,717-332-6845,shelba.ziemann@Ritchie-Stokes.com,Ritchie-Stokes
Harland Goodwin,1-855-568-2468,joseph.bechtelar@Luettgen_and_Sons.com,Luettgen and Sons
Brenton Bosco,217-949-7764,india.mraz@Hessel_and_Sons.com,Hessel and Sons
Sherika Satterfield IV,090.960.0774,sammy.sipes@Farrell_Group.com,Farrell Group
Lester Johns III,1-600-720-8867,lissa.weissnat@Wolf.com,Wolf
Johnetta Rath,715-428-3460,consuela.douglas@Turner.com,Turner
Marvis Mohr,465-326-3004,mariano.carroll@Rempel_Inc.com,Rempel Inc
Gladys Thompson,1-874-791-6263,corey.hamill@Lynch_LLC.com,Lynch LLC
Sharika Sipes V,693.913.5167,nina.hammes@King-Blick.com,King-Blick
Aron Simonis Sr.,(326) 002-7418,ernest.schimmel@Grant-Weber.com,Grant-Weber
Aaron Quitzon MD,(219) 455-0514,samual.sipes@Fadel_LLC.com,Fadel LLC
Lucie Larson,754.484.1839,halina.raynor@Jakubowski_Group.com,Jakubowski Group
Annabelle Schoen,(566) 028-2420,aurelio.kuhlman@Trantow-Lesch.com,Trantow-Lesch
Luke Schulist,1-627-459-7635,modesto.sawayn@Robel_Inc.com,Robel Inc
Kala Boehm,(882) 036-9910,rosendo.schiller@Cassin_LLC.com,Cassin LLC
Ramiro Spencer,107-407-0196,anderson.kilback@Conn-Homenick.com,Conn-Homenick
Benny Hoppe,(268) 415-5844,valentine.mcglynn@Mante_Group.com,Mante Group
Elvin Jacobs,720.747.3885,dorothea.witting@Bogisich_Group.com,Bogisich Group
Hosea Grant Jr.,347.815.8835,johnie.goyette@Kozey-Mills.com,Kozey-Mills
Kermit Marquardt Sr.,917-893-5669,joseph.heaney@McKenzie-Cruickshank.com,McKenzie-Cruickshank
Rosana Boehm II,(254) 667-5588,clotilde.vonrueden@Kulas-Dooley.com,Kulas-Dooley
Morton Bednar,501-994-6359,roosevelt.maggio@Wisozk-Kiehn.com,Wisozk-Kiehn
Miss Evelina Gutkowski,789-423-5044,ricardo.dare@Pacocha_Group.com,Pacocha Group
Colin Hodkiewicz,199-910-2389,mica.orn@Hayes-Reichel.com,Hayes-Reichel
Tory DuBuque,968-759-7645,thanh.howell@Green_LLC.com,Green LLC
Pauline Muller Sr.,316.813.1009,ron.kuhic@Predovic_Group.com,Predovic Group
Quincy McDermott,760.869.2372,nigel.johnson@Ratke-Weimann.com,Ratke-Weimann
Clemencia Oberbrunner DVM,1-870-069-6857,clarence.hills@Abbott-Schmidt.com,Abbott-Schmidt
Mr. Glady Gislason,1-087-087-4434,wesley.ward@Dare.com,Dare
Robert Botsford,379.725.1181,bradley.feest@Hyatt-Tillman.com,Hyatt-Tillman
Lidia Gulgowski Jr.,068-402-9997,brooks.rohan@O'Keefe-Cassin.com,O'Keefe-Cassin
Julio Cormier,350.085.8061,selene.dare@Balistreri_and_Sons.com,Balistreri and Sons
Ayesha Hermann,460-037-3355,mercedez.ortiz@Anderson.com,Anderson
Oren DuBuque,(450) 296-8140,gaston.lowe@Smith-Marquardt.com,Smith-Marquardt
Carrol Boehm,736-492-8915,andre.gerhold@Schroeder-Reynolds.com,Schroeder-Reynolds
Grover Schuppe V,516-106-8321,aleida.schamberger@Hickle-O'Keefe.com,Hickle-O'Keefe
Dr. Raeann Sauer,724.797.1239,velia.runolfsson@Satterfield_and_Sons.com,Satterfield and Sons
Miss Carola Kunde,1-526-442-2945,mildred.lemke@Hirthe.com,Hirthe
Kirk Aufderhar,(020) 982-8763,foster.littel@Herzog_Inc.com,Herzog Inc
Elina Botsford,017.522.0583,michal.wilderman@Dietrich.com,Dietrich
Miss Alonzo Jones,1-192-446-4444,melita.miller@Nolan-Runolfsson.com,Nolan-Runolfsson
Frankie Trantow,299-422-9727,robbie.kshlerin@Daugherty_Group.com,Daugherty Group
Adam O'Connell,241-911-3104,branden.terry@Funk_Group.com,Funk Group
Mr. Ruth Goyette,(936) 721-7972,sherrie.hane@Ernser.com,Ernser
Dr. Zaida Gleichner,426-088-3003,derrick.pacocha@Lang_LLC.com,Lang LLC
Mr. Kathrine Conroy,319-757-5612,marcel.ortiz@Mills-Steuber.com,Mills-Steuber
Rick Koelpin,927-882-2515,herma.bergnaum@Effertz-Reilly.com,Effertz-Reilly
Mr. Desmond Koepp,089-868-5605,stephen.terry@Mraz.com,Mraz
Lina Zieme,588-453-3379,gaylene.grant@Wehner.com,Wehner
Garry Goldner IV,935-715-6313,nellie.casper@Stroman-Walsh.com,Stroman-Walsh
Granville Kilback,331.431.5434,joesph.stroman@Jones-Lesch.com,Jones-Lesch
Prince Johnston,1-280-181-2114,miss.will@Daniel_LLC.com,Daniel LLC
Antonina Schmeler IV,(636) 241-0188,leigh.lang@Altenwerth_Inc.com,Altenwerth Inc
Clemente Parker,726.133.3960,percy.kuhn@Donnelly-Bartoletti.com,Donnelly-Bartoletti
Mrs. Matt Lockman,553-365-2007,ilda.reilly@Gibson_and_Sons.com,Gibson and Sons
Gilberto Kutch,947-002-9341,jc.schuster@Boyle_Inc.com,Boyle Inc
Zada Will,(306) 009-5804,sima.wuckert@Gorczany.com,Gorczany
Nicola Wiegand DVM,1-335-812-1980,sanora.huels@Bergnaum_Inc.com,Bergnaum Inc
Omer Pagac,625-048-3867,lia.ankunding@Nicolas_LLC.com,Nicolas LLC
Luciana Walter,387-393-3395,audrea.auer@Veum_Group.com,Veum Group
Erich Weissnat,(905) 661-4051,luvenia.rau@Schuster-Kilback.com,Schuster-Kilback
Waylon Crist,395.131.4505,paul.dibbert@Zieme-Rath.com,Zieme-Rath
Ms. Lillian Renner,708.521.9343,willis.bins@Little_and_Sons.com,Little and Sons
Emil Orn,503.394.4885,halina.feest@Konopelski.com,Konopelski
Cherri Waelchi,699-074-4732,hector.harvey@Bergnaum_and_Sons.com,Bergnaum and Sons
Gabriel Fritsch DDS,294.976.5636,burl.dicki@Schinner.com,Schinner
Drew Brakus,915-286-3200,vincent.emmerich@Spencer-Marks.com,Spencer-Marks
Benito Schulist,(739) 252-6802,librada.wolff@Cormier-Jacobi.com,Cormier-Jacobi
Tameka Luettgen DVM,(343) 861-0816,cassey.reynolds@Brekke.com,Brekke
Saran Schmitt,961.370.8276,oren.auer@Walker_Group.com,Walker Group
Jackie Torp,1-387-381-1022,branden.klein@Lind.com,Lind
Ping Goyette,008.223.7077,jinny.weimann@Wiegand_Group.com,Wiegand Group
Shad Koss,245-563-1594,chad.klocko@Langworth-Schneider.com,Langworth-Schneider
Dennis Hahn,(392) 105-0835,jeromy.leuschke@Howell-Gerlach.com,Howell-Gerlach
Mr. Lazaro Morar,581.113.0965,ivory.hammes@Kunze.com,Kunze
Marla Borer,(294) 532-3590,houston.kunze@Conn_Inc.com,Conn Inc
Jae Durgan,(754) 365-8346,nikia.murphy@Padberg-Gleason.com,Padberg-Gleason
Vida Littel PhD,540.854.3725,angel.mckenzie@Kshlerin.com,Kshlerin
Nancey Crist DVM,654.798.5907,george.ondricka@McLaughlin-Morar.com,McLaughlin-Morar
Gwyn Cole II,(826) 506-4049,mathilda.shields@Yundt_and_Sons.com,Yundt and Sons
Aurelio Goldner,177.092.8984,cathi.schuppe@McDermott.com,McDermott
Corina McLaughlin,(546) 386-5454,octavio.witting@Hickle_LLC.com,Hickle LLC
Margarett Tromp,799.742.0229,billye.macgyver@Dooley.com,Dooley
Donn Swaniawski,310.770.1880,margo.metz@Tromp_LLC.com,Tromp LLC
Willena DuBuque,663.685.3810,riley.stark@Wolf.com,Wolf
Jarrod Sporer MD,972.141.6332,von.feest@Hyatt_LLC.com,Hyatt LLC
Lynwood Pfannerstill,(380) 560-2662,king.williamson@Swaniawski-Schimmel.com,Swaniawski-Schimmel
Raymond Balistreri,(126) 025-9629,tracy.kulas@Rodriguez.com,Rodriguez
Booker Erdman,893.054.0498,jewel.stroman@Herman_LLC.com,Herman LLC
Dr. Alberto Stamm,226.618.4426,neal.kreiger@Ratke-Kuhic.com,Ratke-Kuhic
Mr. Arielle Moen,(062) 331-3555,elidia.gibson@Harvey_and_Sons.com,Harvey and Sons
Alec Price,509-346-6985,solomon.ohara@Gaylord_Inc.com,Gaylord Inc
Mrs. Lawana Hamill,(867) 011-6107,gavin.effertz@Romaguera_Inc.com,Romaguera Inc
Walton Romaguera,225.540.6503,lizabeth.koss@Ferry.com,Ferry
Bethanie Green,1-273-725-8972,gloria.sawayn@Harber-Boehm.com,Harber-Boehm
Janee Predovic DVM,767-750-4522,lester.willms@Bradtke-Kunde.com,Bradtke-Kunde
Katelin Schaden,102-964-4320,roman.tromp@Armstrong-Goodwin.com,Armstrong-Goodwin
Mrs. Gavin Morissette,1-932-211-1696,shaun.abbott@Kshlerin-Johnson.com,Kshlerin-Johnson
Theola Senger PhD,1-890-082-0170,janell.leannon@Emard.com,Emard
Reba White,(249) 752-4460,marlon.kreiger@Bahringer.com,Bahringer
Ricardo Reichert,1-296-888-8009,lorilee.sipes@Beatty_LLC.com,Beatty LLC
Keisha Osinski,1-042-257-9831,robbin.dickens@Kunze-Bosco.com,Kunze-Bosco
Raleigh Kuhic,512.122.5089,emory.gaylord@Shanahan_LLC.com,Shanahan LLC
Jonathan Stoltenberg,(979) 039-5717,corrie.collier@Cronin-Durgan.com,Cronin-Durgan
Arlie Boehm,(495) 137-5521,deon.lockman@Medhurst-VonRueden.com,Medhurst-VonRueden
Len Roberts,1-004-596-7902,tommie.dickens@White-Larkin.com,White-Larkin
Damian Brakus,(858) 823-3319,dionne.bosco@Nicolas_Group.com,Nicolas Group
Altha Dietrich,1-349-220-2783,benny.renner@Johns-Ward.com,Johns-Ward
Mr. Pedro Macejkovic,(739) 397-6550,kaycee.strosin@Fadel-Kuhlman.com,Fadel-Kuhlman
Alayna Blanda,(306) 108-1035,mervin.bernhard@Breitenberg_Group.com,Breitenberg Group
Sonny Smith,291.653.9890,olene.gibson@Ratke-Carroll.com,Ratke-Carroll
Darwin Erdman,(076) 219-9234,shelby.hill@Bednar.com,Bednar
Mrs. Natacha Gutkowski,(128) 803-2924,tawanna.armstrong@Hudson.com,Hudson
Tyron Macejkovic,1-605-390-0145,derick.cormier@Greenholt.com,Greenholt
Sara Parker,(053) 735-8187,al.christiansen@Mayert_Inc.com,Mayert Inc
Armando Schowalter,475.484.9580,breann.kuhn@Klocko_LLC.com,Klocko LLC
Nu Beahan II,303-601-9793,mazie.romaguera@Yost_and_Sons.com,Yost and Sons
Quinn Hirthe,519-892-0516,tammie.orn@White.com,White
Libbie Hintz,052-618-7566,liliana.price@Hartmann_LLC.com,Hartmann LLC
Louis Dietrich,256.889.0494,ricardo.herman@Hane_and_Sons.com,Hane and Sons
Will Dach,496.326.7830,marcus.bosco@Howe-White.com,Howe-White
Fausto Torp III,303.121.7923,greg.stroman@Turcotte_Inc.com,Turcotte Inc
Steven Mills,1-190-262-0624,gerard.mosciski@Haley_LLC.com,Haley LLC
Moses Schaden,204-617-2019,dana.considine@Runolfsdottir-Bogisich.com,Runolfsdottir-Bogisich
Luther Larkin,(556) 200-0934,wayne.bailey@Botsford.com,Botsford
Elna Gorczany,(244) 092-4505,moriah.oberbrunner@Walsh-Stokes.com,Walsh-Stokes
Young Nader,963-321-9831,jake.bergnaum@Koss-Crist.com,Koss-Crist
Israel Hagenes DVM,(724) 780-5086,marci.braun@Tremblay.com,Tremblay
Gail Fay,1-454-519-2155,cyril.blanda@Mayert-Borer.com,Mayert-Borer
Mr. Lorretta Lind,053.449.3871,ambrose.paucek@Carroll-Bartoletti.com,Carroll-Bartoletti
Shyla Murazik,733.178.4494,barney.brekke@Abshire.com,Abshire
Rachell Veum,1-033-371-4192,gene.davis@Orn.com,Orn
Della Gerhold V,878-033-2589,hallie.white@Kling_LLC.com,Kling LLC
Tomika Wunsch,694.387.1037,thresa.muller@Yost_Group.com,Yost Group
Darnell Beahan DDS,297-897-5638,latosha.walter@Quitzon_and_Sons.com,Quitzon and Sons
Ms. Lucile Rath,1-562-797-9422,emmanuel.upton@Witting.com,Witting
Dane Murray,158.064.7605,angele.carter@Trantow_Inc.com,Trantow Inc
Lashell DuBuque DDS,1-097-665-9749,loyd.macejkovic@Schuppe_LLC.com,Schuppe LLC
Mr. Julio Hansen,1-137-854-0385,wan.mcclure@Considine_LLC.com,Considine LLC
Lynette Larkin,295.943.8644,carl.daniel@Casper.com,Casper
Cleora Bergnaum IV,1-935-033-1076,sheridan.nader@Robel-Keeling.com,Robel-Keeling
Mr. Junior Mayer,1-818-131-1643,luetta.padberg@Kilback_Inc.com,Kilback Inc
Palmer Dickens,(457) 312-7646,hoyt.hilpert@Brown-Hayes.com,Brown-Hayes
Andres Johns,478-923-7076,mathew.gislason@Gusikowski-Kiehn.com,Gusikowski-Kiehn
Buster Cummings,005.947.0524,lonny.nienow@Kiehn.com,Kiehn
Ella Mitchell,100.038.1596,hyon.howe@Green.com,Green
Ms. Delbert Stanton,1-617-878-5752,landon.rodriguez@Veum_LLC.com,Veum LLC
Claudio Legros,(849) 475-4849,tracey.jacobi@Smith_Group.com,Smith Group
Eda Rolfson,630.655.4476,ezra.block@Von.com,Von
Mr. Elbert Herman,232.372.5312,isidro.cruickshank@Bode.com,Bode
Reatha Howell,277-991-5048,angelica.kuphal@Flatley-Schroeder.com,Flatley-Schroeder
Jan Durgan,424-719-2417,nancey.rath@Howell_and_Sons.com,Howell and Sons
Dierdre O'Connell,085.939.7250,adaline.kassulke@Treutel-Stehr.com,Treutel-Stehr
Roosevelt Bauch,800-577-0590,mariano.heathcote@Prosacco_LLC.com,Prosacco LLC
Bob Cartwright,252.208.0059,glen.turner@Rippin_Inc.com,Rippin Inc
Micheal Schinner,880.936.8652,elden.hintz@Ratke_and_Sons.com,Ratke and Sons
Wally Watsica,194.774.9581,cliff.carter@Walker.com,Walker
Ms. Daisy Waelchi,286.246.6841,kathy.beatty@Nolan.com,Nolan
Benjamin Hilpert,563-264-1907,henry.windler@Smitham.com,Smitham
Miss Eileen Funk,306.916.5805,earleen.king@Wunsch_and_Sons.com,Wunsch and Sons
Denver Gaylord,880-174-7278,phil.streich@Pacocha_Inc.com,Pacocha Inc
Mr. Bobbi Legros,277-961-1268,leola.morissette@Toy.com,Toy
Carita Senger V,389.099.4721,steffanie.friesen@Orn.com,Orn
Arlie Kuphal,189-926-6275,marline.collier@Boyle-Waters.com,Boyle-Waters
Eleni Kessler,307-484-6070,breann.jerde@Marvin.com,Marvin
Quentin Kautzer IV,1-019-035-1621,cecil.oreilly@Larkin.com,Larkin
Tanna Purdy IV,993-177-7740,meredith.glover@Green_Inc.com,Green Inc
Holley Pfannerstill Sr.,1-912-413-9599,zachary.weissnat@Volkman-Schamberger.com,Volkman-Schamberger
Gail Haley MD,1-137-398-3985,jarrett.larkin@Hills-Prohaska.com,Hills-Prohaska
Mr. Cristi Kulas,1-899-990-4424,elene.prohaska@Russel_Group.com,Russel Group
Guillermo Fisher,(197) 400-0103,brad.farrell@Graham_LLC.com,Graham LLC
Karl McKenzie,(291) 791-9457,thad.purdy@McDermott_Group.com,McDermott Group
Mr. Latricia Gaylord,053-183-5291,deon.pfeffer@Hayes.com,Hayes
Leigha Grimes,987.027.5692,lynwood.bosco@Halvorson-Cole.com,Halvorson-Cole
Dr. Neoma Wintheiser,(339) 402-6038,marcus.bashirian@Block_and_Sons.com,Block and Sons
Ray Okuneva,(243) 610-2798,evelina.stanton@Skiles-Swift.com,Skiles-Swift
Tabatha Wyman,707.096.0300,jeannetta.paucek@Watsica_Group.com,Watsica Group
Archie Kerluke,666-003-0793,darin.hauck@Ziemann.com,Ziemann
Isiah Breitenberg,175.307.7314,bernardo.price@Bernhard.com,Bernhard
Mr. Calista Haley,724-136-5591,simon.volkman@Klocko_Inc.com,Klocko Inc
Irvin Erdman I,885-896-4721,christiane.johns@Heller.com,Heller
Ozella Erdman V,344-753-9500,britta.hirthe@Okuneva_Group.com,Okuneva Group
Bennie Crooks Jr.,(619) 096-8180,toney.abshire@Upton.com,Upton
Denise Bartell,(289) 076-3444,antonina.heidenreich@Skiles.com,Skiles
Judson Hirthe,1-719-248-3401,pablo.stamm@Gleason-Hudson.com,Gleason-Hudson
Ms. Jaime Shields,1-593-585-0668,juana.kreiger@Haag.com,Haag
Miss Mercy Beatty,1-009-183-6481,brandie.gutmann@Bogisich.com,Bogisich
Ricardo Christiansen,(995) 142-6115,corrine.volkman@Ondricka.com,Ondricka
Aleshia Cruickshank,(883) 782-7071,reanna.kirlin@Ferry_and_Sons.com,Ferry and Sons
Hassan Bartoletti,1-054-342-1815,amber.purdy@Koelpin-Blick.com,Koelpin-Blick
Gail Shanahan,1-001-042-9499,zackary.weissnat@Beahan-Gusikowski.com,Beahan-Gusikowski
Jean Schowalter,350.265.2091,gianna.balistreri@Rau-Ratke.com,Rau-Ratke
Edgar Hauck,280.245.0737,boyce.torp@Feeney.com,Feeney
Portia Bauch,844-040-1629,carlo.okon@Wolf_and_Sons.com,Wolf and Sons
Von Lynch,1-018-421-5176,ira.larkin@Gottlieb-Wyman.com,Gottlieb-Wyman
Arlinda Lindgren,(025) 791-5587,karlyn.miller@Pagac-Funk.com,Pagac-Funk
Maximina Spinka,245-713-5042,angelo.aufderhar@Greenholt_and_Sons.com,Greenholt and Sons
Mr. Sergio Jacobi,070-224-1406,wade.gerlach@Ondricka.com,Ondricka
Santos Murphy,896.978.0751,taylor.bode@Parisian.com,Parisian
Yen Adams,761-382-5560,samella.koch@Stoltenberg.com,Stoltenberg
Refugia Monahan,147.001.6673,marcos.medhurst@Nitzsche_Inc.com,Nitzsche Inc
Lisbeth Walker,(376) 863-2312,nicol.strosin@Pagac_and_Sons.com,Pagac and Sons
Maurine Larkin,311.707.0218,sol.oconnell@Rosenbaum-Hand.com,Rosenbaum-Hand
Kendall Huels,617-790-2700,lelah.kulas@Pouros.com,Pouros
Mrs. Shin Medhurst,(186) 548-4306,huong.lemke@Witting_Group.com,Witting Group
Craig Krajcik,(493) 400-0772,zachariah.bailey@West.com,West
Mr. Shanelle Gleichner,(072) 272-1875,gennie.schmitt@Stark.com,Stark
Jannette Becker,927-040-1424,mai.kirlin@O'Kon.com,O'Kon
Domenica Pfeffer,1-205-617-3920,kizzie.baumbach@Boyle-Smitham.com,Boyle-Smitham
Russell Walter,142.580.2504,danette.oconner@Roob_Inc.com,Roob Inc
Miss Nicky Daniel,290.986.1634,alexa.armstrong@Stracke_LLC.com,Stracke LLC
Inger Will,1-097-045-1681,aron.frami@Ritchie.com,Ritchie
Marguerita Kunze,831-242-6139,gloria.wilkinson@Klein_LLC.com,Klein LLC
Lawana Sauer,1-233-926-2906,gianna.schumm@Mohr_Inc.com,Mohr Inc
Long Hoppe,959-474-7121,ariane.kessler@Schaden.com,Schaden
Joey Fahey,1-014-078-1722,sixta.tromp@Bahringer-Kertzmann.com,Bahringer-Kertzmann
Dr. Joslyn Howe,(987) 731-5074,charles.harris@Kohler.com,Kohler
Renaldo Kohler,597-232-9515,alesia.kilback@Torphy_LLC.com,Torphy LLC
Miss Clifford Kub,385-737-0211,artie.labadie@Towne.com,Towne
Elvin Cummings,(775) 728-4863,gertrude.ziemann@Bartell_and_Sons.com,Bartell and Sons
Benjamin Beier,1-093-080-0550,fairy.graham@Dicki_and_Sons.com,Dicki and Sons
Alesha Cruickshank,(711) 043-2875,jimmy.quitzon@Marks.com,Marks
Georgeann Weber,232-783-6930,darin.jakubowski@Graham-Mohr.com,Graham-Mohr
Hosea Mitchell DDS,(274) 254-3339,britni.emard@Lebsack_Group.com,Lebsack Group
Clair Bruen,523-290-2540,julietta.wiza@Rosenbaum-Gerlach.com,Rosenbaum-Gerlach
Jaime Lind II,010.024.3491,mercedes.ferry@Becker.com,Becker
Cherly Wisoky,851.249.4327,jerrie.simonis@Tromp-West.com,Tromp-West
Rodolfo Schamberger,1-062-642-7198,doreen.trantow@Botsford-Jones.com,Botsford-Jones
Pierre Sanford,616-280-9580,julio.hettinger@Toy_and_Sons.com,Toy and Sons
Brandon Collins PhD,(434) 181-8478,cris.rath@Schmidt-Krajcik.com,Schmidt-Krajcik
Mara Adams,756.318.5560,latoyia.gottlieb@Leffler-Metz.com,Leffler-Metz
Ronnie Weimann,238-915-9733,clarinda.cummerata@Lueilwitz.com,Lueilwitz
Asa Pacocha,364-709-2988,kacie.auer@Moen.com,Moen
Mac Fadel,(027) 149-1690,maybelle.osinski@Price-Willms.com,Price-Willms
Maureen Berge,1-138-969-1654,emerson.abbott@Batz.com,Batz
Mendy McClure Sr.,668-891-0384,aurelio.rempel@Willms.com,Willms
John Prosacco,006.972.0736,margrett.corwin@Quigley_LLC.com,Quigley LLC
Mirtha Bednar,1-200-096-6542,antoine.spencer@Buckridge.com,Buckridge
Filiberto Lemke,1-943-614-1623,marisela.koepp@VonRueden-Ryan.com,VonRueden-Ryan
Iva Torphy,149.690.4574,lu.prohaska@Rowe.com,Rowe
Hershel Braun,(366) 070-2871,gerardo.pagac@MacGyver.com,MacGyver
Neoma Wolf,296.111.7733,francisco.johns@Schmitt_LLC.com,Schmitt LLC
Valeria Hodkiewicz,1-623-972-7033,darrick.christiansen@Cruickshank.com,Cruickshank
Roxie Lakin,1-097-513-6609,maude.maggio@Bradtke-Medhurst.com,Bradtke-Medhurst
Owen Hackett PhD,(091) 088-7304,shantay.schmeler@Hauck_and_Sons.com,Hauck and Sons
Lucio Anderson,(980) 605-8183,kira.will@Mills_Group.com,Mills Group
Roseanne Hoppe,1-958-754-8468,dudley.stiedemann@McClure.com,McClure
Charles Rath,1-798-276-7652,calista.waters@Gusikowski.com,Gusikowski
Darrick Kemmer,1-508-459-4979,caitlyn.monahan@Von-Hoppe.com,Von-Hoppe
Ms. Noma Pacocha,121-642-2438,madeleine.white@Koelpin_Group.com,Koelpin Group
Miss Robt Cartwright,343.583.9394,jordan.pouros@Rodriguez-Rohan.com,Rodriguez-Rohan
Felicia Gerlach II,033.339.9251,doug.white@Schroeder.com,Schroeder
Dr. Paul Langworth,337.236.9371,harlan.herzog@Schaefer-Thompson.com,Schaefer-Thompson
Andrew Brekke I,283.233.0138,marc.hackett@Davis.com,Davis
Lyle Davis,681-335-4921,rebbecca.harvey@Lakin.com,Lakin
Merri Botsford,(252) 261-0671,zachariah.marks@Hintz.com,Hintz
Awilda Carroll,472.252.8391,katie.hackett@Treutel.com,Treutel
Meridith Rolfson,(812) 762-6578,burt.shields@Bayer-Skiles.com,Bayer-Skiles
Cathey Corkery DVM,1-801-729-0442,dorthea.jenkins@Kovacek.com,Kovacek
Carson Upton,848.196.7158,elisha.rohan@Hane-Auer.com,Hane-Auer
Refugio Lemke,369-923-1627,reinaldo.kris@Renner_Group.com,Renner Group
Wilfredo Schneider,1-643-897-2576,gayla.okuneva@Dickinson-Gorczany.com,Dickinson-Gorczany
Perry Herman,031-614-8501,dorotha.gulgowski@Herman_Group.com,Herman Group
Miss Lonna Hintz,030-123-6340,patrick.hamill@Sporer_Inc.com,Sporer Inc
Dr. Zola Bogan,880-471-2801,flora.walsh@Ondricka_Inc.com,Ondricka Inc
Miss Tawanda Robel,427.472.3498,reggie.thiel@Jacobi_Inc.com,Jacobi Inc
Jovan Waters,(716) 415-4988,delisa.hammes@Rippin_LLC.com,Rippin LLC
Ms. Grover Balistreri,(329) 104-9578,ok.blick@Welch.com,Welch
Margareta Senger IV,(988) 507-0449,kelley.rau@Watsica.com,Watsica
Mr. Jamal Altenwerth,1-604-380-5037,garfield.barrows@Rau-Herman.com,Rau-Herman
Alberto Nikolaus,854-737-9230,thelma.rutherford@Kohler-Halvorson.com,Kohler-Halvorson
Everette Marquardt,(321) 623-3568,ivonne.goldner@Kub.com,Kub
Dr. Christina Kassulke,1-178-261-5448,cortez.bartoletti@Reynolds-Friesen.com,Reynolds-Friesen
Rayford Bergnaum,1-114-842-0890,elvis.gaylord@Feil_Inc.com,Feil Inc
Faustino Gerlach,1-457-502-3967,hans.flatley@Kovacek_LLC.com,Kovacek LLC
Rene Grady,1-515-727-9233,shella.bashirian@Brown.com,Brown
Lorie Hansen,1-490-619-2694,janna.koelpin@Fay_Inc.com,Fay Inc
William Grimes,009-644-3655,hershel.rippin@Jacobson.com,Jacobson
Davis Lubowitz,856-082-4480,christian.medhurst@Brown-Heaney.com,Brown-Heaney
Ivan Mills V,099-311-7527,aubrey.dicki@Larson.com,Larson
Tracey Pouros,256-081-6787,jodee.schneider@Skiles-Stark.com,Skiles-Stark
Carly Raynor,1-814-958-2798,cyrus.ernser@Grady-Stoltenberg.com,Grady-Stoltenberg
Alvaro Dickinson,1-368-020-3321,paulette.goyette@Schmitt.com,Schmitt
Ms. Laverna Grady,760-828-1897,mckenzie.bailey@Hayes-O'Conner.com,Hayes-O'Conner
Nick Upton,041-115-4688,mickey.mann@Powlowski-Walsh.com,Powlowski-Walsh
Mr. Zachery McCullough,(917) 128-3127,felton.jacobi@Block_Inc.com,Block Inc
Moira Bode,(970) 013-2374,tyree.ward@Gusikowski.com,Gusikowski
Avril O'Keefe,660-064-4391,rosalie.purdy@Macejkovic-Ryan.com,Macejkovic-Ryan
Stephen Kuhn,1-717-097-4512,chester.toy@Witting.com,Witting
Mr. Elliott Simonis,1-623-390-1663,andrea.dickinson@Keeling_and_Sons.com,Keeling and Sons
Elliott Stroman,479-496-1556,lenard.prohaska@Murray-Welch.com,Murray-Welch
Janee Dare PhD,549.097.4059,lesley.hermann@Goyette_Group.com,Goyette Group
Mrs. Ismael Okuneva,292-790-1708,alan.hirthe@Johns.com,Johns
Jonah Kunze Sr.,172.154.6922,melodie.thompson@Boyer-Christiansen.com,Boyer-Christiansen
Karolyn Walsh,357.339.5116,chantell.sauer@Kuhlman.com,Kuhlman
Vaughn Mraz,427-254-7343,stacia.rippin@Hickle_Inc.com,Hickle Inc
Clifford Fisher,873.940.4120,renea.ziemann@Brakus_and_Sons.com,Brakus and Sons
Gerald Yundt,1-937-764-1601,iva.okon@McKenzie-Kihn.com,McKenzie-Kihn
Alfredo Ritchie,(125) 970-5103,irwin.satterfield@Stoltenberg.com,Stoltenberg
Mrs. Wyatt Wiegand,567.226.9461,dotty.willms@Kuphal-Nitzsche.com,Kuphal-Nitzsche
Noah Gutkowski,1-432-866-1219,bobbi.stoltenberg@Schmitt-Weissnat.com,Schmitt-Weissnat
Lilliana Will,(805) 674-8640,tamica.carroll@Swaniawski_Inc.com,Swaniawski Inc
Heidy O'Conner Jr.,943.609.1960,leigh.mueller@Ernser-Thiel.com,Ernser-Thiel
Boyd Fahey,1-408-680-0119,felicidad.breitenberg@Zboncak-Erdman.com,Zboncak-Erdman
Zane Miller,597.490.8601,merrill.reilly@Christiansen_LLC.com,Christiansen LLC
Raymond Franecki,139.782.1634,perry.thompson@Crona.com,Crona
Rico Farrell,1-270-041-4744,jake.treutel@Nitzsche_LLC.com,Nitzsche LLC
Burton O'Hara,1-114-525-4387,guillermo.hettinger@Howell.com,Howell
Shenita Fritsch,724-117-7937,deangelo.lind@Lind_and_Sons.com,Lind and Sons
Elizebeth Carter,(755) 257-4177,thomasine.mills@Brown_Inc.com,Brown Inc
Sandie Kunde,499.875.2321,ria.upton@Koss.com,Koss
Hsiu Grant PhD,(659) 905-8445,dominic.harvey@Stroman.com,Stroman
Tony Gutmann,105.225.0460,sidney.kreiger@Prosacco.com,Prosacco
Lorri Von,1-230-426-3843,alina.bechtelar@Erdman.com,Erdman
Leonia Murphy,432-244-9211,lester.marvin@Moen.com,Moen
Anthony Ziemann,809-315-0811,hassan.marvin@Hermann_Group.com,Hermann Group
Joey Conn III,388-126-3656,rachell.rodriguez@Anderson_LLC.com,Anderson LLC
Miss Ivelisse Jerde,(894) 761-4849,christian.dickinson@Lockman_and_Sons.com,Lockman and Sons
Osvaldo Murray PhD,1-014-110-2353,ted.daugherty@Okuneva.com,Okuneva
Cory Sanford IV,656-988-9766,hank.okuneva@Torp-Medhurst.com,Torp-Medhurst
Cordell Gerhold,033.486.3087,ena.wilderman@Ernser.com,Ernser
Louis Nolan,635-527-4642,humberto.wisozk@Volkman_LLC.com,Volkman LLC
Delphia Lehner Sr.,099-525-4080,jacob.olson@Donnelly_LLC.com,Donnelly LLC
Dr. Lajuana Brown,625-937-1085,louis.russel@Lang.com,Lang
Dr. Reagan Herzog,(276) 984-6411,edward.hammes@Abshire_Inc.com,Abshire Inc
Jackie McCullough,(077) 827-0214,malik.gutmann@DuBuque_and_Sons.com,DuBuque and Sons
Joesph Hagenes,1-691-554-6410,jonah.boyle@Koelpin_Group.com,Koelpin Group
Nettie Olson MD,(403) 088-0460,zachery.macgyver@Jast_Group.com,Jast Group
Selina Kassulke,032-963-9255,steve.stracke@Thompson.com,Thompson
Miss Kum Hodkiewicz,1-619-765-4997,larisa.pfannerstill@Witting_Inc.com,Witting Inc
Rueben Metz,(080) 130-6319,bebe.reichert@Rippin_and_Sons.com,Rippin and Sons
Siu Lueilwitz,741-435-9642,natashia.lang@Heathcote-Willms.com,Heathcote-Willms
Chana Toy,1-461-930-6476,irwin.schmeler@Morissette_LLC.com,Morissette LLC
Vern Pfeffer,086.521.5290,janise.schmidt@Windler.com,Windler
Derrick Kozey,772.796.1970,johnie.kunze@Bauch.com,Bauch
Melissia Kunze III,1-339-079-9501,noemi.hodkiewicz@Balistreri.com,Balistreri
Ms. Almeta Zboncak,(967) 279-6806,sanford.mante@Marks-Rice.com,Marks-Rice
Chantell Jenkins,760-088-8327,bella.ledner@O'Reilly_Inc.com,O'Reilly Inc
Mrs. Zackary Stark,239.156.0829,vicente.baumbach@Walsh_and_Sons.com,Walsh and Sons
Richard Howe,(528) 217-4798,tad.wehner@Daniel.com,Daniel
Johnna Schroeder,(510) 303-0572,thea.okuneva@Botsford.com,Botsford
Miss Bradly Hermiston,678.202.0566,antoine.kuphal@Stehr-McLaughlin.com,Stehr-McLaughlin
Jaime Fadel,340-773-9615,adolfo.stark@Jast.com,Jast
Chrystal Witting,(420) 471-5436,albertina.torphy@Conroy_LLC.com,Conroy LLC
Mr. Walter Boyer,1-578-072-3698,cassidy.dooley@Witting_LLC.com,Witting LLC
Mrs. Torie Johns,766.637.7414,sherika.witting@McClure.com,McClure
Audrey Murphy,1-117-594-4265,jestine.mann@Metz_Group.com,Metz Group
Doria Rippin,251.541.9573,deb.kovacek@Pacocha-Hand.com,Pacocha-Hand
Judy Farrell,(989) 456-1598,richard.fadel@Gulgowski_and_Sons.com,Gulgowski and Sons
Richelle O'Keefe,916-925-4558,madonna.prosacco@Will_Group.com,Will Group
Akiko Block,498.859.4704,esta.sanford@Nicolas.com,Nicolas
Rashad Stroman,1-878-920-4350,hershel.spinka@Skiles_Group.com,Skiles Group
Hayden Kertzmann,(492) 991-8089,max.rohan@Dare.com,Dare
Mrs. Winona Gulgowski,1-082-458-5620,elsy.heathcote@Schmidt_LLC.com,Schmidt LLC
Cherlyn Watsica,1-976-326-7886,vicki.gaylord@Bauch_Group.com,Bauch Group
Mrs. Tracy Rice,(576) 433-1839,winston.weissnat@Cremin_LLC.com,Cremin LLC
Lesley Pfeffer,(314) 351-4045,eldridge.hamill@Larson.com,Larson
Lang Marks Jr.,235-008-0929,tarah.hirthe@Boyle-Abernathy.com,Boyle-Abernathy
Haywood Sawayn II,(823) 777-5204,philip.west@Luettgen-Mohr.com,Luettgen-Mohr
Raisa Lebsack II,(684) 067-5037,holli.crona@Green_Inc.com,Green Inc
Ethelene Botsford,1-310-282-8191,margo.zulauf@Crist.com,Crist
Jim Douglas,609-195-3394,tamisha.littel@Prohaska.com,Prohaska
Clair Gislason,440-549-3054,phillis.balistreri@Spinka-Kris.com,Spinka-Kris
Karl Strosin,974.282.9065,lewis.collins@Brown_Group.com,Brown Group
Queenie Kozey,(784) 826-6517,janeth.weimann@Von.com,Von
Raelene Gusikowski,330-712-3699,lynwood.schowalter@Wolf.com,Wolf
Chana Ebert,602-610-2654,lavonna.kessler@O'Reilly-Conroy.com,O'Reilly-Conroy
Mr. Micheal Hodkiewicz,1-630-141-5980,sandy.torp@Rohan_Group.com,Rohan Group
Colton Kuhic II,003-472-8221,stacey.konopelski@Cormier-White.com,Cormier-White
Darell Reinger,832.939.9567,leslee.kunde@Johns.com,Johns
Millicent Schmidt MD,382.813.1987,maurita.murphy@Kunze_Inc.com,Kunze Inc
Crista Rempel,1-661-583-2127,lionel.blick@Bosco-Morar.com,Bosco-Morar
Valentina Rice,572.304.9993,malcolm.fay@Schaden.com,Schaden
Calista Schamberger V,431.827.6629,anastasia.goodwin@Bergstrom-Ebert.com,Bergstrom-Ebert
Mrs. Martin Rempel,960.352.5334,nannie.cronin@Collins-Leuschke.com,Collins-Leuschke
Isiah Balistreri,545.807.1828,austin.torphy@Heller-Murray.com,Heller-Murray
Jonathan Legros,(802) 794-2631,luke.treutel@Schamberger-Pfannerstill.com,Schamberger-Pfannerstill
Sherlyn Cassin,(626) 549-7126,zoila.raynor@Terry_LLC.com,Terry LLC
Marc Stehr,329.561.0767,louis.wyman@Marquardt-Beahan.com,Marquardt-Beahan
Brock Morissette,811.164.3859,danette.carter@Boehm.com,Boehm
Liliana Kling,1-128-041-9117,vincent.king@Witting.com,Witting
Nigel Larson,1-819-528-7864,kermit.kub@Kunze_and_Sons.com,Kunze and Sons
Loyd Schaefer PhD,757-268-9399,wm.hermiston@Emard_Inc.com,Emard Inc
Bethany Barton,(929) 896-1615,karyn.langosh@Brekke_Inc.com,Brekke Inc
Lise Kuhic DVM,651.204.8985,ahmad.heidenreich@Boyer.com,Boyer
Sandra Kertzmann II,1-846-850-3027,connie.crona@Sipes_and_Sons.com,Sipes and Sons
Seymour Bayer,137.001.8863,alia.emard@Sawayn-Macejkovic.com,Sawayn-Macejkovic
Dr. Charles Kris,691.216.9505,judson.ziemann@Quigley.com,Quigley
Jonas Barrows,(120) 214-3313,zonia.friesen@Dooley_and_Sons.com,Dooley and Sons
Luciana Tillman,304-296-8374,tod.gleichner@Parker.com,Parker
Tomas Bauch,317-339-8971,johnie.parisian@Roob_LLC.com,Roob LLC
Dominica Gutkowski,(197) 665-5853,kirby.ferry@Kemmer.com,Kemmer
Orval Mann,1-053-992-4377,dominica.thiel@Lemke.com,Lemke
Kaycee Reinger,350.135.8839,gregory.sanford@Hauck-Veum.com,Hauck-Veum
Brendon Huels,(076) 842-6629,elvie.monahan@Brown_Group.com,Brown Group
Emory Mosciski DVM,1-733-439-8080,virgie.lemke@Beahan.com,Beahan
Jed Yundt,511.284.2977,marion.runolfsdottir@Feil.com,Feil
Sheila Crist,522-507-7914,mirtha.schultz@Kemmer_LLC.com,Kemmer LLC
Cedrick Stoltenberg,(236) 976-0174,florentino.mohr@Dicki_LLC.com,Dicki LLC
Mr. Lester Gusikowski,130.005.0047,donella.stark@Veum-Pollich.com,Veum-Pollich
Marquetta Botsford,093.062.1678,modesto.hegmann@Stamm.com,Stamm
Emeline Satterfield DDS,1-245-866-4214,basil.kunde@Bins_Group.com,Bins Group
Elliot Runte,915.772.1561,tobias.hudson@Ferry_Inc.com,Ferry Inc
Myung Schamberger,(039) 004-5961,coral.kohler@Stamm.com,Stamm
Khalilah Hamill,721-697-2068,monte.mann@Lockman-Leannon.com,Lockman-Leannon
Germaine Abernathy,729-932-4705,leona.reilly@Weimann_and_Sons.com,Weimann and Sons
Mohamed Brown,402.796.3171,leanna.king@Crona-Kautzer.com,Crona-Kautzer
Suzann Goldner,583-303-3279,earle.jacobi@Lind-Dicki.com,Lind-Dicki
Debrah Parisian,1-480-299-2279,derick.swift@Cronin_Inc.com,Cronin Inc
Vivan Johnson,(889) 004-8597,ami.feest@Kuhn-O'Kon.com,Kuhn-O'Kon
Lennie Pfeffer,1-105-176-3465,maria.bechtelar@O'Keefe_Inc.com,O'Keefe Inc
Wynona Kirlin Jr.,(240) 805-7668,teodoro.kertzmann@Wolff_Inc.com,Wolff Inc
Eloisa Volkman,085-212-2262,carey.okeefe@Roob_LLC.com,Roob LLC
Rafaela Kunde,1-997-867-5238,becky.ernser@Beatty-Wilkinson.com,Beatty-Wilkinson
Dr. Christi Strosin,(354) 891-0863,kimiko.olson@Hoeger-Rempel.com,Hoeger-Rempel
Aurea Schmitt,366.302.8193,alphonso.champlin@Daugherty-Simonis.com,Daugherty-Simonis
Sung Hegmann,1-384-351-8256,berry.stark@Daniel.com,Daniel
Ms. Denny Heathcote,1-364-405-4028,golden.grady@Lynch.com,Lynch
Mr. Neville Monahan,1-416-450-1965,vernia.grimes@Hettinger_Inc.com,Hettinger Inc
Mrs. Elise Prosacco,1-765-488-2422,tonita.dickens@Bartoletti_Inc.com,Bartoletti Inc
Jillian Schaden,284-417-1491,lesa.welch@Bernier.com,Bernier
Marietta Huel,1-471-308-6704,alonso.kemmer@Kassulke-Stehr.com,Kassulke-Stehr
Bud Hartmann,777-406-2379,hildred.cruickshank@Pollich-Steuber.com,Pollich-Steuber
Lyda Bartoletti,298-098-1729,micheal.oberbrunner@Muller.com,Muller
Marisol Kling,432.612.8711,fredric.bogisich@Bartell.com,Bartell
Joel Torphy,230-244-6717,fredrick.mitchell@Leffler_Inc.com,Leffler Inc
Amado Kassulke MD,1-533-766-8680,vincent.hackett@O'Reilly_and_Sons.com,O'Reilly and Sons
Adell Swaniawski,(000) 758-9909,dwight.nader@Beahan-Lakin.com,Beahan-Lakin
Mrs. Damian Schulist,1-837-427-8418,donte.dickinson@Kreiger.com,Kreiger
Wynona Hoppe,1-289-115-3303,kent.bergnaum@Oberbrunner.com,Oberbrunner
Mi Macejkovic,(922) 444-9131,delorse.weimann@Erdman.com,Erdman
Lucas Fisher Jr.,(987) 925-5763,ayako.crist@Prosacco-Grant.com,Prosacco-Grant
Antonio Schroeder,1-976-252-7469,christian.white@Doyle.com,Doyle
Refugio Heidenreich,811-756-2280,magdalene.labadie@Haley-Skiles.com,Haley-Skiles
Patrice Kohler IV,726.025.8197,timothy.anderson@Rice.com,Rice
Miss Kylee Hahn,1-104-655-4826,therese.okuneva@Kohler_Inc.com,Kohler Inc
Byron Weber,050-834-8053,latricia.homenick@Stokes-Harvey.com,Stokes-Harvey
Barry Herzog,494.360.3007,eveline.kuvalis@Bernier-Streich.com,Bernier-Streich
Cyrus O'Conner PhD,1-948-193-5752,mitch.miller@Steuber.com,Steuber
Kaitlin Watsica,(785) 365-2814,reginia.waters@Anderson_and_Sons.com,Anderson and Sons
Dorthea Stamm,(563) 493-5971,jessie.monahan@Rodriguez-Grady.com,Rodriguez-Grady
Dr. Elias Bayer,1-668-128-2915,bruno.bashirian@Mosciski_Group.com,Mosciski Group
Javier Pollich,795-824-7503,concha.gislason@Cartwright.com,Cartwright
Cornelia Pagac,1-851-239-8523,deshawn.renner@Price.com,Price
Guadalupe Brakus,935-328-7269,bo.carroll@Konopelski.com,Konopelski
Ginny Stracke I,891.247.9605,susy.swift@Kulas-Bayer.com,Kulas-Bayer
Duncan Leffler,1-189-483-4291,hung.stanton@Okuneva-Murphy.com,Okuneva-Murphy
Sterling Yundt,829-808-2562,lahoma.koch@Pacocha_Inc.com,Pacocha Inc
Lyman Wolff,1-080-223-4541,vaughn.hintz@Parker-Konopelski.com,Parker-Konopelski
Rochell Rath,215-400-4069,edward.rohan@Murphy-Yundt.com,Murphy-Yundt
Tommie Jones,1-652-834-7245,val.feest@Beer-Schaden.com,Beer-Schaden
Leontine Oberbrunner,800.214.0212,marjorie.nienow@Sawayn.com,Sawayn
Claretta Mitchell,015-244-2737,kera.stracke@Lesch.com,Lesch
Jonathon Macejkovic,1-770-994-4005,shameka.kemmer@Gerhold.com,Gerhold
Carroll Hudson,956-845-0275,denyse.wyman@Schamberger-Will.com,Schamberger-Will
Elliott Balistreri,639-668-0537,shirley.hammes@Mraz_Group.com,Mraz Group
Chassidy Cremin,255.285.9503,marisol.keeling@Feil-Leuschke.com,Feil-Leuschke
Katerine Gislason,(436) 977-4244,sondra.beatty@Feeney-Conroy.com,Feeney-Conroy
Kandace Becker Sr.,(189) 647-8161,terica.koch@Funk_Inc.com,Funk Inc
Tuan Bergstrom,1-053-344-8547,tanner.daniel@Jakubowski_Group.com,Jakubowski Group
Alejandrina Murazik,(318) 426-2687,ja.konopelski@Berge-Fadel.com,Berge-Fadel
Brooks Rohan,(493) 660-2891,elenor.emmerich@Tromp.com,Tromp
Dr. Lester Wunsch,1-749-410-7426,euna.tromp@Adams_and_Sons.com,Adams and Sons
Angelo Reichert,(948) 619-0385,karyn.rowe@Tremblay.com,Tremblay
Rodrigo Harvey,940-308-1826,aurelio.hansen@Erdman.com,Erdman
Horace Keeling II,(928) 935-1734,jayson.bernier@Heller-Gerhold.com,Heller-Gerhold
Allyn Wilderman,(731) 905-1674,xavier.turner@Vandervort-Waelchi.com,Vandervort-Waelchi
Tracie Shanahan,915-340-9615,harley.harvey@Harris.com,Harris
Almeta Waelchi III,349-526-1232,don.frami@Prosacco_Group.com,Prosacco Group
Malissa Wilderman,146-951-6502,luciano.mueller@Abbott_LLC.com,Abbott LLC
Miss Lesley Hegmann,073.957.1115,edward.crist@Schuppe-Beer.com,Schuppe-Beer
Mrs. Cedric Towne,(357) 760-2865,zachariah.wiegand@Johnston_Inc.com,Johnston Inc
Wm Rogahn,1-897-582-1979,donald.keeling@Christiansen_Inc.com,Christiansen Inc
Joelle Gerhold,058-855-1309,sherman.roob@Moore_Inc.com,Moore Inc
Margarito Johns,835-156-9319,darnell.dickens@Harvey-Herzog.com,Harvey-Herzog
Ms. Porfirio Heathcote,339-913-2097,douglass.quitzon@Moore_Inc.com,Moore Inc
Ms. Harvey Moore,838-676-1797,tamica.bartell@Macejkovic-Lynch.com,Macejkovic-Lynch
Ms. Willard Legros,379.319.9175,alexis.rutherford@Keeling-Rutherford.com,Keeling-Rutherford
Reyes Johnson,1-891-157-5863,andreas.sawayn@Hagenes_LLC.com,Hagenes LLC
Bridgette Hermann,831-540-8002,ervin.cormier@Ward.com,Ward
Hilario Kovacek,261.417.8257,ruthanne.ritchie@Rolfson.com,Rolfson
Margurite Mertz PhD,(524) 761-6930,eddy.cruickshank@Bednar-Hintz.com,Bednar-Hintz
Nickie Simonis,373-856-2435,tyron.beer@Towne.com,Towne
Chauncey Herzog,107.469.6368,renaldo.hilpert@McCullough-Ruecker.com,McCullough-Ruecker
Miss Cyndi Hackett,116.603.9623,verlie.hackett@Volkman-Jast.com,Volkman-Jast
Erasmo Lowe,722.108.7924,zoila.rosenbaum@Fritsch-Koelpin.com,Fritsch-Koelpin
Pearlene Blick,1-007-416-4707,normand.champlin@Schimmel_Inc.com,Schimmel Inc
Ms. Ivan Runte,1-131-510-5902,dong.waelchi@Botsford-Dicki.com,Botsford-Dicki
Maricela Grant DDS,058-410-4805,christinia.konopelski@Gutkowski-Strosin.com,Gutkowski-Strosin
Glennie Bogisich PhD,065.798.5435,edgar.treutel@Runolfsdottir-Reichel.com,Runolfsdottir-Reichel
Joycelyn Hirthe,(251) 065-3708,ciara.haley@Douglas-Howe.com,Douglas-Howe
Ramiro Haag,1-620-903-6141,anton.steuber@Huel-Lueilwitz.com,Huel-Lueilwitz
Miss Domenic Swaniawski,741.626.3311,patrick.homenick@Ziemann.com,Ziemann
Gilberto Wilderman,495.725.9488,steffanie.harvey@Strosin_Group.com,Strosin Group
Donette Wyman,(449) 587-5754,maximo.nader@Bailey-Anderson.com,Bailey-Anderson
Abe Rosenbaum,(732) 603-3671,freddie.krajcik@Harber-Bartoletti.com,Harber-Bartoletti
Victor Nicolas DVM,1-783-051-5596,jennine.swaniawski@Walker.com,Walker
Karri Gaylord,119-407-5615,ellan.schinner@Jenkins-Watsica.com,Jenkins-Watsica
Audria White,(909) 078-8617,markus.konopelski@Collins.com,Collins
Shelton Jakubowski,967.723.4101,louie.walker@Homenick.com,Homenick
Antione Baumbach,1-552-816-3835,earle.wunsch@Hermiston.com,Hermiston
Lindsey Tromp,107.101.6547,daniele.halvorson@Purdy_Inc.com,Purdy Inc
Kendall Labadie,(954) 633-9688,jacelyn.macgyver@Schuppe.com,Schuppe
Miss Sandi Lang,1-056-910-7222,valentin.haley@Hansen.com,Hansen
Katharyn Raynor,(236) 946-3063,viola.hodkiewicz@Ryan_and_Sons.com,Ryan and Sons
Lenard Marks,466.976.3093,joey.waters@Wehner.com,Wehner
Emerson Greenfelder,155.258.5941,tony.miller@Shanahan.com,Shanahan
Ms. Katharina Gulgowski,(079) 941-9654,virginia.emmerich@Herman-Breitenberg.com,Herman-Breitenberg
Krystin Leffler,333-160-9993,hobert.nienow@Kunze_Group.com,Kunze Group
Deandre Denesik IV,(364) 675-2756,louis.howell@Boyer-Beatty.com,Boyer-Beatty
Cyndi Blanda,(818) 583-3338,tegan.fadel@Denesik_LLC.com,Denesik LLC
Merideth Goyette,085-316-2259,oswaldo.langworth@Durgan.com,Durgan
Frederic Homenick,618.761.0551,isiah.bernhard@Anderson-Aufderhar.com,Anderson-Aufderhar
Gretta Fahey DVM,519.732.3850,lucrecia.shields@Aufderhar_and_Sons.com,Aufderhar and Sons
Harland Gerhold,819-649-3491,theo.cartwright@Harber.com,Harber
Rosendo Wisozk PhD,908-685-4182,alfredo.klocko@Lang_Inc.com,Lang Inc
Josef Tillman,(543) 814-2143,collin.kris@Jacobson.com,Jacobson
Lucien Mraz,454.214.7787,edward.gleason@Price.com,Price
Mr. Dagny Parker,283-370-0893,mckinley.dibbert@Grady_and_Sons.com,Grady and Sons
Leo Kling,983-412-2885,luci.weber@Rempel_Group.com,Rempel Group
Burl Stroman,1-045-939-6346,andreas.kihn@Davis.com,Davis
Ms. Christal Ward,(294) 438-7784,bette.boyle@Turcotte.com,Turcotte
Mrs. Rozella Kunze,1-686-264-0147,sherise.king@Ebert-Stoltenberg.com,Ebert-Stoltenberg
Harry Purdy,220.091.0800,hsiu.wyman@Prosacco_LLC.com,Prosacco LLC
Edgardo Nikolaus,(861) 493-1895,melva.collins@Smith.com,Smith
Shella Murazik IV,119.664.1130,henriette.cummerata@Herzog_LLC.com,Herzog LLC
Michel Bartoletti,1-817-027-9817,yu.bechtelar@Ullrich_and_Sons.com,Ullrich and Sons
Jayson Dach,(600) 094-5555,clarita.dicki@Tremblay-Schoen.com,Tremblay-Schoen
Mrs. Rebbeca Walsh,535-038-7813,elliot.corkery@Gislason.com,Gislason
Ms. Molly Blick,1-191-541-9266,kerry.sanford@Collins_and_Sons.com,Collins and Sons
Karan Harber,922.700.3650,diego.vonrueden@Volkman-Kuvalis.com,Volkman-Kuvalis
Collene Okuneva,614.441.1694,ted.corkery@Cassin-Murphy.com,Cassin-Murphy
Denisse Beier,969.234.2733,lesley.harris@Smith.com,Smith
Maire McDermott,1-201-468-7910,cedric.jones@Rau_LLC.com,Rau LLC
Modesto Gislason,792-965-7561,golden.harris@Legros_Group.com,Legros Group
Cora Douglas I,(330) 099-9796,arnulfo.volkman@Reynolds-Keeling.com,Reynolds-Keeling
Kendall Moore II,(136) 493-2679,wesley.pollich@Nikolaus-Littel.com,Nikolaus-Littel
Hyman Thompson,161-368-1701,mandi.trantow@D'Amore-Haag.com,D'Amore-Haag
Dr. Shay Osinski,541.282.8965,leonie.beahan@Lynch.com,Lynch
Maurice Muller,560.450.4343,wilson.krajcik@Johnson_Group.com,Johnson Group
Vada Bradtke,226-582-0904,demetrius.gaylord@Toy-Will.com,Toy-Will
Shizuko Wiegand DVM,1-522-616-4099,carla.kirlin@Hand-Shanahan.com,Hand-Shanahan
Winston Kertzmann IV,(051) 565-9621,daryl.cruickshank@Gutmann_Group.com,Gutmann Group
Bill Hermiston,(583) 282-8994,carlos.padberg@Weissnat-Bahringer.com,Weissnat-Bahringer
Dian Ritchie,146-361-7269,monte.mertz@Ryan_and_Sons.com,Ryan and Sons
Brice Homenick V,1-024-674-3102,shirlee.bernhard@Roberts.com,Roberts
Hedy Bergnaum IV,(468) 537-1971,bill.weber@Fisher-Kohler.com,Fisher-Kohler
Stephania Gutmann,453-377-0890,griselda.mckenzie@Pouros_and_Sons.com,Pouros and Sons
Reynaldo Larkin,1-832-747-6111,patricia.senger@MacGyver_Group.com,MacGyver Group
Stefany Hagenes,1-550-752-5448,herta.schamberger@Schmitt_LLC.com,Schmitt LLC
Marcos Okuneva,332.278.5790,nathanael.bins@Brown-Kiehn.com,Brown-Kiehn
Marshall Veum,1-301-585-3499,carmine.adams@Waelchi.com,Waelchi
Jc Baumbach,1-784-301-2664,ronda.jaskolski@Streich.com,Streich
Armand Wiza Jr.,(975) 663-7782,lloyd.nolan@Gutmann.com,Gutmann
Myron Trantow,(802) 509-4401,aldo.hudson@Armstrong_LLC.com,Armstrong LLC
Wilburn Rohan,(730) 409-9988,randal.ernser@Carter_and_Sons.com,Carter and Sons
Mrs. Shanta Olson,(620) 094-4985,aubrey.bruen@Collier_LLC.com,Collier LLC
Lyle Hayes,302-302-5341,alfredo.nolan@Runolfsson_Inc.com,Runolfsson Inc
Bobbie Will PhD,1-915-372-5758,cornell.ruecker@Cummerata.com,Cummerata
Amberly West,1-808-630-3843,derek.harvey@Yundt-Conn.com,Yundt-Conn
Suzette Klocko Sr.,017-189-9341,boyce.bartell@Schowalter-Heaney.com,Schowalter-Heaney
Jacinto Bechtelar,598.559.1172,nickole.turner@West.com,West
Rema Breitenberg,443.765.1936,janna.luettgen@Bogisich_Group.com,Bogisich Group
Odell Wisozk,779-553-0119,leontine.lebsack@Hintz_Inc.com,Hintz Inc
Eldon Walter MD,1-770-234-8862,minh.lemke@Quitzon.com,Quitzon
Marilyn Quitzon,(240) 512-4769,virgilio.schumm@Hayes-Miller.com,Hayes-Miller
Theodore Barrows,803-401-4619,odell.rogahn@Champlin-Tremblay.com,Champlin-Tremblay
Isaiah Morissette,173.946.7236,raye.dibbert@Jaskolski.com,Jaskolski
Clement Christiansen MD,256-763-4924,jeffry.hamill@Kuhic-Romaguera.com,Kuhic-Romaguera
Jerrell Bauch V,(016) 511-7361,diego.cremin@Rolfson_Group.com,Rolfson Group
Curtis Ziemann,1-375-212-9324,abe.gleichner@Turcotte_and_Sons.com,Turcotte and Sons
Mr. Kenny Turner,372.701.3205,marilee.robel@MacGyver_Inc.com,MacGyver Inc
Sheryl Mosciski,132-604-3773,tiffanie.ondricka@Schultz_and_Sons.com,Schultz and Sons
Darryl Metz,309-795-0153,tony.greenholt@Powlowski.com,Powlowski
Shirley Johns,1-998-884-4307,luana.stark@Volkman_Inc.com,Volkman Inc
Ethelene Reichel,(665) 143-7351,alita.walsh@Schamberger-Hintz.com,Schamberger-Hintz
Zandra Marquardt Sr.,940.883.6786,wiley.quitzon@Little-Hilpert.com,Little-Hilpert
Maurice Feest,(291) 606-5650,takako.nicolas@Mohr_Group.com,Mohr Group
Lauren Daugherty,861.585.8555,wilbur.koch@Kertzmann-Russel.com,Kertzmann-Russel
Sharen Hills V,1-531-718-4160,becki.harris@Kris.com,Kris
Mac McKenzie,103-308-1271,evelia.funk@Goyette-Feeney.com,Goyette-Feeney
Cora Homenick,531.524.5522,linh.mills@Nitzsche_Group.com,Nitzsche Group
Lacy Green,1-932-535-0261,jenee.streich@Rice-Jacobson.com,Rice-Jacobson
Lucien Brekke,661-690-5744,walker.schroeder@Homenick_Group.com,Homenick Group
Carlota Ortiz,1-540-320-5824,shawn.hahn@McClure-Williamson.com,McClure-Williamson
Mrs. Dale Schowalter,(216) 963-9188,emanuel.krajcik@Ruecker-Bahringer.com,Ruecker-Bahringer
Spencer Murazik Jr.,722-534-9305,gabriela.green@Schoen_Inc.com,Schoen Inc
Reva Reichel,(775) 194-8914,hoa.dickens@Leannon_and_Sons.com,Leannon and Sons
Corey Collier,981.614.0922,elenore.lesch@Weber.com,Weber
Marlys Davis,386-127-4447,porsche.ledner@Barton_Group.com,Barton Group
Blaine Veum III,193-471-7999,jake.kulas@Stoltenberg-Feil.com,Stoltenberg-Feil
Henry Weimann,714.065.5844,nigel.dietrich@Runolfsson-Lemke.com,Runolfsson-Lemke
Mrs. Nieves Frami,050.191.2472,jeffrey.hegmann@Auer-Kuphal.com,Auer-Kuphal
Mrs. Dong Collins,992.277.9711,shanice.wolf@Bergnaum.com,Bergnaum
Christin Von,1-661-664-4932,noah.tillman@Collier.com,Collier
Kareem Kautzer,1-184-357-4812,mozell.streich@Barrows.com,Barrows
Lisabeth Turcotte,437-131-2740,timika.swaniawski@Jacobi-Kunze.com,Jacobi-Kunze
Hortense Morar,(132) 702-2955,sammy.ohara@Mueller.com,Mueller
Brett Cassin,668-109-1413,stefan.barton@Jaskolski.com,Jaskolski
Randolph Marquardt,804-552-5783,elba.rolfson@Greenholt_Group.com,Greenholt Group
Isabel Parker,(190) 861-9378,lindsay.bogan@Borer.com,Borer
Autumn Armstrong MD,(480) 161-4564,louann.hyatt@Yundt_LLC.com,Yundt LLC
Clyde Huels,1-719-112-0393,king.homenick@Bernier.com,Bernier
Yang Breitenberg,489-226-1252,tisha.west@Hauck.com,Hauck
Nerissa Shields,845-934-0792,robbie.bergstrom@Corkery_and_Sons.com,Corkery and Sons
Rosario Weimann DDS,392-223-7832,alvaro.nader@Leannon-Marvin.com,Leannon-Marvin
Ted Schultz,1-965-219-6039,jerilyn.leuschke@Wiegand-Emmerich.com,Wiegand-Emmerich
Kelley Conroy,(356) 921-8212,allegra.conn@Runolfsson-Treutel.com,Runolfsson-Treutel
Gregg Smith,465-736-4482,silvia.kuhlman@Kihn.com,Kihn
Nicolas Volkman,(165) 455-4492,seema.jacobi@Lind.com,Lind
Delbert Schaden,587.288.6634,luisa.ward@Stark_Inc.com,Stark Inc
Ivana Turcotte PhD,(798) 703-4408,enoch.farrell@Grimes-Luettgen.com,Grimes-Luettgen
Tyrone Krajcik DVM,870.009.3804,vonda.weissnat@Kozey-Wilkinson.com,Kozey-Wilkinson
Claudie Waters,(178) 699-6870,renita.krajcik@Pfannerstill.com,Pfannerstill
Irene Deckow PhD,867-905-9134,evelia.heller@Schultz_Inc.com,Schultz Inc
Elvin Lowe,(086) 693-3555,jung.becker@Klocko_Inc.com,Klocko Inc
Avery Kohler IV,176-612-1485,dominique.miller@Olson_Group.com,Olson Group
Earl Kris IV,313-325-3711,joline.harris@Brown_LLC.com,Brown LLC
Kurt Hintz,454.820.2101,aleta.ferry@Goyette-Jerde.com,Goyette-Jerde
Sydney Bernier,498-823-1648,zane.dietrich@Torphy.com,Torphy
Tomoko Stroman,372.065.8166,myriam.stroman@Nikolaus.com,Nikolaus
Gudrun Bode,838-564-8559,theda.ernser@Wolf_Inc.com,Wolf Inc
Mrs. Fredrick Bins,254.462.6793,anette.bednar@Berge-Cummerata.com,Berge-Cummerata
Ms. Grady Ebert,060.720.4587,jon.koelpin@Williamson-Bogisich.com,Williamson-Bogisich
Frankie Kreiger,013-226-9096,wilburn.goldner@Kovacek_Inc.com,Kovacek Inc
Chana Kozey,1-586-259-0797,audria.ohara@Blick_and_Sons.com,Blick and Sons
Humberto Upton,732.126.8362,halley.cole@Hamill.com,Hamill
Del Stracke,089.702.4674,quincy.nitzsche@Legros_Inc.com,Legros Inc
Chanel O'Hara,1-224-036-8569,aron.blick@Volkman_LLC.com,Volkman LLC
Jena Deckow,(029) 372-5779,hope.hintz@Nienow.com,Nienow
Diego Dooley III,(922) 001-8420,veda.wisoky@Medhurst_Group.com,Medhurst Group
Krystle D'Amore Jr.,1-855-805-0692,sherwood.huels@Quigley-Wolff.com,Quigley-Wolff
Mrs. Hannah Bednar,828-009-9140,brunilda.windler@Jones.com,Jones
Noe Marvin,450.517.2006,kimiko.rosenbaum@Rosenbaum-Stark.com,Rosenbaum-Stark
Gretchen Heller,1-792-906-2570,emerson.dicki@Ziemann_LLC.com,Ziemann LLC
Ms. Eric Tillman,(257) 565-5535,lee.leuschke@Hagenes-Mayer.com,Hagenes-Mayer
Roland Kreiger,(116) 235-8183,wes.deckow@Wunsch-Shanahan.com,Wunsch-Shanahan
Scot Mitchell,206-506-7931,joellen.yost@Fahey.com,Fahey
Walker Lebsack,(087) 826-0063,sunni.hills@Hickle_Inc.com,Hickle Inc
Liane Lemke,(742) 511-1439,jerrod.wisozk@O'Keefe-Johns.com,O'Keefe-Johns
Marylin Armstrong,(129) 072-6856,hilaria.runte@Wolf_and_Sons.com,Wolf and Sons
Hyon Waters,(990) 698-1226,bunny.konopelski@Goldner.com,Goldner
Alda Daniel,375-903-1973,natashia.ebert@Cremin_and_Sons.com,Cremin and Sons
Peggie Miller,081-994-0836,ernie.mitchell@Lehner.com,Lehner
Clifford Heaney II,(491) 281-6014,johnathon.gutkowski@Jacobs.com,Jacobs
Mr. Katina Brakus,1-122-409-7255,karyl.shields@Kunze.com,Kunze
Chad Herzog,1-934-404-6216,damien.feeney@Heidenreich_Group.com,Heidenreich Group
Kendrick Bergnaum,157-227-9684,masako.haley@Thiel_LLC.com,Thiel LLC
Tamala Dare,(119) 232-2882,winfred.schroeder@Koch-Graham.com,Koch-Graham
Willard Pfannerstill,(462) 161-4981,randolph.olson@Skiles.com,Skiles
Mr. Louvenia Windler,(221) 444-3427,angel.hirthe@Ledner.com,Ledner
Darren Osinski,1-581-117-0532,barrett.oreilly@Cummerata.com,Cummerata
Ozell Brekke,1-509-970-4087,linh.mcclure@Cremin-Hyatt.com,Cremin-Hyatt
Tanika Gorczany,736-534-8639,afton.boehm@Bernier-Graham.com,Bernier-Graham
Charlott Corwin,826.204.3456,belen.ondricka@Gaylord_Inc.com,Gaylord Inc
Ms. Madlyn Kessler,(312) 686-8589,terrell.osinski@Raynor.com,Raynor
Mr. Bernard Cremin,1-050-162-9215,kassie.lubowitz@Wisoky-Reilly.com,Wisoky-Reilly
Deloris Kemmer,1-949-564-8080,jerald.schmitt@Boehm.com,Boehm
Mara Koelpin,509.204.6700,miles.langosh@Goodwin.com,Goodwin
Sulema Kirlin,311.778.6364,tifany.murphy@Pollich_Inc.com,Pollich Inc
Valentin Abernathy,447.889.1686,jim.raynor@McKenzie-Hessel.com,McKenzie-Hessel
Lucien Daugherty,069.329.2910,art.grady@Herzog-Hoeger.com,Herzog-Hoeger
Jed Wintheiser,933.660.9365,olen.feeney@Rath_Inc.com,Rath Inc
Rebecca Huels,(542) 669-7565,abel.torp@Gerhold.com,Gerhold
Shanel Smitham,(727) 595-6964,riley.wiza@McCullough.com,McCullough
Mrs. Donita Nicolas,668-977-8954,leonida.grant@Gutkowski-Tremblay.com,Gutkowski-Tremblay
Tim Sipes I,204.670.3819,ezra.heathcote@Cronin_LLC.com,Cronin LLC
Gala Waters,(413) 184-7826,phyliss.rohan@Ankunding_LLC.com,Ankunding LLC
Parthenia Thompson,(549) 698-8446,clinton.crooks@Heathcote.com,Heathcote
Garland Ankunding,557.170.3856,marie.rath@Bednar_and_Sons.com,Bednar and Sons
Ms. Dino Mohr,270-444-6826,bruce.oconnell@Lowe.com,Lowe
Miss Donte Harris,1-306-589-7240,andrew.kihn@Gislason.com,Gislason
Mrs. Horace Strosin,1-320-963-0828,fumiko.larkin@Conroy_LLC.com,Conroy LLC
Jamie Farrell DVM,018-438-4761,kimberlie.hill@Grant-Moen.com,Grant-Moen
Georgie Pouros,(611) 584-6243,chloe.fritsch@Gleichner.com,Gleichner
Ricki Bednar,1-134-965-3846,clinton.olson@Kautzer.com,Kautzer
Florene Kautzer,370.438.6416,cruz.graham@Goyette.com,Goyette
Richard Turner,1-173-353-7062,wilber.pollich@Hamill_Inc.com,Hamill Inc
Ulysses Ratke,490-602-5401,destiny.sipes@Zboncak.com,Zboncak
Stanford Pfeffer,1-763-573-5677,jan.casper@Bauch_and_Sons.com,Bauch and Sons
Darell Dach IV,(992) 372-6601,weston.vandervort@Larson-Skiles.com,Larson-Skiles
Keith Tromp V,728.219.9706,jesse.langworth@Prohaska.com,Prohaska
Dr. Wilson Gottlieb,282.952.0293,candy.kutch@Ebert.com,Ebert
Woodrow Johns,(698) 817-4733,kirby.borer@Bins.com,Bins
Mr. Leigh Spencer,395-012-6943,melita.aufderhar@Bednar_LLC.com,Bednar LLC
Williams Greenfelder,701-187-0880,kirk.turner@Sporer.com,Sporer
Terrance Stiedemann PhD,609-178-8628,thelma.stoltenberg@Boyer_LLC.com,Boyer LLC
Quentin Mosciski,1-506-376-3772,paris.schoen@Terry_Group.com,Terry Group
Nereida Upton,1-436-680-4710,lyndsey.strosin@Ziemann.com,Ziemann
Madge Armstrong,1-356-151-4276,ariel.schoen@Turner-Carroll.com,Turner-Carroll
Mr. Violet Bogisich,842.580.8401,michael.trantow@Buckridge.com,Buckridge
Yuonne Jenkins,459-196-0414,brad.fisher@Steuber-Runolfsdottir.com,Steuber-Runolfsdottir
Cathey O'Hara,1-648-261-8915,sanford.kreiger@Keeling_LLC.com,Keeling LLC
Esperanza Veum,640-891-9887,deshawn.jast@Hagenes-Wuckert.com,Hagenes-Wuckert
Cheri Kihn Sr.,(687) 943-4228,maryetta.heidenreich@Lockman-Hettinger.com,Lockman-Hettinger
Glenn Luettgen,1-150-131-5248,marcene.heaney@Kemmer.com,Kemmer
Rudy Bergnaum,1-364-820-9000,royal.gibson@Willms.com,Willms
Robbie Homenick,1-275-037-2895,aurelio.christiansen@Schamberger.com,Schamberger
Ms. Kali Walsh,(366) 631-4041,paul.zboncak@Hansen_LLC.com,Hansen LLC
Jeremiah Nicolas III,1-578-121-8627,alfredo.dooley@Robel_Inc.com,Robel Inc
Tiara Bechtelar,430-410-9646,desire.anderson@Okuneva.com,Okuneva
Nickie Green,677.918.8549,jimmy.harber@Rice_and_Sons.com,Rice and Sons
Katy Rath,1-373-633-1238,tara.johns@Hirthe_and_Sons.com,Hirthe and Sons
Lyman Marks DDS,(092) 443-6452,lonnie.ondricka@Gleichner_Group.com,Gleichner Group
Francesca Breitenberg,015.721.1712,tyree.cruickshank@Altenwerth.com,Altenwerth
Delorse Mayer,408-551-8328,hans.lynch@Kertzmann-Abernathy.com,Kertzmann-Abernathy
Mrs. Lelah Feil,576-992-8512,darin.kuhlman@Corwin-Hoeger.com,Corwin-Hoeger
Dr. Leopoldo Morar,902.845.3461,glynda.carroll@Jacobs.com,Jacobs
Chin Abernathy II,(568) 666-7759,mohammed.turner@Johnson-Bernhard.com,Johnson-Bernhard
Apryl Kuvalis,1-891-140-9995,rosalie.volkman@Williamson.com,Williamson
Sonny Marks IV,(586) 463-2996,nolan.oconnell@Schultz.com,Schultz
Benny Deckow,(861) 859-3071,zane.haag@Harber_LLC.com,Harber LLC
Thaddeus Hartmann,(561) 262-3433,judson.strosin@Spencer_Inc.com,Spencer Inc
Aurea Schuppe,(855) 122-4616,zandra.hoppe@Konopelski_and_Sons.com,Konopelski and Sons
Ms. Jenni Hodkiewicz,697-019-8327,jenifer.ankunding@Reinger_LLC.com,Reinger LLC
Emile Keeling,076.296.2454,agustin.lemke@Johnston_and_Sons.com,Johnston and Sons
Mandi Ziemann,1-756-380-6531,libbie.kunze@Emmerich-Rogahn.com,Emmerich-Rogahn
Madlyn Abshire Jr.,(333) 638-4340,leon.mante@Kiehn.com,Kiehn
Miguel Roberts,206.193.9913,willene.vonrueden@Dach.com,Dach
Mrs. Cora Larkin,213-123-5835,wilburn.hirthe@VonRueden-Beatty.com,VonRueden-Beatty
Minna Wyman DVM,(379) 636-9950,kayce.hackett@Mayert.com,Mayert
Fidelia Schmidt V,(023) 056-1217,huey.kuvalis@Crooks.com,Crooks
Jerold Crist,1-907-043-1982,mariano.kulas@Connelly_and_Sons.com,Connelly and Sons
Edmundo Parker,(706) 040-3042,hildegard.thiel@Bruen-Gerhold.com,Bruen-Gerhold
Truman McCullough,(921) 622-4868,maxwell.skiles@Thompson-Jenkins.com,Thompson-Jenkins
Lindsay Kovacek,(645) 509-4054,paul.senger@Predovic_Inc.com,Predovic Inc
Kimber Kilback,417.727.0451,mireille.larkin@Stoltenberg-Lind.com,Stoltenberg-Lind
Fallon Rosenbaum II,208-394-2837,omer.green@Dibbert.com,Dibbert
Reid Robel DDS,923-920-6074,esta.kovacek@Shields.com,Shields
Stevie Mills,(655) 707-6861,woodrow.wisoky@West.com,West
Anibal McLaughlin,1-830-913-7233,buster.bode@O'Kon-Wintheiser.com,O'Kon-Wintheiser
Reid Macejkovic,(081) 338-4321,lindsay.hayes@Dickens.com,Dickens
Valeria Huel,398-576-6750,antony.rogahn@Bogan.com,Bogan
Dayle Carroll,942-891-9057,daniella.waelchi@Schultz_Inc.com,Schultz Inc
Ms. Tresa Hamill,(645) 453-6215,vince.boyle@Kuvalis.com,Kuvalis
Mazie Klein,849-259-9604,candie.bartoletti@Tromp-Nienow.com,Tromp-Nienow
Mercedes Koelpin DVM,142.553.7317,ivory.wisozk@Wilderman_LLC.com,Wilderman LLC
Florence Adams,659-012-5244,daisey.kshlerin@Hand.com,Hand
Jerri Schiller,1-404-711-9367,michel.heller@Reilly_LLC.com,Reilly LLC
Mrs. Yee Wilkinson,1-464-220-0695,raquel.king@Walsh_LLC.com,Walsh LLC
Torri Prosacco,1-733-861-8493,precious.lindgren@Collins_Group.com,Collins Group
Cleveland Terry Sr.,226.675.2905,meghann.goodwin@Parisian-Macejkovic.com,Parisian-Macejkovic
Ms. Wesley O'Hara,169.603.2341,beau.gulgowski@Swift.com,Swift
Boyd Kunde,1-506-781-6976,hailey.torphy@Reinger.com,Reinger
Miss Barton Torp,(878) 192-7254,jody.crooks@Wintheiser-Rohan.com,Wintheiser-Rohan
Erich West,221-759-6445,jackie.boyer@Will_Inc.com,Will Inc
Miguel Corkery,214.570.7979,tamatha.grimes@Bashirian_and_Sons.com,Bashirian and Sons
Iona Cormier,551-369-5826,kristine.lind@Kassulke_Group.com,Kassulke Group
Joe Glover III,484.378.4537,son.stanton@Klein_LLC.com,Klein LLC
Kent Dietrich IV,1-262-415-2665,thomasine.rogahn@Robel_and_Sons.com,Robel and Sons
Charley Ortiz,1-839-944-5062,emmitt.bruen@Schulist_Inc.com,Schulist Inc
Dr. Benito Kassulke,(794) 438-5316,valentina.bode@Murphy-Barton.com,Murphy-Barton
Blair Jacobs Jr.,(018) 130-5231,kristine.heaney@Runolfsson-Murazik.com,Runolfsson-Murazik
Leopoldo Deckow,(258) 855-7890,iluminada.bauch@Wintheiser-Mann.com,Wintheiser-Mann
Sheron Mueller,(345) 218-6839,amelia.bogan@Wiegand_Group.com,Wiegand Group
Jacob Brakus,1-985-229-5912,oliva.quitzon@Fay.com,Fay
Tashia Wiegand,(226) 453-2601,fermina.considine@Ratke_LLC.com,Ratke LLC
Shanel Nikolaus,1-996-562-2318,estela.hudson@Muller.com,Muller
Wilbur Collier,1-256-826-0079,dave.hackett@Cassin_and_Sons.com,Cassin and Sons
Krista Haag V,775-275-0388,teresita.corwin@Shields.com,Shields
Tracy Altenwerth,615-126-5767,gudrun.rogahn@Walsh_Inc.com,Walsh Inc
Cameron Nader,1-626-776-5206,garret.hickle@Kessler.com,Kessler
Lesley Windler,1-926-870-3811,letitia.franecki@Maggio_Group.com,Maggio Group
Brian Kiehn,(160) 742-7608,lourie.denesik@Hills_Inc.com,Hills Inc
Gilbert Bednar,1-378-765-2454,alonso.hoppe@Stark_Inc.com,Stark Inc
Dr. Layne Jones,008.748.1963,howard.wiegand@Kub.com,Kub
Viviana Dach,941-878-3139,debi.wilkinson@Legros.com,Legros
Ms. Suzanne Baumbach,559.251.8568,garfield.grant@Will_Group.com,Will Group
Rubi Ernser,516-889-9504,ann.jacobs@Greenfelder_and_Sons.com,Greenfelder and Sons
Kirsten Kulas,889.635.7738,thanh.emmerich@Gibson.com,Gibson
Luanne Pfeffer,1-022-493-0299,pasquale.hirthe@Doyle-Upton.com,Doyle-Upton
King Crona,399.684.6135,ramon.hartmann@Olson_Inc.com,Olson Inc
Lester Yost,(318) 606-9519,in.hickle@Mosciski.com,Mosciski
Georgie Ledner DDS,1-228-792-5184,adan.hermann@Buckridge-Johnston.com,Buckridge-Johnston
Deandre Kuvalis,519-892-9896,elease.runte@Zulauf-Stroman.com,Zulauf-Stroman
Lanny Herman,(378) 765-7171,orlando.bayer@Brakus.com,Brakus
Cicely Toy,164-555-2454,mikel.glover@Hudson-Stokes.com,Hudson-Stokes
Rudy Prosacco,285.104.0320,gerald.quigley@Klocko.com,Klocko
Carol Gutmann DDS,1-923-806-7006,tisa.haag@Cronin.com,Cronin
Lucia Gutmann II,(031) 571-8060,dimple.toy@Fisher_Inc.com,Fisher Inc
Tracy Doyle,251.456.4295,quinn.metz@Rowe-Kunze.com,Rowe-Kunze
Ingrid Klocko,1-821-746-9374,geoffrey.bruen@Quigley.com,Quigley
Andre Altenwerth,(105) 255-3154,dede.johns@Schneider-Howell.com,Schneider-Howell
Lester Nicolas,1-585-278-7230,cody.ankunding@Crist-Batz.com,Crist-Batz
Kasie Heller DDS,394-554-6404,jeraldine.bergnaum@McClure.com,McClure
Ozie Hammes,1-380-198-4172,scotty.trantow@Schultz_Group.com,Schultz Group
Stacey MacGyver,(071) 265-3258,mathew.okon@Wiza_and_Sons.com,Wiza and Sons
Brendan Feeney,(024) 550-6692,ada.hane@Bednar_and_Sons.com,Bednar and Sons
Ned Welch Jr.,207.678.0836,delbert.wyman@Kuvalis-Lebsack.com,Kuvalis-Lebsack
Marcelo Nicolas,230-752-5039,isabelle.lowe@Terry.com,Terry
Dovie Wehner,1-424-880-6833,elidia.ebert@Mayert_Inc.com,Mayert Inc
Silas Johns,1-341-385-2567,margaretta.roob@Hickle-Adams.com,Hickle-Adams
Daniel Parker,(110) 848-7326,buster.sawayn@Yost_Group.com,Yost Group
Dr. Robert Friesen,(938) 782-4629,shannon.lemke@Roob-Haley.com,Roob-Haley
Drucilla Kuphal,(359) 409-9274,amparo.streich@Bradtke_LLC.com,Bradtke LLC
Alfonso Boyer,1-213-882-2301,marc.runte@Collins_Inc.com,Collins Inc
Emily Kovacek,059.204.8473,rogelio.maggio@Sauer_Inc.com,Sauer Inc
Josie Harvey,635-939-1123,tommie.cummings@Hoppe.com,Hoppe
